12:18:44.910 DB size: 2269 KB
12:18:45.704 {
  "appVersion": "0.63.7",
  "dbVersion": 228,
  "nodeVersion": "v18.15.0",
  "syncVersion": 32,
  "buildDate": "2024-05-30T06:59:06+02:00",
  "buildRevision": "95d46b7ce7e0036eeb72b43e1815cc5c00dc214c",
  "dataDirectory": "/home/diener/.local/share/trilium-data",
  "clipperProtocolVersion": "1.0",
  "utcDateTime": "2026-08-18T17:18:44.907Z"
}
12:18:45.705 CPU model: AMD Ryzen 5 5500, logical cores: 12 freq: 3391 Mhz
12:18:45.705 Trusted reverse proxy: false
12:18:45.706 App HTTP server starting up at port 37840
12:18:45.710 Listening on port 37840
12:18:45.720 Becca (note cache) load took 10ms
12:18:46.130 Registered global shortcut Ctrl+Alt+P for action createNoteIntoInbox
12:18:46.180 Generated CSRF token 6kcvvMOu-OukvkymyNPXzafIpiWTnkE5ZfNU with secret _csrf=KJ-e7QMWnWChxQ42oIKRAUWT; Path=/
12:18:46.406 200 GET /api/options with 6750 bytes took 1ms
12:18:46.407 200 GET /api/tree with 6394 bytes took 1ms
12:18:46.409 200 GET /api/keyboard-actions with 14263 bytes took 1ms
12:18:46.410 200 GET /api/script/widgets with 2687 bytes took 1ms
12:18:46.412 200 POST /api/tree/load with 4751 bytes took 0ms
12:18:46.460 200 GET /api/keyboard-shortcuts-for-notes with 2 bytes took 1ms
12:18:46.490 200 POST /api/tree/load with 5897 bytes took 1ms
12:18:46.507 200 POST /api/tree/load with 18839 bytes took 1ms
12:18:46.901 200 GET /api/notes/Yu8QnABxIjTK/blob with 268 bytes took 1ms
12:18:46.902 200 GET /api/note-map/Yu8QnABxIjTK/backlink-count with 11 bytes took 0ms
12:18:48.460 200 GET /api/script/startup with 2 bytes took 1ms
12:18:49.724 Table counts: notes: 386, revisions: 1, attachments: 16, branches: 416, attributes: 564, etapi_tokens: 0, blobs: 129
12:18:49.742 All consistency checks passed with no errors detected (took 21ms)
12:18:51.327 200 GET /api/search-templates with 16 bytes took 1ms
12:18:51.328 200 POST /api/tree/load with 5650 bytes took 0ms
12:18:51.329 200 GET /api/search-templates with 16 bytes took 0ms
12:18:55.410 200 GET /api/notes/Yu8QnABxIjTK/blob with 268 bytes took 0ms
12:18:58.984 200 GET /api/search-templates with 16 bytes took 1ms
12:18:58.986 200 GET /api/search-templates with 16 bytes took 0ms
12:19:15.730 200 GET /api/notes/Yu8QnABxIjTK/blob with 268 bytes took 1ms
12:19:19.050 200 GET /api/notes/cTf99oLEiSZl/blob with 380 bytes took 0ms
12:19:19.051 200 GET /api/note-map/cTf99oLEiSZl/backlink-count with 11 bytes took 0ms
12:19:19.054 204 PUT /api/options with 0 bytes took 2ms
12:19:21.394 200 GET /api/notes/cTf99oLEiSZl/blob with 380 bytes took 0ms
12:19:21.395 200 GET /api/note-map/cTf99oLEiSZl/backlink-count with 11 bytes took 0ms
12:19:21.397 204 PUT /api/options with 0 bytes took 1ms
12:19:22.773 200 GET /api/notes/Yu8QnABxIjTK/blob with 268 bytes took 1ms
12:19:22.773 200 GET /api/note-map/Yu8QnABxIjTK/backlink-count with 11 bytes took 0ms
12:19:22.776 204 PUT /api/options with 0 bytes took 1ms
12:19:24.654 Created new note 'nhSEdL7w35Li', branch 'Yu8QnABxIjTK_nhSEdL7w35Li' of type 'text', mime 'text/html'
12:19:24.655 200 POST /api/notes/Yu8QnABxIjTK/children?target=into&targetBranchId= with 554 bytes took 6ms
12:19:24.657 200 POST /api/tree/load with 1471 bytes took 0ms
12:19:24.669 200 GET /api/notes/nhSEdL7w35Li/blob with 155 bytes took 1ms
12:19:24.669 200 GET /api/note-map/nhSEdL7w35Li/backlink-count with 11 bytes took 0ms
12:19:24.671 204 PUT /api/branches/root_Yu8QnABxIjTK/expanded/1 with 0 bytes took 1ms
12:19:24.676 204 PUT /api/options with 0 bytes took 3ms
12:19:28.128 200 PUT /api/notes/nhSEdL7w35Li/title with 320 bytes took 2ms
12:19:28.130 200 GET /api/notes/nhSEdL7w35Li/blob with 155 bytes took 0ms
12:19:29.131 200 PUT /api/notes/nhSEdL7w35Li/title with 323 bytes took 2ms
12:19:29.133 200 GET /api/notes/nhSEdL7w35Li/blob with 155 bytes took 0ms
12:19:30.133 200 PUT /api/notes/nhSEdL7w35Li/title with 327 bytes took 2ms
12:19:31.138 200 PUT /api/notes/nhSEdL7w35Li/title with 332 bytes took 3ms
12:19:31.140 200 GET /api/notes/nhSEdL7w35Li/blob with 155 bytes took 0ms
12:19:32.142 200 PUT /api/notes/nhSEdL7w35Li/title with 335 bytes took 3ms
12:19:33.142 200 PUT /api/notes/nhSEdL7w35Li/title with 340 bytes took 2ms
12:19:33.144 200 GET /api/notes/nhSEdL7w35Li/blob with 155 bytes took 0ms
12:19:33.882 200 PUT /api/notes/nhSEdL7w35Li/title with 341 bytes took 2ms
12:19:35.810 204 PUT /api/notes/nhSEdL7w35Li/data with 0 bytes took 4ms
12:19:35.812 200 GET /api/notes/nhSEdL7w35Li/blob with 163 bytes took 0ms
12:19:36.813 204 PUT /api/notes/nhSEdL7w35Li/data with 0 bytes took 4ms
12:19:36.816 200 GET /api/notes/nhSEdL7w35Li/blob with 169 bytes took 0ms
12:19:37.816 204 PUT /api/notes/nhSEdL7w35Li/data with 0 bytes took 3ms
12:19:37.818 200 GET /api/notes/nhSEdL7w35Li/blob with 175 bytes took 0ms
12:19:38.820 204 PUT /api/notes/nhSEdL7w35Li/data with 0 bytes took 4ms
12:19:38.822 200 GET /api/notes/nhSEdL7w35Li/blob with 186 bytes took 0ms
12:19:39.822 204 PUT /api/notes/nhSEdL7w35Li/data with 0 bytes took 4ms
12:19:39.824 200 GET /api/notes/nhSEdL7w35Li/blob with 185 bytes took 0ms
12:19:40.827 204 PUT /api/notes/nhSEdL7w35Li/data with 0 bytes took 4ms
12:19:40.829 200 GET /api/notes/nhSEdL7w35Li/blob with 193 bytes took 0ms
12:19:41.829 204 PUT /api/notes/nhSEdL7w35Li/data with 0 bytes took 3ms
12:19:41.831 200 GET /api/notes/nhSEdL7w35Li/blob with 200 bytes took 0ms
12:19:42.834 204 PUT /api/notes/nhSEdL7w35Li/data with 0 bytes took 3ms
12:19:42.836 200 GET /api/notes/nhSEdL7w35Li/blob with 197 bytes took 0ms
12:19:43.841 204 PUT /api/notes/nhSEdL7w35Li/data with 0 bytes took 3ms
12:19:43.844 200 GET /api/notes/nhSEdL7w35Li/blob with 204 bytes took 1ms
12:19:44.847 204 PUT /api/notes/nhSEdL7w35Li/data with 0 bytes took 4ms
12:19:44.849 200 GET /api/notes/nhSEdL7w35Li/blob with 205 bytes took 0ms
12:19:45.854 204 PUT /api/notes/nhSEdL7w35Li/data with 0 bytes took 7ms
12:19:45.856 200 GET /api/notes/nhSEdL7w35Li/blob with 213 bytes took 0ms
12:19:46.853 204 PUT /api/notes/nhSEdL7w35Li/data with 0 bytes took 4ms
12:19:46.855 200 GET /api/notes/nhSEdL7w35Li/blob with 216 bytes took 0ms
12:19:47.858 204 PUT /api/notes/nhSEdL7w35Li/data with 0 bytes took 4ms
12:19:47.860 200 GET /api/notes/nhSEdL7w35Li/blob with 229 bytes took 1ms
12:19:48.863 204 PUT /api/notes/nhSEdL7w35Li/data with 0 bytes took 3ms
12:19:48.865 200 GET /api/notes/nhSEdL7w35Li/blob with 231 bytes took 1ms
12:19:49.867 204 PUT /api/notes/nhSEdL7w35Li/data with 0 bytes took 3ms
12:19:49.869 200 GET /api/notes/nhSEdL7w35Li/blob with 229 bytes took 0ms
12:19:50.870 204 PUT /api/notes/nhSEdL7w35Li/data with 0 bytes took 4ms
12:19:50.872 200 GET /api/notes/nhSEdL7w35Li/blob with 229 bytes took 0ms
12:19:51.871 204 PUT /api/notes/nhSEdL7w35Li/data with 0 bytes took 3ms
12:19:51.873 200 GET /api/notes/nhSEdL7w35Li/blob with 227 bytes took 0ms
12:19:52.873 204 PUT /api/notes/nhSEdL7w35Li/data with 0 bytes took 3ms
12:19:52.877 200 GET /api/notes/nhSEdL7w35Li/blob with 229 bytes took 2ms
12:19:53.874 204 PUT /api/notes/nhSEdL7w35Li/data with 0 bytes took 3ms
12:19:53.876 200 GET /api/notes/nhSEdL7w35Li/blob with 237 bytes took 0ms
12:27:13.571 204 PUT /api/notes/nhSEdL7w35Li/data with 0 bytes took 6ms
12:27:13.575 200 GET /api/notes/nhSEdL7w35Li/blob with 250 bytes took 0ms
12:27:14.575 204 PUT /api/notes/nhSEdL7w35Li/data with 0 bytes took 9ms
12:27:14.577 200 GET /api/notes/nhSEdL7w35Li/blob with 262 bytes took 0ms
12:27:15.575 204 PUT /api/notes/nhSEdL7w35Li/data with 0 bytes took 4ms
12:27:15.578 200 GET /api/notes/nhSEdL7w35Li/blob with 266 bytes took 1ms
12:27:16.579 204 PUT /api/notes/nhSEdL7w35Li/data with 0 bytes took 4ms
12:27:16.581 200 GET /api/notes/nhSEdL7w35Li/blob with 275 bytes took 0ms
12:27:17.580 204 PUT /api/notes/nhSEdL7w35Li/data with 0 bytes took 3ms
12:27:17.582 200 GET /api/notes/nhSEdL7w35Li/blob with 272 bytes took 0ms
12:27:18.583 204 PUT /api/notes/nhSEdL7w35Li/data with 0 bytes took 3ms
12:27:18.585 200 GET /api/notes/nhSEdL7w35Li/blob with 279 bytes took 0ms
12:30:31.859 204 PUT /api/notes/nhSEdL7w35Li/data with 0 bytes took 7ms
12:30:31.865 200 GET /api/notes/nhSEdL7w35Li/blob with 292 bytes took 2ms
12:30:32.858 204 PUT /api/notes/nhSEdL7w35Li/data with 0 bytes took 3ms
12:30:32.860 200 GET /api/notes/nhSEdL7w35Li/blob with 303 bytes took 0ms
12:30:33.860 204 PUT /api/notes/nhSEdL7w35Li/data with 0 bytes took 1ms
12:30:33.862 200 GET /api/notes/nhSEdL7w35Li/blob with 308 bytes took 0ms
12:30:34.862 204 PUT /api/notes/nhSEdL7w35Li/data with 0 bytes took 1ms
12:30:34.865 200 GET /api/notes/nhSEdL7w35Li/blob with 306 bytes took 0ms
12:30:35.864 204 PUT /api/notes/nhSEdL7w35Li/data with 0 bytes took 1ms
12:30:35.866 200 GET /api/notes/nhSEdL7w35Li/blob with 313 bytes took 0ms
12:30:36.866 204 PUT /api/notes/nhSEdL7w35Li/data with 0 bytes took 1ms
12:30:36.868 200 GET /api/notes/nhSEdL7w35Li/blob with 318 bytes took 0ms
12:30:37.872 204 PUT /api/notes/nhSEdL7w35Li/data with 0 bytes took 2ms
12:30:37.874 200 GET /api/notes/nhSEdL7w35Li/blob with 325 bytes took 1ms
12:30:38.875 204 PUT /api/notes/nhSEdL7w35Li/data with 0 bytes took 1ms
12:30:38.877 200 GET /api/notes/nhSEdL7w35Li/blob with 331 bytes took 0ms
12:30:39.881 204 PUT /api/notes/nhSEdL7w35Li/data with 0 bytes took 2ms
12:30:39.883 200 GET /api/notes/nhSEdL7w35Li/blob with 335 bytes took 0ms
12:30:40.885 204 PUT /api/notes/nhSEdL7w35Li/data with 0 bytes took 2ms
12:30:40.887 200 GET /api/notes/nhSEdL7w35Li/blob with 341 bytes took 0ms
12:30:47.024 204 PUT /api/notes/nhSEdL7w35Li/data with 0 bytes took 1ms
12:30:47.028 200 GET /api/notes/nhSEdL7w35Li/blob with 337 bytes took 0ms
12:30:48.029 204 PUT /api/notes/nhSEdL7w35Li/data with 0 bytes took 2ms
12:30:48.032 200 GET /api/notes/nhSEdL7w35Li/blob with 341 bytes took 1ms
12:30:49.033 204 PUT /api/notes/nhSEdL7w35Li/data with 0 bytes took 1ms
12:30:49.035 200 GET /api/notes/nhSEdL7w35Li/blob with 349 bytes took 0ms
12:30:50.038 204 PUT /api/notes/nhSEdL7w35Li/data with 0 bytes took 1ms
12:30:50.040 200 GET /api/notes/nhSEdL7w35Li/blob with 344 bytes took 0ms
12:30:51.042 204 PUT /api/notes/nhSEdL7w35Li/data with 0 bytes took 1ms
12:30:51.044 200 GET /api/notes/nhSEdL7w35Li/blob with 351 bytes took 0ms
12:30:52.047 204 PUT /api/notes/nhSEdL7w35Li/data with 0 bytes took 1ms
12:30:52.050 200 GET /api/notes/nhSEdL7w35Li/blob with 350 bytes took 1ms
12:30:53.049 204 PUT /api/notes/nhSEdL7w35Li/data with 0 bytes took 1ms
12:30:53.051 200 GET /api/notes/nhSEdL7w35Li/blob with 357 bytes took 0ms
12:30:54.051 204 PUT /api/notes/nhSEdL7w35Li/data with 0 bytes took 2ms
12:30:54.053 200 GET /api/notes/nhSEdL7w35Li/blob with 367 bytes took 0ms
12:30:55.053 204 PUT /api/notes/nhSEdL7w35Li/data with 0 bytes took 1ms
12:30:55.058 200 GET /api/notes/nhSEdL7w35Li/blob with 366 bytes took 0ms
12:30:56.058 204 PUT /api/notes/nhSEdL7w35Li/data with 0 bytes took 1ms
12:30:56.060 200 GET /api/notes/nhSEdL7w35Li/blob with 374 bytes took 0ms
12:30:57.061 204 PUT /api/notes/nhSEdL7w35Li/data with 0 bytes took 3ms
12:30:57.062 200 GET /api/notes/nhSEdL7w35Li/blob with 380 bytes took 0ms
12:31:06.779 204 PUT /api/notes/nhSEdL7w35Li/data with 0 bytes took 1ms
12:31:06.784 200 GET /api/notes/nhSEdL7w35Li/blob with 376 bytes took 0ms
12:31:07.781 204 PUT /api/notes/nhSEdL7w35Li/data with 0 bytes took 2ms
12:31:07.784 200 GET /api/notes/nhSEdL7w35Li/blob with 381 bytes took 1ms
12:31:08.785 204 PUT /api/notes/nhSEdL7w35Li/data with 0 bytes took 1ms
12:31:08.787 200 GET /api/notes/nhSEdL7w35Li/blob with 387 bytes took 0ms
12:31:09.788 204 PUT /api/notes/nhSEdL7w35Li/data with 0 bytes took 2ms
12:31:09.790 200 GET /api/notes/nhSEdL7w35Li/blob with 394 bytes took 1ms
12:31:10.791 204 PUT /api/notes/nhSEdL7w35Li/data with 0 bytes took 1ms
12:31:10.793 200 GET /api/notes/nhSEdL7w35Li/blob with 401 bytes took 0ms
12:31:11.794 204 PUT /api/notes/nhSEdL7w35Li/data with 0 bytes took 1ms
12:31:11.797 200 GET /api/notes/nhSEdL7w35Li/blob with 407 bytes took 1ms
12:31:12.798 204 PUT /api/notes/nhSEdL7w35Li/data with 0 bytes took 1ms
12:31:12.800 200 GET /api/notes/nhSEdL7w35Li/blob with 411 bytes took 0ms
12:31:13.800 204 PUT /api/notes/nhSEdL7w35Li/data with 0 bytes took 1ms
12:31:13.802 200 GET /api/notes/nhSEdL7w35Li/blob with 416 bytes took 0ms
12:31:14.801 204 PUT /api/notes/nhSEdL7w35Li/data with 0 bytes took 1ms
12:31:14.803 200 GET /api/notes/nhSEdL7w35Li/blob with 419 bytes took 0ms
12:31:15.804 204 PUT /api/notes/nhSEdL7w35Li/data with 0 bytes took 2ms
12:31:15.805 200 GET /api/notes/nhSEdL7w35Li/blob with 426 bytes took 0ms
12:31:16.808 204 PUT /api/notes/nhSEdL7w35Li/data with 0 bytes took 1ms
12:31:16.810 200 GET /api/notes/nhSEdL7w35Li/blob with 432 bytes took 0ms
12:31:17.812 204 PUT /api/notes/nhSEdL7w35Li/data with 0 bytes took 1ms
12:31:17.814 200 GET /api/notes/nhSEdL7w35Li/blob with 434 bytes took 0ms
12:31:18.813 204 PUT /api/notes/nhSEdL7w35Li/data with 0 bytes took 1ms
12:31:18.816 200 GET /api/notes/nhSEdL7w35Li/blob with 439 bytes took 0ms
12:31:19.816 204 PUT /api/notes/nhSEdL7w35Li/data with 0 bytes took 2ms
12:31:19.818 200 GET /api/notes/nhSEdL7w35Li/blob with 443 bytes took 0ms
12:31:20.817 204 PUT /api/notes/nhSEdL7w35Li/data with 0 bytes took 1ms
12:31:20.820 200 GET /api/notes/nhSEdL7w35Li/blob with 450 bytes took 0ms
12:31:21.822 204 PUT /api/notes/nhSEdL7w35Li/data with 0 bytes took 1ms
12:31:21.824 200 GET /api/notes/nhSEdL7w35Li/blob with 456 bytes took 0ms
12:31:22.826 204 PUT /api/notes/nhSEdL7w35Li/data with 0 bytes took 2ms
12:31:22.827 200 GET /api/notes/nhSEdL7w35Li/blob with 463 bytes took 0ms
12:31:23.831 204 PUT /api/notes/nhSEdL7w35Li/data with 0 bytes took 1ms
12:31:23.833 200 GET /api/notes/nhSEdL7w35Li/blob with 466 bytes took 0ms
12:31:33.065 204 PUT /api/notes/nhSEdL7w35Li/data with 0 bytes took 1ms
12:31:33.070 200 GET /api/notes/nhSEdL7w35Li/blob with 467 bytes took 1ms
12:31:34.067 204 PUT /api/notes/nhSEdL7w35Li/data with 0 bytes took 1ms
12:31:34.069 200 GET /api/notes/nhSEdL7w35Li/blob with 469 bytes took 0ms
12:42:33.332 200 PUT /api/notes/nhSEdL7w35Li/title with 342 bytes took 2ms
12:42:33.334 200 GET /api/notes/nhSEdL7w35Li/blob with 469 bytes took 1ms
12:42:34.965 200 PUT /api/notes/nhSEdL7w35Li/title with 343 bytes took 1ms
12:42:34.967 200 GET /api/notes/nhSEdL7w35Li/blob with 469 bytes took 0ms
12:42:35.970 200 PUT /api/notes/nhSEdL7w35Li/title with 345 bytes took 1ms
12:42:35.972 200 GET /api/notes/nhSEdL7w35Li/blob with 469 bytes took 0ms
12:42:36.973 200 PUT /api/notes/nhSEdL7w35Li/title with 347 bytes took 1ms
12:42:38.953 200 PUT /api/notes/nhSEdL7w35Li/title with 346 bytes took 1ms
12:42:38.955 200 GET /api/notes/nhSEdL7w35Li/blob with 469 bytes took 0ms
12:42:39.957 200 PUT /api/notes/nhSEdL7w35Li/title with 347 bytes took 1ms
12:42:39.959 200 GET /api/notes/nhSEdL7w35Li/blob with 469 bytes took 0ms
12:42:49.424 204 PUT /api/notes/nhSEdL7w35Li/data with 0 bytes took 6ms
12:42:49.428 200 GET /api/notes/nhSEdL7w35Li/blob with 465 bytes took 0ms
12:42:50.428 204 PUT /api/notes/nhSEdL7w35Li/data with 0 bytes took 5ms
12:42:50.430 200 GET /api/notes/nhSEdL7w35Li/blob with 469 bytes took 0ms
12:42:51.428 204 PUT /api/notes/nhSEdL7w35Li/data with 0 bytes took 1ms
12:42:51.430 200 GET /api/notes/nhSEdL7w35Li/blob with 473 bytes took 0ms
12:42:52.430 204 PUT /api/notes/nhSEdL7w35Li/data with 0 bytes took 2ms
12:42:52.432 200 GET /api/notes/nhSEdL7w35Li/blob with 484 bytes took 0ms
12:42:53.435 204 PUT /api/notes/nhSEdL7w35Li/data with 0 bytes took 2ms
12:42:53.437 200 GET /api/notes/nhSEdL7w35Li/blob with 485 bytes took 0ms
12:42:54.438 204 PUT /api/notes/nhSEdL7w35Li/data with 0 bytes took 2ms
12:42:54.440 200 GET /api/notes/nhSEdL7w35Li/blob with 488 bytes took 0ms
12:42:55.442 204 PUT /api/notes/nhSEdL7w35Li/data with 0 bytes took 2ms
12:42:55.445 200 GET /api/notes/nhSEdL7w35Li/blob with 491 bytes took 0ms
12:42:56.444 204 PUT /api/notes/nhSEdL7w35Li/data with 0 bytes took 1ms
12:42:56.447 200 GET /api/notes/nhSEdL7w35Li/blob with 494 bytes took 1ms
12:42:57.449 204 PUT /api/notes/nhSEdL7w35Li/data with 0 bytes took 2ms
12:42:57.451 200 GET /api/notes/nhSEdL7w35Li/blob with 494 bytes took 0ms
12:42:58.450 204 PUT /api/notes/nhSEdL7w35Li/data with 0 bytes took 2ms
12:42:58.452 200 GET /api/notes/nhSEdL7w35Li/blob with 500 bytes took 0ms
12:42:59.452 204 PUT /api/notes/nhSEdL7w35Li/data with 0 bytes took 1ms
12:42:59.454 200 GET /api/notes/nhSEdL7w35Li/blob with 506 bytes took 0ms
12:43:00.457 204 PUT /api/notes/nhSEdL7w35Li/data with 0 bytes took 2ms
12:43:00.460 200 GET /api/notes/nhSEdL7w35Li/blob with 512 bytes took 1ms
12:43:01.460 204 PUT /api/notes/nhSEdL7w35Li/data with 0 bytes took 1ms
12:43:01.462 200 GET /api/notes/nhSEdL7w35Li/blob with 519 bytes took 0ms
12:43:02.464 204 PUT /api/notes/nhSEdL7w35Li/data with 0 bytes took 2ms
12:43:02.466 200 GET /api/notes/nhSEdL7w35Li/blob with 524 bytes took 0ms
12:43:06.523 204 PUT /api/notes/nhSEdL7w35Li/data with 0 bytes took 2ms
12:43:06.527 200 GET /api/notes/nhSEdL7w35Li/blob with 520 bytes took 0ms
12:43:07.526 204 PUT /api/notes/nhSEdL7w35Li/data with 0 bytes took 1ms
12:43:07.529 200 GET /api/notes/nhSEdL7w35Li/blob with 528 bytes took 1ms
12:43:11.689 204 PUT /api/notes/nhSEdL7w35Li/data with 0 bytes took 2ms
12:43:11.694 200 GET /api/notes/nhSEdL7w35Li/blob with 522 bytes took 0ms
12:43:12.691 204 PUT /api/notes/nhSEdL7w35Li/data with 0 bytes took 2ms
12:43:12.693 200 GET /api/notes/nhSEdL7w35Li/blob with 524 bytes took 0ms
12:43:13.695 204 PUT /api/notes/nhSEdL7w35Li/data with 0 bytes took 2ms
12:43:13.697 200 GET /api/notes/nhSEdL7w35Li/blob with 524 bytes took 0ms
12:43:14.696 204 PUT /api/notes/nhSEdL7w35Li/data with 0 bytes took 1ms
12:43:14.699 200 GET /api/notes/nhSEdL7w35Li/blob with 525 bytes took 0ms
12:43:16.792 204 PUT /api/notes/nhSEdL7w35Li/data with 0 bytes took 2ms
12:43:16.795 200 GET /api/notes/nhSEdL7w35Li/blob with 526 bytes took 1ms
12:43:17.795 204 PUT /api/notes/nhSEdL7w35Li/data with 0 bytes took 2ms
12:43:17.797 200 GET /api/notes/nhSEdL7w35Li/blob with 529 bytes took 0ms
12:43:18.798 204 PUT /api/notes/nhSEdL7w35Li/data with 0 bytes took 1ms
12:43:18.801 200 GET /api/notes/nhSEdL7w35Li/blob with 540 bytes took 0ms
12:43:19.802 204 PUT /api/notes/nhSEdL7w35Li/data with 0 bytes took 1ms
12:43:19.804 200 GET /api/notes/nhSEdL7w35Li/blob with 540 bytes took 0ms
12:43:20.806 204 PUT /api/notes/nhSEdL7w35Li/data with 0 bytes took 1ms
12:43:20.808 200 GET /api/notes/nhSEdL7w35Li/blob with 544 bytes took 0ms
12:43:21.811 204 PUT /api/notes/nhSEdL7w35Li/data with 0 bytes took 2ms
12:43:21.813 200 GET /api/notes/nhSEdL7w35Li/blob with 551 bytes took 0ms
12:43:22.816 204 PUT /api/notes/nhSEdL7w35Li/data with 0 bytes took 1ms
12:43:22.818 200 GET /api/notes/nhSEdL7w35Li/blob with 562 bytes took 0ms
12:43:23.818 204 PUT /api/notes/nhSEdL7w35Li/data with 0 bytes took 1ms
12:43:23.821 200 GET /api/notes/nhSEdL7w35Li/blob with 560 bytes took 1ms
12:43:24.820 204 PUT /api/notes/nhSEdL7w35Li/data with 0 bytes took 1ms
12:43:24.822 200 GET /api/notes/nhSEdL7w35Li/blob with 566 bytes took 0ms
12:43:25.825 204 PUT /api/notes/nhSEdL7w35Li/data with 0 bytes took 1ms
12:43:25.827 200 GET /api/notes/nhSEdL7w35Li/blob with 572 bytes took 0ms
12:43:26.826 204 PUT /api/notes/nhSEdL7w35Li/data with 0 bytes took 1ms
12:43:27.829 204 PUT /api/notes/nhSEdL7w35Li/data with 0 bytes took 1ms
12:43:27.831 200 GET /api/notes/nhSEdL7w35Li/blob with 572 bytes took 0ms
12:43:28.831 204 PUT /api/notes/nhSEdL7w35Li/data with 0 bytes took 1ms
12:43:28.834 200 GET /api/notes/nhSEdL7w35Li/blob with 578 bytes took 0ms
12:43:29.837 204 PUT /api/notes/nhSEdL7w35Li/data with 0 bytes took 2ms
12:43:29.839 200 GET /api/notes/nhSEdL7w35Li/blob with 578 bytes took 0ms
12:43:30.840 204 PUT /api/notes/nhSEdL7w35Li/data with 0 bytes took 1ms
12:43:30.843 200 GET /api/notes/nhSEdL7w35Li/blob with 586 bytes took 1ms
12:43:31.843 204 PUT /api/notes/nhSEdL7w35Li/data with 0 bytes took 1ms
12:43:31.846 200 GET /api/notes/nhSEdL7w35Li/blob with 592 bytes took 0ms
12:43:32.849 204 PUT /api/notes/nhSEdL7w35Li/data with 0 bytes took 2ms
12:43:32.854 200 GET /api/notes/nhSEdL7w35Li/blob with 599 bytes took 1ms
12:43:33.850 204 PUT /api/notes/nhSEdL7w35Li/data with 0 bytes took 1ms
12:43:33.852 200 GET /api/notes/nhSEdL7w35Li/blob with 605 bytes took 0ms
12:43:34.853 204 PUT /api/notes/nhSEdL7w35Li/data with 0 bytes took 1ms
12:43:34.855 200 GET /api/notes/nhSEdL7w35Li/blob with 610 bytes took 0ms
12:43:35.855 204 PUT /api/notes/nhSEdL7w35Li/data with 0 bytes took 2ms
12:43:35.857 200 GET /api/notes/nhSEdL7w35Li/blob with 619 bytes took 0ms
12:43:36.860 204 PUT /api/notes/nhSEdL7w35Li/data with 0 bytes took 1ms
12:43:36.863 200 GET /api/notes/nhSEdL7w35Li/blob with 616 bytes took 1ms
12:43:37.864 204 PUT /api/notes/nhSEdL7w35Li/data with 0 bytes took 3ms
12:43:37.866 200 GET /api/notes/nhSEdL7w35Li/blob with 613 bytes took 0ms
12:43:38.864 204 PUT /api/notes/nhSEdL7w35Li/data with 0 bytes took 1ms
12:43:38.867 200 GET /api/notes/nhSEdL7w35Li/blob with 626 bytes took 1ms
12:43:41.920 204 PUT /api/notes/nhSEdL7w35Li/data with 0 bytes took 1ms
12:43:41.925 200 GET /api/notes/nhSEdL7w35Li/blob with 622 bytes took 1ms
12:43:42.926 204 PUT /api/notes/nhSEdL7w35Li/data with 0 bytes took 3ms
12:43:42.928 200 GET /api/notes/nhSEdL7w35Li/blob with 633 bytes took 0ms
12:43:43.926 204 PUT /api/notes/nhSEdL7w35Li/data with 0 bytes took 1ms
12:43:43.928 200 GET /api/notes/nhSEdL7w35Li/blob with 637 bytes took 0ms
12:44:03.576 204 PUT /api/notes/nhSEdL7w35Li/data with 0 bytes took 2ms
12:44:03.581 200 GET /api/notes/nhSEdL7w35Li/blob with 633 bytes took 0ms
12:44:04.578 204 PUT /api/notes/nhSEdL7w35Li/data with 0 bytes took 2ms
12:44:04.580 200 GET /api/notes/nhSEdL7w35Li/blob with 637 bytes took 0ms
12:44:05.580 204 PUT /api/notes/nhSEdL7w35Li/data with 0 bytes took 2ms
12:44:05.582 200 GET /api/notes/nhSEdL7w35Li/blob with 643 bytes took 0ms
12:44:06.585 204 PUT /api/notes/nhSEdL7w35Li/data with 0 bytes took 1ms
12:44:06.587 200 GET /api/notes/nhSEdL7w35Li/blob with 647 bytes took 0ms
12:44:07.591 204 PUT /api/notes/nhSEdL7w35Li/data with 0 bytes took 2ms
12:44:07.593 200 GET /api/notes/nhSEdL7w35Li/blob with 648 bytes took 0ms
12:44:08.597 204 PUT /api/notes/nhSEdL7w35Li/data with 0 bytes took 3ms
12:44:08.600 200 GET /api/notes/nhSEdL7w35Li/blob with 654 bytes took 1ms
12:44:09.597 204 PUT /api/notes/nhSEdL7w35Li/data with 0 bytes took 1ms
12:44:09.599 200 GET /api/notes/nhSEdL7w35Li/blob with 661 bytes took 0ms
12:44:10.607 204 PUT /api/notes/nhSEdL7w35Li/data with 0 bytes took 7ms
12:44:10.611 200 GET /api/notes/nhSEdL7w35Li/blob with 667 bytes took 0ms
12:44:11.607 204 PUT /api/notes/nhSEdL7w35Li/data with 0 bytes took 4ms
12:44:11.609 200 GET /api/notes/nhSEdL7w35Li/blob with 672 bytes took 0ms
12:44:12.607 204 PUT /api/notes/nhSEdL7w35Li/data with 0 bytes took 1ms
12:44:12.609 200 GET /api/notes/nhSEdL7w35Li/blob with 672 bytes took 0ms
12:44:13.613 204 PUT /api/notes/nhSEdL7w35Li/data with 0 bytes took 2ms
12:44:13.615 200 GET /api/notes/nhSEdL7w35Li/blob with 683 bytes took 0ms
12:44:14.616 204 PUT /api/notes/nhSEdL7w35Li/data with 0 bytes took 2ms
12:44:14.618 200 GET /api/notes/nhSEdL7w35Li/blob with 681 bytes took 0ms
12:44:15.620 204 PUT /api/notes/nhSEdL7w35Li/data with 0 bytes took 2ms
12:44:15.622 200 GET /api/notes/nhSEdL7w35Li/blob with 686 bytes took 0ms
12:44:16.624 204 PUT /api/notes/nhSEdL7w35Li/data with 0 bytes took 3ms
12:44:16.627 200 GET /api/notes/nhSEdL7w35Li/blob with 693 bytes took 0ms
12:44:17.624 204 PUT /api/notes/nhSEdL7w35Li/data with 0 bytes took 2ms
12:44:17.626 200 GET /api/notes/nhSEdL7w35Li/blob with 698 bytes took 0ms
12:44:18.627 204 PUT /api/notes/nhSEdL7w35Li/data with 0 bytes took 1ms
12:44:18.629 200 GET /api/notes/nhSEdL7w35Li/blob with 706 bytes took 0ms
12:44:19.630 204 PUT /api/notes/nhSEdL7w35Li/data with 0 bytes took 1ms
12:44:19.633 200 GET /api/notes/nhSEdL7w35Li/blob with 713 bytes took 0ms
12:44:20.636 204 PUT /api/notes/nhSEdL7w35Li/data with 0 bytes took 2ms
12:44:20.638 200 GET /api/notes/nhSEdL7w35Li/blob with 719 bytes took 0ms
12:44:21.642 204 PUT /api/notes/nhSEdL7w35Li/data with 0 bytes took 3ms
12:44:21.645 200 GET /api/notes/nhSEdL7w35Li/blob with 730 bytes took 1ms
12:44:22.716 204 PUT /api/notes/nhSEdL7w35Li/data with 0 bytes took 2ms
12:44:22.718 200 GET /api/notes/nhSEdL7w35Li/blob with 726 bytes took 1ms
12:44:23.718 204 PUT /api/notes/nhSEdL7w35Li/data with 0 bytes took 1ms
12:44:23.720 200 GET /api/notes/nhSEdL7w35Li/blob with 730 bytes took 0ms
12:44:24.719 204 PUT /api/notes/nhSEdL7w35Li/data with 0 bytes took 1ms
12:44:24.721 200 GET /api/notes/nhSEdL7w35Li/blob with 735 bytes took 0ms
12:44:25.724 204 PUT /api/notes/nhSEdL7w35Li/data with 0 bytes took 1ms
12:44:25.727 200 GET /api/notes/nhSEdL7w35Li/blob with 741 bytes took 1ms
12:44:26.728 204 PUT /api/notes/nhSEdL7w35Li/data with 0 bytes took 3ms
12:44:26.730 200 GET /api/notes/nhSEdL7w35Li/blob with 749 bytes took 0ms
12:44:27.731 204 PUT /api/notes/nhSEdL7w35Li/data with 0 bytes took 2ms
12:44:27.733 200 GET /api/notes/nhSEdL7w35Li/blob with 752 bytes took 0ms
12:44:28.732 204 PUT /api/notes/nhSEdL7w35Li/data with 0 bytes took 1ms
12:44:28.735 200 GET /api/notes/nhSEdL7w35Li/blob with 756 bytes took 1ms
12:44:29.736 204 PUT /api/notes/nhSEdL7w35Li/data with 0 bytes took 2ms
12:44:29.738 200 GET /api/notes/nhSEdL7w35Li/blob with 762 bytes took 0ms
12:44:30.738 204 PUT /api/notes/nhSEdL7w35Li/data with 0 bytes took 2ms
12:44:30.740 200 GET /api/notes/nhSEdL7w35Li/blob with 768 bytes took 0ms
12:44:31.742 204 PUT /api/notes/nhSEdL7w35Li/data with 0 bytes took 2ms
12:44:31.744 200 GET /api/notes/nhSEdL7w35Li/blob with 776 bytes took 0ms
12:44:32.746 204 PUT /api/notes/nhSEdL7w35Li/data with 0 bytes took 1ms
12:44:32.748 200 GET /api/notes/nhSEdL7w35Li/blob with 775 bytes took 0ms
12:44:33.749 204 PUT /api/notes/nhSEdL7w35Li/data with 0 bytes took 2ms
12:44:33.751 200 GET /api/notes/nhSEdL7w35Li/blob with 783 bytes took 0ms
12:44:34.754 204 PUT /api/notes/nhSEdL7w35Li/data with 0 bytes took 1ms
12:44:34.757 200 GET /api/notes/nhSEdL7w35Li/blob with 787 bytes took 1ms
12:44:41.292 204 PUT /api/notes/nhSEdL7w35Li/data with 0 bytes took 1ms
12:44:41.297 200 GET /api/notes/nhSEdL7w35Li/blob with 772 bytes took 0ms
12:44:42.297 204 PUT /api/notes/nhSEdL7w35Li/data with 0 bytes took 2ms
12:44:42.299 200 GET /api/notes/nhSEdL7w35Li/blob with 769 bytes took 0ms
12:44:43.298 204 PUT /api/notes/nhSEdL7w35Li/data with 0 bytes took 1ms
12:44:43.302 200 GET /api/notes/nhSEdL7w35Li/blob with 767 bytes took 0ms
12:44:44.399 204 PUT /api/notes/nhSEdL7w35Li/data with 0 bytes took 3ms
12:44:44.401 200 GET /api/notes/nhSEdL7w35Li/blob with 768 bytes took 0ms
12:44:45.401 204 PUT /api/notes/nhSEdL7w35Li/data with 0 bytes took 2ms
12:44:45.403 200 GET /api/notes/nhSEdL7w35Li/blob with 774 bytes took 0ms
12:44:46.403 204 PUT /api/notes/nhSEdL7w35Li/data with 0 bytes took 2ms
12:44:46.406 200 GET /api/notes/nhSEdL7w35Li/blob with 779 bytes took 0ms
12:44:47.407 204 PUT /api/notes/nhSEdL7w35Li/data with 0 bytes took 2ms
12:44:47.409 200 GET /api/notes/nhSEdL7w35Li/blob with 783 bytes took 0ms
12:44:48.411 204 PUT /api/notes/nhSEdL7w35Li/data with 0 bytes took 1ms
12:44:48.414 200 GET /api/notes/nhSEdL7w35Li/blob with 786 bytes took 0ms
12:44:49.418 204 PUT /api/notes/nhSEdL7w35Li/data with 0 bytes took 3ms
12:44:49.420 200 GET /api/notes/nhSEdL7w35Li/blob with 789 bytes took 0ms
12:44:51.026 204 PUT /api/notes/nhSEdL7w35Li/data with 0 bytes took 1ms
12:44:51.028 200 GET /api/notes/nhSEdL7w35Li/blob with 793 bytes took 0ms
12:44:52.028 204 PUT /api/notes/nhSEdL7w35Li/data with 0 bytes took 1ms
12:44:52.031 200 GET /api/notes/nhSEdL7w35Li/blob with 794 bytes took 1ms
12:44:53.030 204 PUT /api/notes/nhSEdL7w35Li/data with 0 bytes took 1ms
12:44:53.033 200 GET /api/notes/nhSEdL7w35Li/blob with 795 bytes took 0ms
12:44:54.032 204 PUT /api/notes/nhSEdL7w35Li/data with 0 bytes took 1ms
12:44:55.037 204 PUT /api/notes/nhSEdL7w35Li/data with 0 bytes took 1ms
12:44:55.039 200 GET /api/notes/nhSEdL7w35Li/blob with 805 bytes took 0ms
12:44:56.038 204 PUT /api/notes/nhSEdL7w35Li/data with 0 bytes took 1ms
12:44:56.041 200 GET /api/notes/nhSEdL7w35Li/blob with 806 bytes took 0ms
12:44:57.041 204 PUT /api/notes/nhSEdL7w35Li/data with 0 bytes took 1ms
12:44:57.043 200 GET /api/notes/nhSEdL7w35Li/blob with 814 bytes took 1ms
12:45:05.132 204 PUT /api/notes/nhSEdL7w35Li/data with 0 bytes took 1ms
12:45:05.137 200 GET /api/notes/nhSEdL7w35Li/blob with 810 bytes took 0ms
12:45:06.134 204 PUT /api/notes/nhSEdL7w35Li/data with 0 bytes took 2ms
12:45:06.136 200 GET /api/notes/nhSEdL7w35Li/blob with 814 bytes took 1ms
12:45:07.135 204 PUT /api/notes/nhSEdL7w35Li/data with 0 bytes took 2ms
12:45:07.137 200 GET /api/notes/nhSEdL7w35Li/blob with 819 bytes took 0ms
12:45:08.137 204 PUT /api/notes/nhSEdL7w35Li/data with 0 bytes took 2ms
12:45:08.139 200 GET /api/notes/nhSEdL7w35Li/blob with 824 bytes took 0ms
12:45:09.139 204 PUT /api/notes/nhSEdL7w35Li/data with 0 bytes took 1ms
12:45:09.142 200 GET /api/notes/nhSEdL7w35Li/blob with 829 bytes took 0ms
12:45:10.145 204 PUT /api/notes/nhSEdL7w35Li/data with 0 bytes took 2ms
12:45:10.147 200 GET /api/notes/nhSEdL7w35Li/blob with 839 bytes took 0ms
12:45:21.033 204 PUT /api/notes/nhSEdL7w35Li/data with 0 bytes took 2ms
12:45:21.037 200 GET /api/notes/nhSEdL7w35Li/blob with 835 bytes took 0ms
12:45:22.035 204 PUT /api/notes/nhSEdL7w35Li/data with 0 bytes took 2ms
12:45:22.037 200 GET /api/notes/nhSEdL7w35Li/blob with 839 bytes took 0ms
12:45:23.037 204 PUT /api/notes/nhSEdL7w35Li/data with 0 bytes took 1ms
12:45:23.039 200 GET /api/notes/nhSEdL7w35Li/blob with 846 bytes took 0ms
12:45:24.039 204 PUT /api/notes/nhSEdL7w35Li/data with 0 bytes took 2ms
12:45:24.041 200 GET /api/notes/nhSEdL7w35Li/blob with 854 bytes took 0ms
12:45:25.042 204 PUT /api/notes/nhSEdL7w35Li/data with 0 bytes took 2ms
12:45:25.044 200 GET /api/notes/nhSEdL7w35Li/blob with 851 bytes took 0ms
12:45:26.045 204 PUT /api/notes/nhSEdL7w35Li/data with 0 bytes took 3ms
12:45:26.047 200 GET /api/notes/nhSEdL7w35Li/blob with 855 bytes took 0ms
12:45:27.051 204 PUT /api/notes/nhSEdL7w35Li/data with 0 bytes took 5ms
12:45:27.054 200 GET /api/notes/nhSEdL7w35Li/blob with 866 bytes took 0ms
12:45:28.055 204 PUT /api/notes/nhSEdL7w35Li/data with 0 bytes took 5ms
12:45:28.057 200 GET /api/notes/nhSEdL7w35Li/blob with 867 bytes took 0ms
12:45:29.054 204 PUT /api/notes/nhSEdL7w35Li/data with 0 bytes took 1ms
12:45:29.056 200 GET /api/notes/nhSEdL7w35Li/blob with 875 bytes took 0ms
12:45:30.060 204 PUT /api/notes/nhSEdL7w35Li/data with 0 bytes took 1ms
12:45:30.062 200 GET /api/notes/nhSEdL7w35Li/blob with 872 bytes took 0ms
12:45:31.065 204 PUT /api/notes/nhSEdL7w35Li/data with 0 bytes took 1ms
12:45:31.067 200 GET /api/notes/nhSEdL7w35Li/blob with 876 bytes took 0ms
12:45:32.068 204 PUT /api/notes/nhSEdL7w35Li/data with 0 bytes took 1ms
12:45:32.070 200 GET /api/notes/nhSEdL7w35Li/blob with 875 bytes took 0ms
12:45:33.072 204 PUT /api/notes/nhSEdL7w35Li/data with 0 bytes took 3ms
12:45:33.074 200 GET /api/notes/nhSEdL7w35Li/blob with 886 bytes took 1ms
12:45:34.077 204 PUT /api/notes/nhSEdL7w35Li/data with 0 bytes took 1ms
12:45:34.080 200 GET /api/notes/nhSEdL7w35Li/blob with 888 bytes took 1ms
12:45:35.082 204 PUT /api/notes/nhSEdL7w35Li/data with 0 bytes took 2ms
12:45:35.084 200 GET /api/notes/nhSEdL7w35Li/blob with 893 bytes took 0ms
12:45:36.085 204 PUT /api/notes/nhSEdL7w35Li/data with 0 bytes took 2ms
12:45:36.087 200 GET /api/notes/nhSEdL7w35Li/blob with 901 bytes took 0ms
12:45:37.090 204 PUT /api/notes/nhSEdL7w35Li/data with 0 bytes took 2ms
12:45:37.092 200 GET /api/notes/nhSEdL7w35Li/blob with 910 bytes took 0ms
12:45:38.094 204 PUT /api/notes/nhSEdL7w35Li/data with 0 bytes took 2ms
12:45:38.096 200 GET /api/notes/nhSEdL7w35Li/blob with 911 bytes took 0ms
12:45:39.097 204 PUT /api/notes/nhSEdL7w35Li/data with 0 bytes took 2ms
12:45:39.099 200 GET /api/notes/nhSEdL7w35Li/blob with 916 bytes took 0ms
12:45:40.099 204 PUT /api/notes/nhSEdL7w35Li/data with 0 bytes took 1ms
12:45:40.101 200 GET /api/notes/nhSEdL7w35Li/blob with 920 bytes took 0ms
12:45:41.103 204 PUT /api/notes/nhSEdL7w35Li/data with 0 bytes took 2ms
12:45:41.105 200 GET /api/notes/nhSEdL7w35Li/blob with 922 bytes took 0ms
12:45:42.108 204 PUT /api/notes/nhSEdL7w35Li/data with 0 bytes took 1ms
12:45:42.110 200 GET /api/notes/nhSEdL7w35Li/blob with 924 bytes took 0ms
12:45:43.111 204 PUT /api/notes/nhSEdL7w35Li/data with 0 bytes took 1ms
12:45:43.114 200 GET /api/notes/nhSEdL7w35Li/blob with 929 bytes took 1ms
12:45:44.115 204 PUT /api/notes/nhSEdL7w35Li/data with 0 bytes took 1ms
12:45:44.117 200 GET /api/notes/nhSEdL7w35Li/blob with 930 bytes took 0ms
12:45:45.121 204 PUT /api/notes/nhSEdL7w35Li/data with 0 bytes took 3ms
12:45:45.123 200 GET /api/notes/nhSEdL7w35Li/blob with 943 bytes took 0ms
12:45:46.125 204 PUT /api/notes/nhSEdL7w35Li/data with 0 bytes took 2ms
12:45:46.127 200 GET /api/notes/nhSEdL7w35Li/blob with 950 bytes took 0ms
12:45:47.127 204 PUT /api/notes/nhSEdL7w35Li/data with 0 bytes took 1ms
12:45:47.130 200 GET /api/notes/nhSEdL7w35Li/blob with 949 bytes took 1ms
12:45:48.129 204 PUT /api/notes/nhSEdL7w35Li/data with 0 bytes took 1ms
12:45:48.131 200 GET /api/notes/nhSEdL7w35Li/blob with 956 bytes took 0ms
12:45:49.133 204 PUT /api/notes/nhSEdL7w35Li/data with 0 bytes took 1ms
12:45:49.135 200 GET /api/notes/nhSEdL7w35Li/blob with 959 bytes took 0ms
12:45:50.140 204 PUT /api/notes/nhSEdL7w35Li/data with 0 bytes took 3ms
12:45:50.143 200 GET /api/notes/nhSEdL7w35Li/blob with 967 bytes took 1ms
12:45:51.142 204 PUT /api/notes/nhSEdL7w35Li/data with 0 bytes took 2ms
12:45:51.144 200 GET /api/notes/nhSEdL7w35Li/blob with 963 bytes took 1ms
12:45:52.145 204 PUT /api/notes/nhSEdL7w35Li/data with 0 bytes took 2ms
12:45:52.147 200 GET /api/notes/nhSEdL7w35Li/blob with 971 bytes took 0ms
12:45:53.146 204 PUT /api/notes/nhSEdL7w35Li/data with 0 bytes took 1ms
12:45:53.148 200 GET /api/notes/nhSEdL7w35Li/blob with 970 bytes took 0ms
12:45:54.151 204 PUT /api/notes/nhSEdL7w35Li/data with 0 bytes took 1ms
12:45:54.153 200 GET /api/notes/nhSEdL7w35Li/blob with 974 bytes took 0ms
12:45:55.155 204 PUT /api/notes/nhSEdL7w35Li/data with 0 bytes took 2ms
12:45:55.157 200 GET /api/notes/nhSEdL7w35Li/blob with 970 bytes took 0ms
12:45:56.157 204 PUT /api/notes/nhSEdL7w35Li/data with 0 bytes took 1ms
12:45:56.160 200 GET /api/notes/nhSEdL7w35Li/blob with 975 bytes took 1ms
12:45:57.160 204 PUT /api/notes/nhSEdL7w35Li/data with 0 bytes took 2ms
12:45:57.162 200 GET /api/notes/nhSEdL7w35Li/blob with 986 bytes took 0ms
12:45:58.165 204 PUT /api/notes/nhSEdL7w35Li/data with 0 bytes took 1ms
12:45:58.168 200 GET /api/notes/nhSEdL7w35Li/blob with 986 bytes took 0ms
12:45:59.169 204 PUT /api/notes/nhSEdL7w35Li/data with 0 bytes took 1ms
12:45:59.171 200 GET /api/notes/nhSEdL7w35Li/blob with 988 bytes took 0ms
12:46:00.172 204 PUT /api/notes/nhSEdL7w35Li/data with 0 bytes took 2ms
12:46:00.175 200 GET /api/notes/nhSEdL7w35Li/blob with 993 bytes took 0ms
12:46:01.173 204 PUT /api/notes/nhSEdL7w35Li/data with 0 bytes took 1ms
12:46:01.175 200 GET /api/notes/nhSEdL7w35Li/blob with 999 bytes took 0ms
12:46:02.176 204 PUT /api/notes/nhSEdL7w35Li/data with 0 bytes took 1ms
12:46:02.178 200 GET /api/notes/nhSEdL7w35Li/blob with 1006 bytes took 0ms
12:46:03.181 204 PUT /api/notes/nhSEdL7w35Li/data with 0 bytes took 2ms
12:46:03.182 200 GET /api/notes/nhSEdL7w35Li/blob with 1013 bytes took 0ms
12:46:04.184 204 PUT /api/notes/nhSEdL7w35Li/data with 0 bytes took 1ms
12:46:04.186 200 GET /api/notes/nhSEdL7w35Li/blob with 1014 bytes took 0ms
12:46:19.950 200 GET /api/notes/XWiojJtBlmel/blob with 155 bytes took 0ms
12:46:19.950 200 GET /api/note-map/XWiojJtBlmel/backlink-count with 11 bytes took 0ms
12:46:19.954 204 PUT /api/options with 0 bytes took 1ms
12:46:19.966 200 POST /api/tree/load with 1610 bytes took 0ms
12:46:19.970 200 GET /api/notes/iLXZWCglWOmz/blob with 155 bytes took 0ms
12:46:19.971 200 POST /api/tree/load with 2014 bytes took 0ms
12:46:21.862 200 GET /api/notes/iLXZWCglWOmz/blob with 155 bytes took 1ms
12:46:21.862 200 GET /api/note-map/iLXZWCglWOmz/backlink-count with 11 bytes took 0ms
12:46:21.863 200 GET /api/tree?subTreeNoteId=XWiojJtBlmel with 1610 bytes took 0ms
12:46:21.867 204 PUT /api/options with 0 bytes took 1ms
12:46:21.878 204 PUT /api/branches/root_XWiojJtBlmel/expanded/1 with 0 bytes took 0ms
12:46:27.787 200 GET /api/note-map/Ly1JT1SGA0d0/backlink-count with 11 bytes took 0ms
12:46:27.788 200 GET /api/tree?subTreeNoteId=iLXZWCglWOmz with 2013 bytes took 0ms
12:46:27.792 204 PUT /api/options with 0 bytes took 1ms
12:46:27.795 204 PUT /api/branches/XWiojJtBlmel_iLXZWCglWOmz/expanded/1 with 0 bytes took 0ms
12:46:27.889 200 POST /api/tree/load with 2135 bytes took 0ms
12:46:32.245 200 GET /api/notes/xnbm7O7A2uXL/blob with 6455 bytes took 1ms
12:46:32.245 200 GET /api/note-map/xnbm7O7A2uXL/backlink-count with 11 bytes took 0ms
12:46:32.246 200 GET /api/tree?subTreeNoteId=Ly1JT1SGA0d0 with 2135 bytes took 0ms
12:46:32.251 204 PUT /api/options with 0 bytes took 1ms
12:46:32.278 204 PUT /api/branches/iLXZWCglWOmz_Ly1JT1SGA0d0/expanded/1 with 0 bytes took 1ms
12:46:36.423 200 GET /api/note-map/Ly1JT1SGA0d0/backlink-count with 11 bytes took 0ms
12:46:36.426 204 PUT /api/options with 0 bytes took 1ms
12:46:36.947 200 GET /api/notes/xnbm7O7A2uXL/blob with 6455 bytes took 1ms
12:46:36.947 200 GET /api/note-map/xnbm7O7A2uXL/backlink-count with 11 bytes took 0ms
12:46:37.429 204 PUT /api/options with 0 bytes took 1ms
12:46:37.758 200 GET /api/note-map/xnbm7O7A2uXL/backlink-count with 11 bytes took 0ms
12:46:38.432 204 PUT /api/options with 0 bytes took 0ms
12:46:40.376 Created new note 'nnaLgvqadHlv', branch 'Ly1JT1SGA0d0_nnaLgvqadHlv' of type 'text', mime 'text/html'
12:46:40.377 200 POST /api/notes/Ly1JT1SGA0d0/children?target=into&targetBranchId= with 554 bytes took 2ms
12:46:40.378 200 POST /api/tree/load with 2287 bytes took 0ms
12:46:40.389 200 GET /api/notes/nnaLgvqadHlv/blob with 155 bytes took 0ms
12:46:40.389 200 GET /api/note-map/nnaLgvqadHlv/backlink-count with 11 bytes took 0ms
12:46:40.391 204 PUT /api/options with 0 bytes took 0ms
12:47:08.435 200 PUT /api/notes/nnaLgvqadHlv/title with 320 bytes took 1ms
12:47:08.440 200 GET /api/notes/nnaLgvqadHlv/blob with 155 bytes took 1ms
12:47:09.663 200 PUT /api/notes/nnaLgvqadHlv/title with 321 bytes took 0ms
12:47:09.665 200 GET /api/notes/nnaLgvqadHlv/blob with 155 bytes took 0ms
12:47:11.788 200 GET /api/notes/nnaLgvqadHlv/blob with 155 bytes took 0ms
12:47:12.742 204 PUT /api/notes/nnaLgvqadHlv/data with 0 bytes took 1ms
12:47:12.744 200 GET /api/notes/nnaLgvqadHlv/blob with 163 bytes took 0ms
12:47:13.746 204 PUT /api/notes/nnaLgvqadHlv/data with 0 bytes took 2ms
12:47:13.748 200 GET /api/notes/nnaLgvqadHlv/blob with 169 bytes took 0ms
12:47:14.747 204 PUT /api/notes/nnaLgvqadHlv/data with 0 bytes took 2ms
12:47:14.749 200 GET /api/notes/nnaLgvqadHlv/blob with 175 bytes took 0ms
12:47:15.749 204 PUT /api/notes/nnaLgvqadHlv/data with 0 bytes took 1ms
12:47:15.752 200 GET /api/notes/nnaLgvqadHlv/blob with 175 bytes took 1ms
12:47:16.753 204 PUT /api/notes/nnaLgvqadHlv/data with 0 bytes took 2ms
12:47:16.755 200 GET /api/notes/nnaLgvqadHlv/blob with 180 bytes took 0ms
12:47:17.758 204 PUT /api/notes/nnaLgvqadHlv/data with 0 bytes took 1ms
12:47:17.760 200 GET /api/notes/nnaLgvqadHlv/blob with 183 bytes took 0ms
12:47:18.760 204 PUT /api/notes/nnaLgvqadHlv/data with 0 bytes took 1ms
12:47:18.762 200 GET /api/notes/nnaLgvqadHlv/blob with 184 bytes took 1ms
12:47:19.764 204 PUT /api/notes/nnaLgvqadHlv/data with 0 bytes took 1ms
12:47:19.766 200 GET /api/notes/nnaLgvqadHlv/blob with 190 bytes took 0ms
12:47:24.385 204 PUT /api/notes/nnaLgvqadHlv/data with 0 bytes took 8ms
12:47:24.389 200 GET /api/notes/nnaLgvqadHlv/blob with 186 bytes took 0ms
12:47:25.384 204 PUT /api/notes/nnaLgvqadHlv/data with 0 bytes took 5ms
12:47:25.386 200 GET /api/notes/nnaLgvqadHlv/blob with 191 bytes took 0ms
12:47:26.384 204 PUT /api/notes/nnaLgvqadHlv/data with 0 bytes took 1ms
12:47:26.386 200 GET /api/notes/nnaLgvqadHlv/blob with 197 bytes took 0ms
12:47:27.389 204 PUT /api/notes/nnaLgvqadHlv/data with 0 bytes took 1ms
12:47:27.392 200 GET /api/notes/nnaLgvqadHlv/blob with 195 bytes took 0ms
12:47:28.394 204 PUT /api/notes/nnaLgvqadHlv/data with 0 bytes took 1ms
12:47:28.397 200 GET /api/notes/nnaLgvqadHlv/blob with 194 bytes took 1ms
12:47:29.396 204 PUT /api/notes/nnaLgvqadHlv/data with 0 bytes took 1ms
12:47:29.399 200 GET /api/notes/nnaLgvqadHlv/blob with 198 bytes took 1ms
12:47:30.399 204 PUT /api/notes/nnaLgvqadHlv/data with 0 bytes took 2ms
12:47:30.402 200 GET /api/notes/nnaLgvqadHlv/blob with 209 bytes took 0ms
12:47:31.402 204 PUT /api/notes/nnaLgvqadHlv/data with 0 bytes took 2ms
12:47:31.404 200 GET /api/notes/nnaLgvqadHlv/blob with 206 bytes took 0ms
12:47:32.407 204 PUT /api/notes/nnaLgvqadHlv/data with 0 bytes took 1ms
12:47:32.409 200 GET /api/notes/nnaLgvqadHlv/blob with 211 bytes took 0ms
12:47:33.412 204 PUT /api/notes/nnaLgvqadHlv/data with 0 bytes took 1ms
12:47:33.414 200 GET /api/notes/nnaLgvqadHlv/blob with 217 bytes took 0ms
12:47:38.431 204 PUT /api/notes/nnaLgvqadHlv/data with 0 bytes took 2ms
12:47:38.435 200 GET /api/notes/nnaLgvqadHlv/blob with 213 bytes took 0ms
12:47:39.435 204 PUT /api/notes/nnaLgvqadHlv/data with 0 bytes took 1ms
12:47:39.438 200 GET /api/notes/nnaLgvqadHlv/blob with 223 bytes took 1ms
12:47:40.439 204 PUT /api/notes/nnaLgvqadHlv/data with 0 bytes took 1ms
12:47:40.442 200 GET /api/notes/nnaLgvqadHlv/blob with 223 bytes took 0ms
12:47:41.441 204 PUT /api/notes/nnaLgvqadHlv/data with 0 bytes took 2ms
12:47:41.443 200 GET /api/notes/nnaLgvqadHlv/blob with 233 bytes took 0ms
12:47:42.443 204 PUT /api/notes/nnaLgvqadHlv/data with 0 bytes took 1ms
12:47:42.445 200 GET /api/notes/nnaLgvqadHlv/blob with 235 bytes took 0ms
12:47:43.447 204 PUT /api/notes/nnaLgvqadHlv/data with 0 bytes took 3ms
12:47:43.450 200 GET /api/notes/nnaLgvqadHlv/blob with 241 bytes took 0ms
12:47:44.448 204 PUT /api/notes/nnaLgvqadHlv/data with 0 bytes took 2ms
12:47:44.450 200 GET /api/notes/nnaLgvqadHlv/blob with 245 bytes took 0ms
12:47:45.451 204 PUT /api/notes/nnaLgvqadHlv/data with 0 bytes took 1ms
12:47:46.455 204 PUT /api/notes/nnaLgvqadHlv/data with 0 bytes took 1ms
12:47:46.459 200 GET /api/notes/nnaLgvqadHlv/blob with 246 bytes took 0ms
12:47:47.459 204 PUT /api/notes/nnaLgvqadHlv/data with 0 bytes took 1ms
12:47:47.462 200 GET /api/notes/nnaLgvqadHlv/blob with 252 bytes took 0ms
12:47:48.465 204 PUT /api/notes/nnaLgvqadHlv/data with 0 bytes took 3ms
12:47:48.468 200 GET /api/notes/nnaLgvqadHlv/blob with 258 bytes took 1ms
12:47:49.944 204 PUT /api/notes/nnaLgvqadHlv/data with 0 bytes took 1ms
12:47:49.946 200 GET /api/notes/nnaLgvqadHlv/blob with 253 bytes took 0ms
12:47:50.947 204 PUT /api/notes/nnaLgvqadHlv/data with 0 bytes took 1ms
12:47:50.950 200 GET /api/notes/nnaLgvqadHlv/blob with 264 bytes took 0ms
12:47:57.991 204 PUT /api/notes/nnaLgvqadHlv/data with 0 bytes took 1ms
12:47:57.995 200 GET /api/notes/nnaLgvqadHlv/blob with 260 bytes took 0ms
12:47:58.995 204 PUT /api/notes/nnaLgvqadHlv/data with 0 bytes took 2ms
12:47:58.997 200 GET /api/notes/nnaLgvqadHlv/blob with 261 bytes took 0ms
12:47:59.997 204 PUT /api/notes/nnaLgvqadHlv/data with 0 bytes took 1ms
12:47:59.999 200 GET /api/notes/nnaLgvqadHlv/blob with 270 bytes took 0ms
12:48:12.016 204 PUT /api/notes/nnaLgvqadHlv/data with 0 bytes took 2ms
12:48:12.020 200 GET /api/notes/nnaLgvqadHlv/blob with 266 bytes took 0ms
12:48:13.018 204 PUT /api/notes/nnaLgvqadHlv/data with 0 bytes took 1ms
12:48:13.021 200 GET /api/notes/nnaLgvqadHlv/blob with 269 bytes took 0ms
12:48:14.022 204 PUT /api/notes/nnaLgvqadHlv/data with 0 bytes took 1ms
12:48:14.025 200 GET /api/notes/nnaLgvqadHlv/blob with 274 bytes took 0ms
12:48:15.024 204 PUT /api/notes/nnaLgvqadHlv/data with 0 bytes took 1ms
12:48:15.026 200 GET /api/notes/nnaLgvqadHlv/blob with 280 bytes took 0ms
12:48:16.029 204 PUT /api/notes/nnaLgvqadHlv/data with 0 bytes took 1ms
12:48:16.031 200 GET /api/notes/nnaLgvqadHlv/blob with 286 bytes took 0ms
12:48:17.035 204 PUT /api/notes/nnaLgvqadHlv/data with 0 bytes took 2ms
12:48:17.037 200 GET /api/notes/nnaLgvqadHlv/blob with 294 bytes took 1ms
12:48:20.286 200 PUT /api/notes/nnaLgvqadHlv/title with 322 bytes took 1ms
12:48:20.290 200 GET /api/notes/nnaLgvqadHlv/blob with 294 bytes took 0ms
12:48:22.669 200 PUT /api/notes/nnaLgvqadHlv/title with 323 bytes took 1ms
12:48:22.671 200 GET /api/notes/nnaLgvqadHlv/blob with 294 bytes took 0ms
12:48:23.673 200 PUT /api/notes/nnaLgvqadHlv/title with 322 bytes took 0ms
12:48:23.675 200 GET /api/notes/nnaLgvqadHlv/blob with 294 bytes took 0ms
12:48:29.617 200 GET /api/notes/xnbm7O7A2uXL/blob with 6455 bytes took 1ms
12:48:29.617 200 GET /api/note-map/xnbm7O7A2uXL/backlink-count with 11 bytes took 0ms
12:48:29.621 204 PUT /api/options with 0 bytes took 0ms
12:48:35.372 200 PUT /api/notes/xnbm7O7A2uXL/title with 321 bytes took 2ms
12:48:35.377 200 GET /api/notes/xnbm7O7A2uXL/blob with 6455 bytes took 1ms
12:48:38.305 200 PUT /api/notes/xnbm7O7A2uXL/title with 322 bytes took 1ms
12:48:38.309 200 GET /api/notes/xnbm7O7A2uXL/blob with 6455 bytes took 0ms
12:48:39.308 200 PUT /api/notes/xnbm7O7A2uXL/title with 322 bytes took 1ms
12:48:43.565 200 PUT /api/notes/xnbm7O7A2uXL/title with 323 bytes took 1ms
12:48:43.569 200 GET /api/notes/xnbm7O7A2uXL/blob with 6455 bytes took 0ms
12:48:44.567 200 PUT /api/notes/xnbm7O7A2uXL/title with 323 bytes took 1ms
12:48:45.569 200 PUT /api/notes/xnbm7O7A2uXL/title with 327 bytes took 1ms
12:48:45.572 200 GET /api/notes/xnbm7O7A2uXL/blob with 6455 bytes took 1ms
12:48:46.571 200 PUT /api/notes/xnbm7O7A2uXL/title with 334 bytes took 1ms
12:48:47.575 200 PUT /api/notes/xnbm7O7A2uXL/title with 340 bytes took 1ms
12:48:47.577 200 GET /api/notes/xnbm7O7A2uXL/blob with 6455 bytes took 0ms
12:48:48.577 200 PUT /api/notes/xnbm7O7A2uXL/title with 341 bytes took 1ms
12:48:50.556 200 GET /api/notes/nnaLgvqadHlv/blob with 294 bytes took 1ms
12:48:50.556 200 GET /api/note-map/nnaLgvqadHlv/backlink-count with 11 bytes took 0ms
12:48:50.560 204 PUT /api/options with 0 bytes took 1ms
12:48:55.580 200 PUT /api/notes/nnaLgvqadHlv/title with 323 bytes took 2ms
12:48:55.584 200 GET /api/notes/nnaLgvqadHlv/blob with 294 bytes took 0ms
12:48:56.835 200 PUT /api/notes/nnaLgvqadHlv/title with 324 bytes took 1ms
12:48:56.837 200 GET /api/notes/nnaLgvqadHlv/blob with 294 bytes took 0ms
12:48:57.836 200 PUT /api/notes/nnaLgvqadHlv/title with 326 bytes took 1ms
12:48:58.837 200 PUT /api/notes/nnaLgvqadHlv/title with 327 bytes took 1ms
12:48:58.839 200 GET /api/notes/nnaLgvqadHlv/blob with 294 bytes took 0ms
12:48:59.898 200 PUT /api/notes/nnaLgvqadHlv/title with 326 bytes took 1ms
12:48:59.900 200 GET /api/notes/nnaLgvqadHlv/blob with 294 bytes took 1ms
12:49:00.902 200 PUT /api/notes/nnaLgvqadHlv/title with 323 bytes took 1ms
12:49:00.904 200 GET /api/notes/nnaLgvqadHlv/blob with 294 bytes took 0ms
12:49:03.277 200 PUT /api/notes/nnaLgvqadHlv/title with 324 bytes took 0ms
12:49:03.280 200 GET /api/notes/nnaLgvqadHlv/blob with 294 bytes took 1ms
12:49:04.280 200 PUT /api/notes/nnaLgvqadHlv/title with 326 bytes took 1ms
12:49:05.284 200 PUT /api/notes/nnaLgvqadHlv/title with 332 bytes took 1ms
12:49:05.286 200 GET /api/notes/nnaLgvqadHlv/blob with 294 bytes took 0ms
12:49:06.288 200 PUT /api/notes/nnaLgvqadHlv/title with 334 bytes took 1ms
12:49:08.918 200 GET /api/notes/xnbm7O7A2uXL/blob with 6455 bytes took 0ms
12:49:08.918 200 GET /api/note-map/xnbm7O7A2uXL/backlink-count with 11 bytes took 0ms
12:49:08.922 204 PUT /api/options with 0 bytes took 0ms
12:49:09.436 200 GET /api/notes/nnaLgvqadHlv/blob with 294 bytes took 0ms
12:49:09.437 200 GET /api/note-map/nnaLgvqadHlv/backlink-count with 11 bytes took 1ms
12:49:09.923 204 PUT /api/options with 0 bytes took 0ms
12:49:10.565 200 GET /api/notes/xnbm7O7A2uXL/blob with 6455 bytes took 0ms
12:49:10.565 200 GET /api/note-map/xnbm7O7A2uXL/backlink-count with 11 bytes took 0ms
12:49:10.926 204 PUT /api/options with 0 bytes took 0ms
12:49:12.007 200 GET /api/notes/nnaLgvqadHlv/blob with 294 bytes took 0ms
12:49:12.008 200 GET /api/note-map/nnaLgvqadHlv/backlink-count with 11 bytes took 0ms
12:49:12.011 204 PUT /api/options with 0 bytes took 1ms
12:49:13.640 200 GET /api/notes/xnbm7O7A2uXL/blob with 6455 bytes took 1ms
12:49:13.640 200 GET /api/note-map/xnbm7O7A2uXL/backlink-count with 11 bytes took 0ms
12:49:13.644 204 PUT /api/options with 0 bytes took 1ms
12:49:15.075 200 GET /api/note-map/Ly1JT1SGA0d0/backlink-count with 11 bytes took 0ms
12:49:15.078 204 PUT /api/options with 0 bytes took 0ms
12:59:16.093 204 PUT /api/branches/root_Yu8QnABxIjTK/expanded/0 with 0 bytes took 0ms
13:02:50.238 Created new note 'lGqmcSt3LNE9', branch 'Ly1JT1SGA0d0_lGqmcSt3LNE9' of type 'text', mime 'text/html'
13:02:50.239 200 POST /api/notes/Ly1JT1SGA0d0/children?target=into&targetBranchId= with 554 bytes took 2ms
13:02:50.240 200 POST /api/tree/load with 2434 bytes took 0ms
13:02:50.254 200 GET /api/notes/lGqmcSt3LNE9/blob with 155 bytes took 1ms
13:02:50.254 200 GET /api/note-map/lGqmcSt3LNE9/backlink-count with 11 bytes took 0ms
13:02:50.258 204 PUT /api/options with 0 bytes took 2ms
13:03:04.284 200 PUT /api/notes/lGqmcSt3LNE9/title with 320 bytes took 3ms
13:03:04.288 200 GET /api/notes/lGqmcSt3LNE9/blob with 155 bytes took 0ms
13:03:05.282 200 PUT /api/notes/lGqmcSt3LNE9/title with 321 bytes took 0ms
13:03:06.284 200 PUT /api/notes/lGqmcSt3LNE9/title with 322 bytes took 1ms
13:03:06.287 200 GET /api/notes/lGqmcSt3LNE9/blob with 155 bytes took 0ms
13:03:07.397 200 PUT /api/notes/lGqmcSt3LNE9/title with 323 bytes took 1ms
13:03:07.399 200 GET /api/notes/lGqmcSt3LNE9/blob with 155 bytes took 1ms
13:03:08.401 200 PUT /api/notes/lGqmcSt3LNE9/title with 324 bytes took 1ms
13:03:09.403 200 PUT /api/notes/lGqmcSt3LNE9/title with 326 bytes took 1ms
13:03:09.405 200 GET /api/notes/lGqmcSt3LNE9/blob with 155 bytes took 0ms
13:03:10.889 200 PUT /api/notes/lGqmcSt3LNE9/title with 327 bytes took 1ms
13:03:10.891 200 GET /api/notes/lGqmcSt3LNE9/blob with 155 bytes took 0ms
13:03:11.891 200 PUT /api/notes/lGqmcSt3LNE9/title with 330 bytes took 1ms
13:03:12.896 200 PUT /api/notes/lGqmcSt3LNE9/title with 332 bytes took 1ms
13:03:12.898 200 GET /api/notes/lGqmcSt3LNE9/blob with 155 bytes took 0ms
13:03:13.898 200 PUT /api/notes/lGqmcSt3LNE9/title with 333 bytes took 1ms
13:03:14.901 200 PUT /api/notes/lGqmcSt3LNE9/title with 338 bytes took 1ms
13:03:14.903 200 GET /api/notes/lGqmcSt3LNE9/blob with 155 bytes took 0ms
13:03:15.907 200 PUT /api/notes/lGqmcSt3LNE9/title with 344 bytes took 1ms
13:03:15.909 200 GET /api/notes/lGqmcSt3LNE9/blob with 155 bytes took 0ms
13:03:16.906 200 PUT /api/notes/lGqmcSt3LNE9/title with 352 bytes took 1ms
13:03:17.907 200 PUT /api/notes/lGqmcSt3LNE9/title with 358 bytes took 1ms
13:03:17.909 200 GET /api/notes/lGqmcSt3LNE9/blob with 155 bytes took 0ms
13:03:18.911 200 PUT /api/notes/lGqmcSt3LNE9/title with 363 bytes took 1ms
13:03:18.913 200 GET /api/notes/lGqmcSt3LNE9/blob with 155 bytes took 0ms
13:03:19.915 200 PUT /api/notes/lGqmcSt3LNE9/title with 365 bytes took 1ms
13:03:20.916 200 PUT /api/notes/lGqmcSt3LNE9/title with 370 bytes took 1ms
13:03:20.919 200 GET /api/notes/lGqmcSt3LNE9/blob with 155 bytes took 0ms
13:03:22.030 200 GET /api/notes/lGqmcSt3LNE9/blob with 155 bytes took 0ms
13:03:24.415 204 PUT /api/notes/lGqmcSt3LNE9/data with 0 bytes took 2ms
13:03:24.419 200 GET /api/notes/lGqmcSt3LNE9/blob with 163 bytes took 0ms
13:03:25.417 204 PUT /api/notes/lGqmcSt3LNE9/data with 0 bytes took 1ms
13:03:25.420 200 GET /api/notes/lGqmcSt3LNE9/blob with 175 bytes took 0ms
13:03:26.419 204 PUT /api/notes/lGqmcSt3LNE9/data with 0 bytes took 1ms
13:03:26.422 200 GET /api/notes/lGqmcSt3LNE9/blob with 181 bytes took 0ms
13:03:27.423 204 PUT /api/notes/lGqmcSt3LNE9/data with 0 bytes took 1ms
13:03:27.426 200 GET /api/notes/lGqmcSt3LNE9/blob with 155 bytes took 1ms
13:03:28.426 204 PUT /api/notes/lGqmcSt3LNE9/data with 0 bytes took 1ms
13:03:28.428 200 GET /api/notes/lGqmcSt3LNE9/blob with 168 bytes took 0ms
13:03:29.429 204 PUT /api/notes/lGqmcSt3LNE9/data with 0 bytes took 2ms
13:03:29.431 200 GET /api/notes/lGqmcSt3LNE9/blob with 176 bytes took 0ms
13:03:30.431 204 PUT /api/notes/lGqmcSt3LNE9/data with 0 bytes took 2ms
13:03:30.433 200 GET /api/notes/lGqmcSt3LNE9/blob with 186 bytes took 0ms
13:03:31.434 204 PUT /api/notes/lGqmcSt3LNE9/data with 0 bytes took 2ms
13:03:31.436 200 GET /api/notes/lGqmcSt3LNE9/blob with 185 bytes took 1ms
13:03:32.438 204 PUT /api/notes/lGqmcSt3LNE9/data with 0 bytes took 1ms
13:03:32.440 200 GET /api/notes/lGqmcSt3LNE9/blob with 197 bytes took 0ms
13:03:33.439 204 PUT /api/notes/lGqmcSt3LNE9/data with 0 bytes took 1ms
13:03:33.442 200 GET /api/notes/lGqmcSt3LNE9/blob with 202 bytes took 1ms
13:03:34.446 204 PUT /api/notes/lGqmcSt3LNE9/data with 0 bytes took 3ms
13:03:34.449 200 GET /api/notes/lGqmcSt3LNE9/blob with 205 bytes took 0ms
13:03:35.449 204 PUT /api/notes/lGqmcSt3LNE9/data with 0 bytes took 1ms
13:03:35.451 200 GET /api/notes/lGqmcSt3LNE9/blob with 201 bytes took 0ms
13:03:36.452 204 PUT /api/notes/lGqmcSt3LNE9/data with 0 bytes took 2ms
13:03:36.455 200 GET /api/notes/lGqmcSt3LNE9/blob with 216 bytes took 1ms
13:03:37.455 204 PUT /api/notes/lGqmcSt3LNE9/data with 0 bytes took 2ms
13:03:37.457 200 GET /api/notes/lGqmcSt3LNE9/blob with 218 bytes took 0ms
13:03:38.456 204 PUT /api/notes/lGqmcSt3LNE9/data with 0 bytes took 1ms
13:03:38.458 200 GET /api/notes/lGqmcSt3LNE9/blob with 226 bytes took 0ms
13:03:39.460 204 PUT /api/notes/lGqmcSt3LNE9/data with 0 bytes took 2ms
13:03:39.462 200 GET /api/notes/lGqmcSt3LNE9/blob with 229 bytes took 0ms
13:03:40.466 204 PUT /api/notes/lGqmcSt3LNE9/data with 0 bytes took 1ms
13:03:40.468 200 GET /api/notes/lGqmcSt3LNE9/blob with 226 bytes took 0ms
13:03:41.470 204 PUT /api/notes/lGqmcSt3LNE9/data with 0 bytes took 1ms
13:03:41.472 200 GET /api/notes/lGqmcSt3LNE9/blob with 229 bytes took 0ms
13:03:42.475 204 PUT /api/notes/lGqmcSt3LNE9/data with 0 bytes took 1ms
13:03:42.477 200 GET /api/notes/lGqmcSt3LNE9/blob with 234 bytes took 0ms
13:03:43.478 204 PUT /api/notes/lGqmcSt3LNE9/data with 0 bytes took 1ms
13:03:43.481 200 GET /api/notes/lGqmcSt3LNE9/blob with 235 bytes took 0ms
13:03:44.755 204 PUT /api/notes/lGqmcSt3LNE9/data with 0 bytes took 2ms
13:03:44.757 200 GET /api/notes/lGqmcSt3LNE9/blob with 236 bytes took 0ms
13:03:45.757 204 PUT /api/notes/lGqmcSt3LNE9/data with 0 bytes took 2ms
13:03:45.759 200 GET /api/notes/lGqmcSt3LNE9/blob with 238 bytes took 0ms
13:03:46.761 204 PUT /api/notes/lGqmcSt3LNE9/data with 0 bytes took 2ms
13:03:46.763 200 GET /api/notes/lGqmcSt3LNE9/blob with 242 bytes took 0ms
13:03:47.969 204 PUT /api/notes/lGqmcSt3LNE9/data with 0 bytes took 1ms
13:03:47.971 200 GET /api/notes/lGqmcSt3LNE9/blob with 236 bytes took 1ms
13:03:48.971 204 PUT /api/notes/lGqmcSt3LNE9/data with 0 bytes took 1ms
13:03:48.974 200 GET /api/notes/lGqmcSt3LNE9/blob with 241 bytes took 0ms
13:03:51.466 204 PUT /api/notes/lGqmcSt3LNE9/data with 0 bytes took 2ms
13:03:51.468 200 GET /api/notes/lGqmcSt3LNE9/blob with 237 bytes took 0ms
13:03:52.470 204 PUT /api/notes/lGqmcSt3LNE9/data with 0 bytes took 1ms
13:03:52.472 200 GET /api/notes/lGqmcSt3LNE9/blob with 248 bytes took 0ms
13:03:53.474 204 PUT /api/notes/lGqmcSt3LNE9/data with 0 bytes took 2ms
13:03:53.476 200 GET /api/notes/lGqmcSt3LNE9/blob with 252 bytes took 0ms
13:03:59.062 204 PUT /api/notes/lGqmcSt3LNE9/data with 0 bytes took 2ms
13:03:59.066 200 GET /api/notes/lGqmcSt3LNE9/blob with 248 bytes took 0ms
13:04:00.066 204 PUT /api/notes/lGqmcSt3LNE9/data with 0 bytes took 1ms
13:04:00.068 200 GET /api/notes/lGqmcSt3LNE9/blob with 254 bytes took 0ms
13:04:01.071 204 PUT /api/notes/lGqmcSt3LNE9/data with 0 bytes took 1ms
13:04:01.073 200 GET /api/notes/lGqmcSt3LNE9/blob with 255 bytes took 0ms
13:04:02.075 204 PUT /api/notes/lGqmcSt3LNE9/data with 0 bytes took 3ms
13:04:02.077 200 GET /api/notes/lGqmcSt3LNE9/blob with 265 bytes took 0ms
13:04:03.078 204 PUT /api/notes/lGqmcSt3LNE9/data with 0 bytes took 1ms
13:04:03.080 200 GET /api/notes/lGqmcSt3LNE9/blob with 268 bytes took 0ms
13:04:04.080 204 PUT /api/notes/lGqmcSt3LNE9/data with 0 bytes took 0ms
13:04:05.083 204 PUT /api/notes/lGqmcSt3LNE9/data with 0 bytes took 2ms
13:04:05.085 200 GET /api/notes/lGqmcSt3LNE9/blob with 274 bytes took 0ms
13:04:06.087 204 PUT /api/notes/lGqmcSt3LNE9/data with 0 bytes took 1ms
13:04:06.089 200 GET /api/notes/lGqmcSt3LNE9/blob with 275 bytes took 0ms
13:04:07.094 204 PUT /api/notes/lGqmcSt3LNE9/data with 0 bytes took 3ms
13:04:07.096 200 GET /api/notes/lGqmcSt3LNE9/blob with 274 bytes took 0ms
13:04:08.093 204 PUT /api/notes/lGqmcSt3LNE9/data with 0 bytes took 1ms
13:04:08.096 200 GET /api/notes/lGqmcSt3LNE9/blob with 279 bytes took 0ms
13:04:09.098 204 PUT /api/notes/lGqmcSt3LNE9/data with 0 bytes took 1ms
13:04:09.100 200 GET /api/notes/lGqmcSt3LNE9/blob with 278 bytes took 0ms
13:04:10.099 204 PUT /api/notes/lGqmcSt3LNE9/data with 0 bytes took 1ms
13:04:10.105 200 GET /api/notes/lGqmcSt3LNE9/blob with 283 bytes took 0ms
13:04:11.105 204 PUT /api/notes/lGqmcSt3LNE9/data with 0 bytes took 6ms
13:04:11.107 200 GET /api/notes/lGqmcSt3LNE9/blob with 295 bytes took 0ms
13:04:12.105 204 PUT /api/notes/lGqmcSt3LNE9/data with 0 bytes took 5ms
13:04:12.107 200 GET /api/notes/lGqmcSt3LNE9/blob with 297 bytes took 0ms
13:04:13.103 204 PUT /api/notes/lGqmcSt3LNE9/data with 0 bytes took 1ms
13:04:13.106 200 GET /api/notes/lGqmcSt3LNE9/blob with 304 bytes took 1ms
13:04:14.107 204 PUT /api/notes/lGqmcSt3LNE9/data with 0 bytes took 1ms
13:04:14.109 200 GET /api/notes/lGqmcSt3LNE9/blob with 314 bytes took 0ms
13:04:15.634 204 PUT /api/notes/lGqmcSt3LNE9/data with 0 bytes took 2ms
13:04:15.636 200 GET /api/notes/lGqmcSt3LNE9/blob with 310 bytes took 0ms
13:04:16.638 204 PUT /api/notes/lGqmcSt3LNE9/data with 0 bytes took 1ms
13:04:16.640 200 GET /api/notes/lGqmcSt3LNE9/blob with 317 bytes took 0ms
13:04:17.644 204 PUT /api/notes/lGqmcSt3LNE9/data with 0 bytes took 3ms
13:04:17.646 200 GET /api/notes/lGqmcSt3LNE9/blob with 323 bytes took 0ms
13:04:20.205 204 PUT /api/notes/lGqmcSt3LNE9/data with 0 bytes took 2ms
13:04:20.207 200 GET /api/notes/lGqmcSt3LNE9/blob with 317 bytes took 1ms
13:04:21.208 204 PUT /api/notes/lGqmcSt3LNE9/data with 0 bytes took 2ms
13:04:21.210 200 GET /api/notes/lGqmcSt3LNE9/blob with 320 bytes took 0ms
13:04:22.214 204 PUT /api/notes/lGqmcSt3LNE9/data with 0 bytes took 2ms
13:04:22.216 200 GET /api/notes/lGqmcSt3LNE9/blob with 327 bytes took 0ms
13:04:23.219 204 PUT /api/notes/lGqmcSt3LNE9/data with 0 bytes took 1ms
13:04:23.222 200 GET /api/notes/lGqmcSt3LNE9/blob with 329 bytes took 1ms
13:04:24.224 204 PUT /api/notes/lGqmcSt3LNE9/data with 0 bytes took 1ms
13:04:24.227 200 GET /api/notes/lGqmcSt3LNE9/blob with 324 bytes took 1ms
13:04:25.229 204 PUT /api/notes/lGqmcSt3LNE9/data with 0 bytes took 1ms
13:04:25.232 200 GET /api/notes/lGqmcSt3LNE9/blob with 337 bytes took 1ms
13:04:26.234 204 PUT /api/notes/lGqmcSt3LNE9/data with 0 bytes took 1ms
13:04:26.236 200 GET /api/notes/lGqmcSt3LNE9/blob with 350 bytes took 0ms
13:04:27.236 204 PUT /api/notes/lGqmcSt3LNE9/data with 0 bytes took 1ms
13:04:27.239 200 GET /api/notes/lGqmcSt3LNE9/blob with 363 bytes took 1ms
13:04:28.241 204 PUT /api/notes/lGqmcSt3LNE9/data with 0 bytes took 2ms
13:04:28.243 200 GET /api/notes/lGqmcSt3LNE9/blob with 368 bytes took 0ms
13:04:29.244 204 PUT /api/notes/lGqmcSt3LNE9/data with 0 bytes took 1ms
13:04:29.248 200 GET /api/notes/lGqmcSt3LNE9/blob with 375 bytes took 1ms
13:04:30.247 204 PUT /api/notes/lGqmcSt3LNE9/data with 0 bytes took 1ms
13:04:30.249 200 GET /api/notes/lGqmcSt3LNE9/blob with 378 bytes took 0ms
13:04:31.250 204 PUT /api/notes/lGqmcSt3LNE9/data with 0 bytes took 1ms
13:04:31.252 200 GET /api/notes/lGqmcSt3LNE9/blob with 385 bytes took 0ms
13:04:32.255 204 PUT /api/notes/lGqmcSt3LNE9/data with 0 bytes took 2ms
13:04:32.257 200 GET /api/notes/lGqmcSt3LNE9/blob with 392 bytes took 0ms
13:04:33.255 204 PUT /api/notes/lGqmcSt3LNE9/data with 0 bytes took 1ms
13:04:33.258 200 GET /api/notes/lGqmcSt3LNE9/blob with 396 bytes took 1ms
13:04:34.260 204 PUT /api/notes/lGqmcSt3LNE9/data with 0 bytes took 2ms
13:04:34.262 200 GET /api/notes/lGqmcSt3LNE9/blob with 403 bytes took 0ms
13:04:35.264 204 PUT /api/notes/lGqmcSt3LNE9/data with 0 bytes took 2ms
13:04:35.266 200 GET /api/notes/lGqmcSt3LNE9/blob with 413 bytes took 0ms
13:04:36.267 204 PUT /api/notes/lGqmcSt3LNE9/data with 0 bytes took 1ms
13:04:36.270 200 GET /api/notes/lGqmcSt3LNE9/blob with 414 bytes took 0ms
13:04:37.270 204 PUT /api/notes/lGqmcSt3LNE9/data with 0 bytes took 1ms
13:04:37.272 200 GET /api/notes/lGqmcSt3LNE9/blob with 417 bytes took 0ms
13:04:38.274 204 PUT /api/notes/lGqmcSt3LNE9/data with 0 bytes took 1ms
13:04:38.277 200 GET /api/notes/lGqmcSt3LNE9/blob with 421 bytes took 1ms
13:04:39.279 204 PUT /api/notes/lGqmcSt3LNE9/data with 0 bytes took 1ms
13:04:39.281 200 GET /api/notes/lGqmcSt3LNE9/blob with 428 bytes took 0ms
13:04:40.285 204 PUT /api/notes/lGqmcSt3LNE9/data with 0 bytes took 3ms
13:04:40.287 200 GET /api/notes/lGqmcSt3LNE9/blob with 433 bytes took 0ms
13:04:41.285 204 PUT /api/notes/lGqmcSt3LNE9/data with 0 bytes took 1ms
13:04:41.287 200 GET /api/notes/lGqmcSt3LNE9/blob with 441 bytes took 0ms
13:04:42.288 204 PUT /api/notes/lGqmcSt3LNE9/data with 0 bytes took 1ms
13:04:42.290 200 GET /api/notes/lGqmcSt3LNE9/blob with 449 bytes took 0ms
13:04:43.291 204 PUT /api/notes/lGqmcSt3LNE9/data with 0 bytes took 1ms
13:04:43.293 200 GET /api/notes/lGqmcSt3LNE9/blob with 455 bytes took 0ms
13:04:44.293 204 PUT /api/notes/lGqmcSt3LNE9/data with 0 bytes took 1ms
13:04:44.295 200 GET /api/notes/lGqmcSt3LNE9/blob with 463 bytes took 0ms
13:04:45.299 204 PUT /api/notes/lGqmcSt3LNE9/data with 0 bytes took 2ms
13:04:45.302 200 GET /api/notes/lGqmcSt3LNE9/blob with 460 bytes took 0ms
13:04:46.303 204 PUT /api/notes/lGqmcSt3LNE9/data with 0 bytes took 2ms
13:04:46.305 200 GET /api/notes/lGqmcSt3LNE9/blob with 463 bytes took 0ms
13:04:47.306 204 PUT /api/notes/lGqmcSt3LNE9/data with 0 bytes took 1ms
13:04:47.309 200 GET /api/notes/lGqmcSt3LNE9/blob with 471 bytes took 1ms
13:04:48.312 204 PUT /api/notes/lGqmcSt3LNE9/data with 0 bytes took 2ms
13:04:48.314 200 GET /api/notes/lGqmcSt3LNE9/blob with 475 bytes took 0ms
13:04:49.315 204 PUT /api/notes/lGqmcSt3LNE9/data with 0 bytes took 2ms
13:04:49.317 200 GET /api/notes/lGqmcSt3LNE9/blob with 476 bytes took 0ms
13:04:50.318 204 PUT /api/notes/lGqmcSt3LNE9/data with 0 bytes took 3ms
13:04:50.321 200 GET /api/notes/lGqmcSt3LNE9/blob with 483 bytes took 1ms
13:04:51.320 204 PUT /api/notes/lGqmcSt3LNE9/data with 0 bytes took 1ms
13:04:51.323 200 GET /api/notes/lGqmcSt3LNE9/blob with 486 bytes took 0ms
13:04:53.263 204 PUT /api/notes/lGqmcSt3LNE9/data with 0 bytes took 1ms
13:04:53.265 200 GET /api/notes/lGqmcSt3LNE9/blob with 487 bytes took 0ms
13:04:54.268 204 PUT /api/notes/lGqmcSt3LNE9/data with 0 bytes took 1ms
13:04:54.270 200 GET /api/notes/lGqmcSt3LNE9/blob with 491 bytes took 0ms
13:04:55.271 204 PUT /api/notes/lGqmcSt3LNE9/data with 0 bytes took 2ms
13:04:55.273 200 GET /api/notes/lGqmcSt3LNE9/blob with 496 bytes took 0ms
13:04:56.276 204 PUT /api/notes/lGqmcSt3LNE9/data with 0 bytes took 2ms
13:04:56.278 200 GET /api/notes/lGqmcSt3LNE9/blob with 509 bytes took 1ms
13:04:57.280 204 PUT /api/notes/lGqmcSt3LNE9/data with 0 bytes took 2ms
13:04:57.282 200 GET /api/notes/lGqmcSt3LNE9/blob with 517 bytes took 0ms
13:04:58.284 204 PUT /api/notes/lGqmcSt3LNE9/data with 0 bytes took 1ms
13:04:58.286 200 GET /api/notes/lGqmcSt3LNE9/blob with 522 bytes took 0ms
13:04:59.286 204 PUT /api/notes/lGqmcSt3LNE9/data with 0 bytes took 1ms
13:04:59.289 200 GET /api/notes/lGqmcSt3LNE9/blob with 525 bytes took 1ms
13:05:00.879 204 PUT /api/notes/lGqmcSt3LNE9/data with 0 bytes took 2ms
13:05:00.881 200 GET /api/notes/lGqmcSt3LNE9/blob with 521 bytes took 0ms
13:05:01.883 204 PUT /api/notes/lGqmcSt3LNE9/data with 0 bytes took 1ms
13:05:01.885 200 GET /api/notes/lGqmcSt3LNE9/blob with 532 bytes took 0ms
13:05:02.885 204 PUT /api/notes/lGqmcSt3LNE9/data with 0 bytes took 1ms
13:05:02.887 200 GET /api/notes/lGqmcSt3LNE9/blob with 528 bytes took 0ms
13:05:03.889 204 PUT /api/notes/lGqmcSt3LNE9/data with 0 bytes took 1ms
13:05:03.892 200 GET /api/notes/lGqmcSt3LNE9/blob with 530 bytes took 1ms
13:05:04.891 204 PUT /api/notes/lGqmcSt3LNE9/data with 0 bytes took 2ms
13:05:04.893 200 GET /api/notes/lGqmcSt3LNE9/blob with 540 bytes took 0ms
13:05:15.731 204 PUT /api/notes/lGqmcSt3LNE9/data with 0 bytes took 1ms
13:05:15.736 200 GET /api/notes/lGqmcSt3LNE9/blob with 536 bytes took 0ms
13:05:16.738 204 PUT /api/notes/lGqmcSt3LNE9/data with 0 bytes took 2ms
13:05:16.740 200 GET /api/notes/lGqmcSt3LNE9/blob with 541 bytes took 0ms
13:05:17.746 204 PUT /api/notes/lGqmcSt3LNE9/data with 0 bytes took 6ms
13:05:17.748 200 GET /api/notes/lGqmcSt3LNE9/blob with 547 bytes took 0ms
13:05:18.747 204 PUT /api/notes/lGqmcSt3LNE9/data with 0 bytes took 5ms
13:05:18.750 200 GET /api/notes/lGqmcSt3LNE9/blob with 553 bytes took 1ms
13:05:19.746 204 PUT /api/notes/lGqmcSt3LNE9/data with 0 bytes took 1ms
13:05:19.748 200 GET /api/notes/lGqmcSt3LNE9/blob with 557 bytes took 0ms
13:05:20.749 204 PUT /api/notes/lGqmcSt3LNE9/data with 0 bytes took 1ms
13:05:20.752 200 GET /api/notes/lGqmcSt3LNE9/blob with 569 bytes took 0ms
13:05:21.755 204 PUT /api/notes/lGqmcSt3LNE9/data with 0 bytes took 2ms
13:05:21.757 200 GET /api/notes/lGqmcSt3LNE9/blob with 569 bytes took 0ms
13:05:22.758 204 PUT /api/notes/lGqmcSt3LNE9/data with 0 bytes took 1ms
13:05:22.761 200 GET /api/notes/lGqmcSt3LNE9/blob with 580 bytes took 0ms
13:05:23.761 204 PUT /api/notes/lGqmcSt3LNE9/data with 0 bytes took 2ms
13:05:23.764 200 GET /api/notes/lGqmcSt3LNE9/blob with 583 bytes took 0ms
13:05:24.765 204 PUT /api/notes/lGqmcSt3LNE9/data with 0 bytes took 1ms
13:05:24.767 200 GET /api/notes/lGqmcSt3LNE9/blob with 589 bytes took 0ms
13:05:25.770 204 PUT /api/notes/lGqmcSt3LNE9/data with 0 bytes took 2ms
13:05:25.772 200 GET /api/notes/lGqmcSt3LNE9/blob with 588 bytes took 1ms
13:05:26.774 204 PUT /api/notes/lGqmcSt3LNE9/data with 0 bytes took 1ms
13:05:26.777 200 GET /api/notes/lGqmcSt3LNE9/blob with 596 bytes took 0ms
13:05:27.778 204 PUT /api/notes/lGqmcSt3LNE9/data with 0 bytes took 1ms
13:05:27.780 200 GET /api/notes/lGqmcSt3LNE9/blob with 603 bytes took 0ms
13:05:28.781 204 PUT /api/notes/lGqmcSt3LNE9/data with 0 bytes took 3ms
13:05:28.784 200 GET /api/notes/lGqmcSt3LNE9/blob with 611 bytes took 1ms
13:05:29.784 204 PUT /api/notes/lGqmcSt3LNE9/data with 0 bytes took 1ms
13:05:29.786 200 GET /api/notes/lGqmcSt3LNE9/blob with 619 bytes took 0ms
13:05:30.786 204 PUT /api/notes/lGqmcSt3LNE9/data with 0 bytes took 1ms
13:05:30.789 200 GET /api/notes/lGqmcSt3LNE9/blob with 628 bytes took 0ms
13:05:31.788 204 PUT /api/notes/lGqmcSt3LNE9/data with 0 bytes took 2ms
13:05:31.790 200 GET /api/notes/lGqmcSt3LNE9/blob with 632 bytes took 0ms
13:05:32.793 204 PUT /api/notes/lGqmcSt3LNE9/data with 0 bytes took 2ms
13:05:32.795 200 GET /api/notes/lGqmcSt3LNE9/blob with 636 bytes took 0ms
13:05:33.796 204 PUT /api/notes/lGqmcSt3LNE9/data with 0 bytes took 3ms
13:05:33.799 200 GET /api/notes/lGqmcSt3LNE9/blob with 644 bytes took 1ms
13:05:34.799 204 PUT /api/notes/lGqmcSt3LNE9/data with 0 bytes took 1ms
13:05:34.801 200 GET /api/notes/lGqmcSt3LNE9/blob with 652 bytes took 0ms
13:05:35.803 204 PUT /api/notes/lGqmcSt3LNE9/data with 0 bytes took 1ms
13:05:35.805 200 GET /api/notes/lGqmcSt3LNE9/blob with 653 bytes took 0ms
13:05:36.807 204 PUT /api/notes/lGqmcSt3LNE9/data with 0 bytes took 1ms
13:05:36.810 200 GET /api/notes/lGqmcSt3LNE9/blob with 658 bytes took 1ms
13:05:37.810 204 PUT /api/notes/lGqmcSt3LNE9/data with 0 bytes took 2ms
13:05:37.812 200 GET /api/notes/lGqmcSt3LNE9/blob with 663 bytes took 0ms
13:05:38.814 204 PUT /api/notes/lGqmcSt3LNE9/data with 0 bytes took 3ms
13:05:38.816 200 GET /api/notes/lGqmcSt3LNE9/blob with 670 bytes took 0ms
13:05:39.817 204 PUT /api/notes/lGqmcSt3LNE9/data with 0 bytes took 1ms
13:05:39.820 200 GET /api/notes/lGqmcSt3LNE9/blob with 680 bytes took 0ms
13:05:40.824 204 PUT /api/notes/lGqmcSt3LNE9/data with 0 bytes took 1ms
13:05:40.826 200 GET /api/notes/lGqmcSt3LNE9/blob with 684 bytes took 0ms
13:05:41.829 204 PUT /api/notes/lGqmcSt3LNE9/data with 0 bytes took 2ms
13:05:41.831 200 GET /api/notes/lGqmcSt3LNE9/blob with 693 bytes took 0ms
13:05:42.832 204 PUT /api/notes/lGqmcSt3LNE9/data with 0 bytes took 1ms
13:05:42.834 200 GET /api/notes/lGqmcSt3LNE9/blob with 702 bytes took 0ms
13:05:43.837 204 PUT /api/notes/lGqmcSt3LNE9/data with 0 bytes took 2ms
13:05:43.839 200 GET /api/notes/lGqmcSt3LNE9/blob with 711 bytes took 0ms
13:05:44.840 204 PUT /api/notes/lGqmcSt3LNE9/data with 0 bytes took 1ms
13:05:44.843 200 GET /api/notes/lGqmcSt3LNE9/blob with 721 bytes took 0ms
13:05:45.842 204 PUT /api/notes/lGqmcSt3LNE9/data with 0 bytes took 1ms
13:05:45.844 200 GET /api/notes/lGqmcSt3LNE9/blob with 718 bytes took 0ms
13:05:46.847 204 PUT /api/notes/lGqmcSt3LNE9/data with 0 bytes took 2ms
13:05:46.849 200 GET /api/notes/lGqmcSt3LNE9/blob with 723 bytes took 0ms
13:05:47.848 204 PUT /api/notes/lGqmcSt3LNE9/data with 0 bytes took 2ms
13:05:47.850 200 GET /api/notes/lGqmcSt3LNE9/blob with 734 bytes took 0ms
13:05:49.659 204 PUT /api/notes/lGqmcSt3LNE9/data with 0 bytes took 2ms
13:05:49.661 200 GET /api/notes/lGqmcSt3LNE9/blob with 730 bytes took 0ms
13:05:50.662 204 PUT /api/notes/lGqmcSt3LNE9/data with 0 bytes took 2ms
13:05:50.664 200 GET /api/notes/lGqmcSt3LNE9/blob with 737 bytes took 0ms
13:05:52.920 204 PUT /api/notes/lGqmcSt3LNE9/data with 0 bytes took 1ms
13:05:52.922 200 GET /api/notes/lGqmcSt3LNE9/blob with 731 bytes took 0ms
13:05:53.924 204 PUT /api/notes/lGqmcSt3LNE9/data with 0 bytes took 1ms
13:05:53.926 200 GET /api/notes/lGqmcSt3LNE9/blob with 730 bytes took 0ms
13:05:54.928 204 PUT /api/notes/lGqmcSt3LNE9/data with 0 bytes took 1ms
13:05:54.930 200 GET /api/notes/lGqmcSt3LNE9/blob with 737 bytes took 0ms
13:05:55.930 204 PUT /api/notes/lGqmcSt3LNE9/data with 0 bytes took 1ms
13:05:55.932 200 GET /api/notes/lGqmcSt3LNE9/blob with 746 bytes took 0ms
13:05:56.932 204 PUT /api/notes/lGqmcSt3LNE9/data with 0 bytes took 1ms
13:05:56.935 200 GET /api/notes/lGqmcSt3LNE9/blob with 753 bytes took 0ms
13:05:57.934 204 PUT /api/notes/lGqmcSt3LNE9/data with 0 bytes took 2ms
13:05:57.936 200 GET /api/notes/lGqmcSt3LNE9/blob with 767 bytes took 1ms
13:05:58.936 204 PUT /api/notes/lGqmcSt3LNE9/data with 0 bytes took 1ms
13:05:58.939 200 GET /api/notes/lGqmcSt3LNE9/blob with 764 bytes took 0ms
13:05:59.940 204 PUT /api/notes/lGqmcSt3LNE9/data with 0 bytes took 3ms
13:05:59.943 200 GET /api/notes/lGqmcSt3LNE9/blob with 772 bytes took 0ms
13:06:00.943 204 PUT /api/notes/lGqmcSt3LNE9/data with 0 bytes took 1ms
13:06:00.946 200 GET /api/notes/lGqmcSt3LNE9/blob with 779 bytes took 0ms
13:06:01.948 204 PUT /api/notes/lGqmcSt3LNE9/data with 0 bytes took 1ms
13:06:01.950 200 GET /api/notes/lGqmcSt3LNE9/blob with 788 bytes took 0ms
13:06:02.954 204 PUT /api/notes/lGqmcSt3LNE9/data with 0 bytes took 2ms
13:06:02.956 200 GET /api/notes/lGqmcSt3LNE9/blob with 795 bytes took 0ms
13:06:03.955 204 PUT /api/notes/lGqmcSt3LNE9/data with 0 bytes took 1ms
13:06:03.957 200 GET /api/notes/lGqmcSt3LNE9/blob with 803 bytes took 0ms
13:06:04.960 204 PUT /api/notes/lGqmcSt3LNE9/data with 0 bytes took 3ms
13:06:04.963 200 GET /api/notes/lGqmcSt3LNE9/blob with 809 bytes took 0ms
13:06:05.963 204 PUT /api/notes/lGqmcSt3LNE9/data with 0 bytes took 2ms
13:06:05.965 200 GET /api/notes/lGqmcSt3LNE9/blob with 822 bytes took 0ms
13:06:06.966 204 PUT /api/notes/lGqmcSt3LNE9/data with 0 bytes took 0ms
13:06:07.968 204 PUT /api/notes/lGqmcSt3LNE9/data with 0 bytes took 1ms
13:06:07.971 200 GET /api/notes/lGqmcSt3LNE9/blob with 819 bytes took 1ms
13:06:08.971 204 PUT /api/notes/lGqmcSt3LNE9/data with 0 bytes took 2ms
13:06:08.973 200 GET /api/notes/lGqmcSt3LNE9/blob with 822 bytes took 0ms
13:06:10.425 204 PUT /api/notes/lGqmcSt3LNE9/data with 0 bytes took 3ms
13:06:10.427 200 GET /api/notes/lGqmcSt3LNE9/blob with 817 bytes took 0ms
13:06:11.429 204 PUT /api/notes/lGqmcSt3LNE9/data with 0 bytes took 1ms
13:06:11.431 200 GET /api/notes/lGqmcSt3LNE9/blob with 829 bytes took 0ms
13:06:12.432 204 PUT /api/notes/lGqmcSt3LNE9/data with 0 bytes took 1ms
13:06:12.435 200 GET /api/notes/lGqmcSt3LNE9/blob with 831 bytes took 1ms
13:06:13.437 204 PUT /api/notes/lGqmcSt3LNE9/data with 0 bytes took 1ms
13:06:13.439 200 GET /api/notes/lGqmcSt3LNE9/blob with 837 bytes took 0ms
13:06:14.446 204 PUT /api/notes/lGqmcSt3LNE9/data with 0 bytes took 6ms
13:06:14.448 200 GET /api/notes/lGqmcSt3LNE9/blob with 851 bytes took 1ms
13:06:15.449 204 PUT /api/notes/lGqmcSt3LNE9/data with 0 bytes took 5ms
13:06:15.451 200 GET /api/notes/lGqmcSt3LNE9/blob with 860 bytes took 0ms
13:06:16.451 204 PUT /api/notes/lGqmcSt3LNE9/data with 0 bytes took 2ms
13:06:16.453 200 GET /api/notes/lGqmcSt3LNE9/blob with 863 bytes took 0ms
13:06:17.452 204 PUT /api/notes/lGqmcSt3LNE9/data with 0 bytes took 0ms
13:06:18.457 204 PUT /api/notes/lGqmcSt3LNE9/data with 0 bytes took 1ms
13:06:18.459 200 GET /api/notes/lGqmcSt3LNE9/blob with 863 bytes took 0ms
13:06:19.461 204 PUT /api/notes/lGqmcSt3LNE9/data with 0 bytes took 1ms
13:06:19.463 200 GET /api/notes/lGqmcSt3LNE9/blob with 868 bytes took 0ms
13:06:20.464 204 PUT /api/notes/lGqmcSt3LNE9/data with 0 bytes took 2ms
13:06:20.467 200 GET /api/notes/lGqmcSt3LNE9/blob with 876 bytes took 1ms
13:06:21.468 204 PUT /api/notes/lGqmcSt3LNE9/data with 0 bytes took 1ms
13:06:21.470 200 GET /api/notes/lGqmcSt3LNE9/blob with 889 bytes took 0ms
13:06:22.471 204 PUT /api/notes/lGqmcSt3LNE9/data with 0 bytes took 1ms
13:06:22.474 200 GET /api/notes/lGqmcSt3LNE9/blob with 888 bytes took 0ms
13:06:23.475 204 PUT /api/notes/lGqmcSt3LNE9/data with 0 bytes took 1ms
13:06:23.477 200 GET /api/notes/lGqmcSt3LNE9/blob with 895 bytes took 0ms
13:06:24.481 204 PUT /api/notes/lGqmcSt3LNE9/data with 0 bytes took 1ms
13:06:24.483 200 GET /api/notes/lGqmcSt3LNE9/blob with 902 bytes took 0ms
13:06:25.484 204 PUT /api/notes/lGqmcSt3LNE9/data with 0 bytes took 2ms
13:06:25.486 200 GET /api/notes/lGqmcSt3LNE9/blob with 909 bytes took 0ms
13:06:26.487 204 PUT /api/notes/lGqmcSt3LNE9/data with 0 bytes took 2ms
13:06:26.489 200 GET /api/notes/lGqmcSt3LNE9/blob with 922 bytes took 1ms
13:06:27.490 204 PUT /api/notes/lGqmcSt3LNE9/data with 0 bytes took 1ms
13:06:27.492 200 GET /api/notes/lGqmcSt3LNE9/blob with 926 bytes took 0ms
13:06:28.495 204 PUT /api/notes/lGqmcSt3LNE9/data with 0 bytes took 1ms
13:06:28.497 200 GET /api/notes/lGqmcSt3LNE9/blob with 935 bytes took 0ms
13:06:29.498 204 PUT /api/notes/lGqmcSt3LNE9/data with 0 bytes took 2ms
13:06:29.500 200 GET /api/notes/lGqmcSt3LNE9/blob with 933 bytes took 0ms
13:06:30.500 204 PUT /api/notes/lGqmcSt3LNE9/data with 0 bytes took 2ms
13:06:30.503 200 GET /api/notes/lGqmcSt3LNE9/blob with 940 bytes took 0ms
13:06:31.501 204 PUT /api/notes/lGqmcSt3LNE9/data with 0 bytes took 1ms
13:06:31.503 200 GET /api/notes/lGqmcSt3LNE9/blob with 949 bytes took 0ms
13:06:32.504 204 PUT /api/notes/lGqmcSt3LNE9/data with 0 bytes took 1ms
13:06:32.506 200 GET /api/notes/lGqmcSt3LNE9/blob with 956 bytes took 0ms
13:06:33.506 204 PUT /api/notes/lGqmcSt3LNE9/data with 0 bytes took 2ms
13:06:33.508 200 GET /api/notes/lGqmcSt3LNE9/blob with 967 bytes took 0ms
13:06:34.508 204 PUT /api/notes/lGqmcSt3LNE9/data with 0 bytes took 2ms
13:06:34.510 200 GET /api/notes/lGqmcSt3LNE9/blob with 967 bytes took 1ms
13:06:35.512 204 PUT /api/notes/lGqmcSt3LNE9/data with 0 bytes took 3ms
13:06:35.514 200 GET /api/notes/lGqmcSt3LNE9/blob with 970 bytes took 0ms
13:06:36.514 204 PUT /api/notes/lGqmcSt3LNE9/data with 0 bytes took 2ms
13:06:36.516 200 GET /api/notes/lGqmcSt3LNE9/blob with 976 bytes took 0ms
13:06:38.290 204 PUT /api/notes/lGqmcSt3LNE9/data with 0 bytes took 1ms
13:06:38.292 200 GET /api/notes/lGqmcSt3LNE9/blob with 972 bytes took 0ms
13:06:39.293 204 PUT /api/notes/lGqmcSt3LNE9/data with 0 bytes took 2ms
13:06:39.295 200 GET /api/notes/lGqmcSt3LNE9/blob with 979 bytes took 0ms
13:06:40.294 204 PUT /api/notes/lGqmcSt3LNE9/data with 0 bytes took 2ms
13:06:40.296 200 GET /api/notes/lGqmcSt3LNE9/blob with 986 bytes took 0ms
13:06:41.296 204 PUT /api/notes/lGqmcSt3LNE9/data with 0 bytes took 1ms
13:06:41.299 200 GET /api/notes/lGqmcSt3LNE9/blob with 987 bytes took 0ms
13:06:42.301 204 PUT /api/notes/lGqmcSt3LNE9/data with 0 bytes took 1ms
13:06:42.303 200 GET /api/notes/lGqmcSt3LNE9/blob with 993 bytes took 0ms
13:06:43.304 204 PUT /api/notes/lGqmcSt3LNE9/data with 0 bytes took 1ms
13:06:43.307 200 GET /api/notes/lGqmcSt3LNE9/blob with 1006 bytes took 0ms
13:06:44.307 204 PUT /api/notes/lGqmcSt3LNE9/data with 0 bytes took 1ms
13:06:44.310 200 GET /api/notes/lGqmcSt3LNE9/blob with 1005 bytes took 1ms
13:06:45.309 204 PUT /api/notes/lGqmcSt3LNE9/data with 0 bytes took 1ms
13:06:45.311 200 GET /api/notes/lGqmcSt3LNE9/blob with 1011 bytes took 0ms
13:06:46.315 204 PUT /api/notes/lGqmcSt3LNE9/data with 0 bytes took 2ms
13:06:46.317 200 GET /api/notes/lGqmcSt3LNE9/blob with 1005 bytes took 0ms
13:06:47.686 204 PUT /api/notes/lGqmcSt3LNE9/data with 0 bytes took 1ms
13:06:47.689 200 GET /api/notes/lGqmcSt3LNE9/blob with 1018 bytes took 1ms
13:06:58.896 204 PUT /api/notes/lGqmcSt3LNE9/data with 0 bytes took 2ms
13:06:58.900 200 GET /api/notes/lGqmcSt3LNE9/blob with 1013 bytes took 0ms
13:06:59.897 204 PUT /api/notes/lGqmcSt3LNE9/data with 0 bytes took 1ms
13:06:59.900 200 GET /api/notes/lGqmcSt3LNE9/blob with 1018 bytes took 1ms
13:07:00.899 204 PUT /api/notes/lGqmcSt3LNE9/data with 0 bytes took 1ms
13:07:00.901 200 GET /api/notes/lGqmcSt3LNE9/blob with 1018 bytes took 1ms
13:07:03.760 204 PUT /api/notes/lGqmcSt3LNE9/data with 0 bytes took 1ms
13:07:03.763 200 GET /api/notes/lGqmcSt3LNE9/blob with 1013 bytes took 0ms
13:07:04.763 204 PUT /api/notes/lGqmcSt3LNE9/data with 0 bytes took 1ms
13:07:04.765 200 GET /api/notes/lGqmcSt3LNE9/blob with 1018 bytes took 0ms
13:07:05.769 204 PUT /api/notes/lGqmcSt3LNE9/data with 0 bytes took 1ms
13:07:05.771 200 GET /api/notes/lGqmcSt3LNE9/blob with 1018 bytes took 0ms
13:07:06.774 204 PUT /api/notes/lGqmcSt3LNE9/data with 0 bytes took 2ms
13:07:06.776 200 GET /api/notes/lGqmcSt3LNE9/blob with 1018 bytes took 0ms
13:07:07.779 204 PUT /api/notes/lGqmcSt3LNE9/data with 0 bytes took 1ms
13:07:07.781 200 GET /api/notes/lGqmcSt3LNE9/blob with 1024 bytes took 0ms
13:07:08.782 204 PUT /api/notes/lGqmcSt3LNE9/data with 0 bytes took 1ms
13:07:08.784 200 GET /api/notes/lGqmcSt3LNE9/blob with 1033 bytes took 0ms
13:07:09.783 204 PUT /api/notes/lGqmcSt3LNE9/data with 0 bytes took 1ms
13:07:09.785 200 GET /api/notes/lGqmcSt3LNE9/blob with 1042 bytes took 0ms
13:07:10.786 204 PUT /api/notes/lGqmcSt3LNE9/data with 0 bytes took 1ms
13:07:10.788 200 GET /api/notes/lGqmcSt3LNE9/blob with 1055 bytes took 0ms
13:07:11.790 204 PUT /api/notes/lGqmcSt3LNE9/data with 0 bytes took 1ms
13:07:11.792 200 GET /api/notes/lGqmcSt3LNE9/blob with 1060 bytes took 0ms
13:07:12.794 204 PUT /api/notes/lGqmcSt3LNE9/data with 0 bytes took 1ms
13:07:12.797 200 GET /api/notes/lGqmcSt3LNE9/blob with 1060 bytes took 0ms
13:07:13.798 204 PUT /api/notes/lGqmcSt3LNE9/data with 0 bytes took 1ms
13:07:13.800 200 GET /api/notes/lGqmcSt3LNE9/blob with 1068 bytes took 0ms
13:07:14.806 204 PUT /api/notes/lGqmcSt3LNE9/data with 0 bytes took 6ms
13:07:14.808 200 GET /api/notes/lGqmcSt3LNE9/blob with 1077 bytes took 0ms
13:07:15.807 204 PUT /api/notes/lGqmcSt3LNE9/data with 0 bytes took 4ms
13:07:15.810 200 GET /api/notes/lGqmcSt3LNE9/blob with 1078 bytes took 0ms
13:07:16.806 204 PUT /api/notes/lGqmcSt3LNE9/data with 0 bytes took 1ms
13:07:16.807 200 GET /api/notes/lGqmcSt3LNE9/blob with 1085 bytes took 0ms
13:07:17.808 204 PUT /api/notes/lGqmcSt3LNE9/data with 0 bytes took 1ms
13:07:17.810 200 GET /api/notes/lGqmcSt3LNE9/blob with 1086 bytes took 0ms
13:07:18.812 204 PUT /api/notes/lGqmcSt3LNE9/data with 0 bytes took 1ms
13:07:18.814 200 GET /api/notes/lGqmcSt3LNE9/blob with 1093 bytes took 0ms
13:07:19.814 204 PUT /api/notes/lGqmcSt3LNE9/data with 0 bytes took 1ms
13:07:19.816 200 GET /api/notes/lGqmcSt3LNE9/blob with 1086 bytes took 0ms
13:07:20.818 204 PUT /api/notes/lGqmcSt3LNE9/data with 0 bytes took 3ms
13:07:20.821 200 GET /api/notes/lGqmcSt3LNE9/blob with 1087 bytes took 1ms
13:07:21.820 204 PUT /api/notes/lGqmcSt3LNE9/data with 0 bytes took 1ms
13:07:21.822 200 GET /api/notes/lGqmcSt3LNE9/blob with 1093 bytes took 0ms
13:07:23.520 204 PUT /api/notes/lGqmcSt3LNE9/data with 0 bytes took 1ms
13:07:23.522 200 GET /api/notes/lGqmcSt3LNE9/blob with 1089 bytes took 0ms
13:07:24.524 204 PUT /api/notes/lGqmcSt3LNE9/data with 0 bytes took 1ms
13:07:24.527 200 GET /api/notes/lGqmcSt3LNE9/blob with 1093 bytes took 1ms
13:07:25.530 204 PUT /api/notes/lGqmcSt3LNE9/data with 0 bytes took 1ms
13:07:25.532 200 GET /api/notes/lGqmcSt3LNE9/blob with 1103 bytes took 0ms
13:07:26.537 204 PUT /api/notes/lGqmcSt3LNE9/data with 0 bytes took 3ms
13:07:26.539 200 GET /api/notes/lGqmcSt3LNE9/blob with 1106 bytes took 0ms
13:07:27.536 204 PUT /api/notes/lGqmcSt3LNE9/data with 0 bytes took 1ms
13:07:27.539 200 GET /api/notes/lGqmcSt3LNE9/blob with 1096 bytes took 0ms
13:07:28.539 204 PUT /api/notes/lGqmcSt3LNE9/data with 0 bytes took 1ms
13:07:28.541 200 GET /api/notes/lGqmcSt3LNE9/blob with 1096 bytes took 0ms
13:07:29.541 204 PUT /api/notes/lGqmcSt3LNE9/data with 0 bytes took 2ms
13:07:29.542 200 GET /api/notes/lGqmcSt3LNE9/blob with 1093 bytes took 0ms
13:07:30.544 204 PUT /api/notes/lGqmcSt3LNE9/data with 0 bytes took 2ms
13:07:30.546 200 GET /api/notes/lGqmcSt3LNE9/blob with 1086 bytes took 0ms
13:07:33.665 204 PUT /api/notes/lGqmcSt3LNE9/data with 0 bytes took 2ms
13:07:33.667 200 GET /api/notes/lGqmcSt3LNE9/blob with 1073 bytes took 0ms
13:07:47.712 204 PUT /api/notes/lGqmcSt3LNE9/data with 0 bytes took 2ms
13:07:47.716 200 GET /api/notes/lGqmcSt3LNE9/blob with 1086 bytes took 0ms
13:07:50.474 204 PUT /api/notes/lGqmcSt3LNE9/data with 0 bytes took 1ms
13:07:50.477 200 GET /api/notes/lGqmcSt3LNE9/blob with 1081 bytes took 0ms
13:07:51.480 204 PUT /api/notes/lGqmcSt3LNE9/data with 0 bytes took 2ms
13:07:51.482 200 GET /api/notes/lGqmcSt3LNE9/blob with 1090 bytes took 0ms
13:07:52.481 204 PUT /api/notes/lGqmcSt3LNE9/data with 0 bytes took 1ms
13:07:52.484 200 GET /api/notes/lGqmcSt3LNE9/blob with 1095 bytes took 0ms
13:07:53.486 204 PUT /api/notes/lGqmcSt3LNE9/data with 0 bytes took 1ms
13:07:53.488 200 GET /api/notes/lGqmcSt3LNE9/blob with 1097 bytes took 0ms
13:07:54.494 204 PUT /api/notes/lGqmcSt3LNE9/data with 0 bytes took 1ms
13:07:54.496 200 GET /api/notes/lGqmcSt3LNE9/blob with 1110 bytes took 1ms
13:07:55.497 204 PUT /api/notes/lGqmcSt3LNE9/data with 0 bytes took 1ms
13:07:55.503 200 GET /api/notes/lGqmcSt3LNE9/blob with 1111 bytes took 0ms
13:07:56.501 204 PUT /api/notes/lGqmcSt3LNE9/data with 0 bytes took 1ms
13:07:56.503 200 GET /api/notes/lGqmcSt3LNE9/blob with 1114 bytes took 0ms
13:07:57.503 204 PUT /api/notes/lGqmcSt3LNE9/data with 0 bytes took 1ms
13:07:57.505 200 GET /api/notes/lGqmcSt3LNE9/blob with 1119 bytes took 0ms
13:07:58.509 204 PUT /api/notes/lGqmcSt3LNE9/data with 0 bytes took 2ms
13:07:58.511 200 GET /api/notes/lGqmcSt3LNE9/blob with 1126 bytes took 0ms
13:07:59.510 204 PUT /api/notes/lGqmcSt3LNE9/data with 0 bytes took 1ms
13:07:59.513 200 GET /api/notes/lGqmcSt3LNE9/blob with 1120 bytes took 0ms
13:08:00.512 204 PUT /api/notes/lGqmcSt3LNE9/data with 0 bytes took 1ms
13:08:00.514 200 GET /api/notes/lGqmcSt3LNE9/blob with 1127 bytes took 0ms
13:08:01.516 204 PUT /api/notes/lGqmcSt3LNE9/data with 0 bytes took 1ms
13:08:01.518 200 GET /api/notes/lGqmcSt3LNE9/blob with 1127 bytes took 0ms
13:08:02.521 204 PUT /api/notes/lGqmcSt3LNE9/data with 0 bytes took 2ms
13:08:02.523 200 GET /api/notes/lGqmcSt3LNE9/blob with 1136 bytes took 0ms
13:08:03.525 204 PUT /api/notes/lGqmcSt3LNE9/data with 0 bytes took 1ms
13:08:03.528 200 GET /api/notes/lGqmcSt3LNE9/blob with 1135 bytes took 1ms
13:08:04.528 204 PUT /api/notes/lGqmcSt3LNE9/data with 0 bytes took 3ms
13:08:04.530 200 GET /api/notes/lGqmcSt3LNE9/blob with 1144 bytes took 0ms
13:08:05.530 204 PUT /api/notes/lGqmcSt3LNE9/data with 0 bytes took 1ms
13:08:05.533 200 GET /api/notes/lGqmcSt3LNE9/blob with 1143 bytes took 1ms
13:08:06.535 204 PUT /api/notes/lGqmcSt3LNE9/data with 0 bytes took 2ms
13:08:06.537 200 GET /api/notes/lGqmcSt3LNE9/blob with 1150 bytes took 0ms
13:08:07.536 204 PUT /api/notes/lGqmcSt3LNE9/data with 0 bytes took 2ms
13:08:07.538 200 GET /api/notes/lGqmcSt3LNE9/blob with 1155 bytes took 0ms
13:08:08.537 204 PUT /api/notes/lGqmcSt3LNE9/data with 0 bytes took 1ms
13:08:08.540 200 GET /api/notes/lGqmcSt3LNE9/blob with 1167 bytes took 0ms
13:08:09.543 204 PUT /api/notes/lGqmcSt3LNE9/data with 0 bytes took 2ms
13:08:09.546 200 GET /api/notes/lGqmcSt3LNE9/blob with 1163 bytes took 1ms
13:08:10.546 204 PUT /api/notes/lGqmcSt3LNE9/data with 0 bytes took 1ms
13:08:10.548 200 GET /api/notes/lGqmcSt3LNE9/blob with 1171 bytes took 0ms
13:08:13.700 204 PUT /api/notes/lGqmcSt3LNE9/data with 0 bytes took 1ms
13:08:13.702 200 GET /api/notes/lGqmcSt3LNE9/blob with 1165 bytes took 0ms
13:08:14.703 204 PUT /api/notes/lGqmcSt3LNE9/data with 0 bytes took 2ms
13:08:14.706 200 GET /api/notes/lGqmcSt3LNE9/blob with 1147 bytes took 1ms
13:08:15.708 204 PUT /api/notes/lGqmcSt3LNE9/data with 0 bytes took 2ms
13:08:15.710 200 GET /api/notes/lGqmcSt3LNE9/blob with 1120 bytes took 0ms
13:08:16.710 204 PUT /api/notes/lGqmcSt3LNE9/data with 0 bytes took 1ms
13:08:16.713 200 GET /api/notes/lGqmcSt3LNE9/blob with 1110 bytes took 1ms
13:08:17.715 204 PUT /api/notes/lGqmcSt3LNE9/data with 0 bytes took 2ms
13:08:17.717 200 GET /api/notes/lGqmcSt3LNE9/blob with 1102 bytes took 0ms
13:08:18.721 204 PUT /api/notes/lGqmcSt3LNE9/data with 0 bytes took 6ms
13:08:18.723 200 GET /api/notes/lGqmcSt3LNE9/blob with 1089 bytes took 0ms
13:08:19.721 204 PUT /api/notes/lGqmcSt3LNE9/data with 0 bytes took 4ms
13:08:19.724 200 GET /api/notes/lGqmcSt3LNE9/blob with 1086 bytes took 0ms
13:08:20.720 204 PUT /api/notes/lGqmcSt3LNE9/data with 0 bytes took 1ms
13:08:20.722 200 GET /api/notes/lGqmcSt3LNE9/blob with 1073 bytes took 0ms
13:08:22.420 200 GET /api/notes/nnaLgvqadHlv/blob with 294 bytes took 0ms
13:08:22.421 200 GET /api/note-map/nnaLgvqadHlv/backlink-count with 11 bytes took 0ms
13:08:22.424 204 PUT /api/options with 0 bytes took 0ms
13:08:23.097 200 GET /api/notes/xnbm7O7A2uXL/blob with 6455 bytes took 1ms
13:08:23.097 200 GET /api/note-map/xnbm7O7A2uXL/backlink-count with 11 bytes took 0ms
13:08:23.431 204 PUT /api/options with 0 bytes took 0ms
13:08:24.322 204 PUT /api/branches/iLXZWCglWOmz_Ly1JT1SGA0d0/expanded/0 with 0 bytes took 0ms
13:08:25.714 204 PUT /api/branches/iLXZWCglWOmz_Ly1JT1SGA0d0/expanded/1 with 0 bytes took 1ms
13:09:25.948 200 GET /api/notes/lGqmcSt3LNE9/blob with 1073 bytes took 0ms
13:09:25.949 200 GET /api/note-map/lGqmcSt3LNE9/backlink-count with 11 bytes took 0ms
13:09:25.952 204 PUT /api/options with 0 bytes took 1ms
13:09:29.290 204 PUT /api/notes/lGqmcSt3LNE9/data with 0 bytes took 1ms
13:09:29.295 200 GET /api/notes/lGqmcSt3LNE9/blob with 1086 bytes took 0ms
13:10:45.369 Sending message to all clients: {"type":"taskProgressCount","taskId":"jxnhAhKSWY","taskType":"importNotes","data":{"safeImport":true,"shrinkImages":true,"textImportedAsText":true,"codeImportedAsCode":true,"explodeArchives":true,"replaceUnderscoresWithSpaces":true},"progressCount":0}
13:10:45.369 Saving image screenshot-2026-08-18.png into parent lGqmcSt3LNE9
13:10:45.370 Created new note 'xYE8rNB3TdFz', branch 'lGqmcSt3LNE9_xYE8rNB3TdFz' of type 'image', mime 'unknown'
13:10:45.391 Becca (note cache) load took 3ms
13:10:45.392 Slow 200 POST /api/notes/lGqmcSt3LNE9/notes-import with 343 bytes took 24ms
13:10:46.049 Resizing image of 181433 took 669ms
13:10:46.389 Sending message to all clients: {"type":"taskSucceeded","taskId":"jxnhAhKSWY","taskType":"importNotes","data":{"safeImport":true,"shrinkImages":true,"textImportedAsText":true,"codeImportedAsCode":true,"explodeArchives":true,"replaceUnderscoresWithSpaces":true},"result":{"parentNoteId":"lGqmcSt3LNE9","importedNoteId":"xYE8rNB3TdFz"}}
13:10:46.391 200 POST /api/tree/load with 2939 bytes took 0ms
13:10:46.418 200 GET /api/notes/xYE8rNB3TdFz/blob with 162 bytes took 1ms
13:10:46.418 200 GET /api/note-map/xYE8rNB3TdFz/backlink-count with 11 bytes took 0ms
13:10:46.421 200 GET /api/tree?subTreeNoteId=lGqmcSt3LNE9 with 2939 bytes took 1ms
13:10:46.421 204 PUT /api/options with 0 bytes took 0ms
13:10:46.433 204 PUT /api/branches/Ly1JT1SGA0d0_lGqmcSt3LNE9/expanded/1 with 0 bytes took 1ms
13:11:02.513 200 GET /api/notes/lGqmcSt3LNE9/blob with 1086 bytes took 0ms
13:11:02.514 200 GET /api/note-map/lGqmcSt3LNE9/backlink-count with 11 bytes took 1ms
13:11:02.518 204 PUT /api/options with 0 bytes took 0ms
13:11:04.140 200 GET /api/notes/lGqmcSt3LNE9/blob with 1086 bytes took 0ms
13:11:13.122 204 PUT /api/branches/Ly1JT1SGA0d0_lGqmcSt3LNE9/expanded/0 with 0 bytes took 0ms
13:11:17.260 200 GET /api/note-map/Ly1JT1SGA0d0/backlink-count with 11 bytes took 0ms
13:11:17.264 204 PUT /api/options with 0 bytes took 1ms
13:11:21.245 204 PUT /api/branches/Ly1JT1SGA0d0_lGqmcSt3LNE9/expanded/1 with 0 bytes took 0ms
13:11:22.168 204 PUT /api/branches/Ly1JT1SGA0d0_lGqmcSt3LNE9/expanded/0 with 0 bytes took 0ms
13:11:26.396 Created new note 'URW4OR266pzt', branch 'Ly1JT1SGA0d0_URW4OR266pzt' of type 'text', mime 'text/html'
13:11:26.397 200 POST /api/notes/Ly1JT1SGA0d0/children?target=into&targetBranchId= with 554 bytes took 2ms
13:11:26.399 200 POST /api/tree/load with 2580 bytes took 0ms
13:11:26.412 200 GET /api/notes/URW4OR266pzt/blob with 155 bytes took 0ms
13:11:26.413 200 GET /api/note-map/URW4OR266pzt/backlink-count with 11 bytes took 0ms
13:11:26.417 204 PUT /api/options with 0 bytes took 1ms
13:11:29.737 200 PUT /api/notes/URW4OR266pzt/title with 320 bytes took 1ms
13:11:29.741 200 GET /api/notes/URW4OR266pzt/blob with 155 bytes took 0ms
13:11:30.740 200 PUT /api/notes/URW4OR266pzt/title with 322 bytes took 1ms
13:11:31.906 200 PUT /api/notes/URW4OR266pzt/title with 321 bytes took 0ms
13:11:31.908 200 GET /api/notes/URW4OR266pzt/blob with 155 bytes took 0ms
13:11:32.910 200 PUT /api/notes/URW4OR266pzt/title with 319 bytes took 0ms
13:11:33.911 200 PUT /api/notes/URW4OR266pzt/title with 325 bytes took 1ms
13:11:33.913 200 GET /api/notes/URW4OR266pzt/blob with 155 bytes took 0ms
13:11:34.916 200 PUT /api/notes/URW4OR266pzt/title with 325 bytes took 1ms
13:11:35.918 200 PUT /api/notes/URW4OR266pzt/title with 319 bytes took 1ms
13:11:35.920 200 GET /api/notes/URW4OR266pzt/blob with 155 bytes took 0ms
13:11:36.922 200 PUT /api/notes/URW4OR266pzt/title with 325 bytes took 1ms
13:11:37.924 200 PUT /api/notes/URW4OR266pzt/title with 334 bytes took 1ms
13:11:37.926 200 GET /api/notes/URW4OR266pzt/blob with 155 bytes took 0ms
13:11:38.927 200 PUT /api/notes/URW4OR266pzt/title with 344 bytes took 1ms
13:11:39.928 200 PUT /api/notes/URW4OR266pzt/title with 347 bytes took 1ms
13:11:39.930 200 GET /api/notes/URW4OR266pzt/blob with 155 bytes took 0ms
13:11:40.932 200 PUT /api/notes/URW4OR266pzt/title with 352 bytes took 1ms
13:11:41.378 200 GET /api/notes/URW4OR266pzt/blob with 155 bytes took 0ms
13:11:41.383 200 PUT /api/notes/URW4OR266pzt/title with 355 bytes took 0ms
13:11:46.055 200 GET /api/note-map/Ly1JT1SGA0d0/backlink-count with 11 bytes took 0ms
13:11:46.058 204 PUT /api/options with 0 bytes took 0ms
13:11:48.103 Created new note 'mKzmTbJFxFh2', branch 'Ly1JT1SGA0d0_mKzmTbJFxFh2' of type 'text', mime 'text/html'
13:11:48.103 200 POST /api/notes/Ly1JT1SGA0d0/children?target=into&targetBranchId= with 554 bytes took 2ms
13:11:48.105 200 POST /api/tree/load with 2726 bytes took 1ms
13:11:48.117 200 GET /api/notes/mKzmTbJFxFh2/blob with 155 bytes took 0ms
13:11:48.118 200 GET /api/note-map/mKzmTbJFxFh2/backlink-count with 11 bytes took 0ms
13:11:48.121 204 PUT /api/options with 0 bytes took 1ms
13:11:48.701 200 PUT /api/notes/mKzmTbJFxFh2/title with 320 bytes took 1ms
13:11:49.702 200 PUT /api/notes/mKzmTbJFxFh2/title with 323 bytes took 1ms
13:11:49.704 200 GET /api/notes/mKzmTbJFxFh2/blob with 155 bytes took 0ms
13:11:50.706 200 PUT /api/notes/mKzmTbJFxFh2/title with 332 bytes took 1ms
13:11:51.710 200 PUT /api/notes/mKzmTbJFxFh2/title with 339 bytes took 1ms
13:11:51.712 200 GET /api/notes/mKzmTbJFxFh2/blob with 155 bytes took 0ms
13:11:52.713 200 PUT /api/notes/mKzmTbJFxFh2/title with 347 bytes took 1ms
13:11:53.715 200 PUT /api/notes/mKzmTbJFxFh2/title with 356 bytes took 0ms
13:11:53.717 200 GET /api/notes/mKzmTbJFxFh2/blob with 155 bytes took 0ms
13:11:54.720 200 PUT /api/notes/mKzmTbJFxFh2/title with 364 bytes took 1ms
13:11:55.722 200 PUT /api/notes/mKzmTbJFxFh2/title with 374 bytes took 1ms
13:11:55.724 200 GET /api/notes/mKzmTbJFxFh2/blob with 155 bytes took 0ms
13:11:56.725 200 PUT /api/notes/mKzmTbJFxFh2/title with 375 bytes took 0ms
13:11:56.727 200 GET /api/notes/mKzmTbJFxFh2/blob with 155 bytes took 0ms
13:11:57.730 200 PUT /api/notes/mKzmTbJFxFh2/title with 375 bytes took 1ms
13:11:58.732 200 PUT /api/notes/mKzmTbJFxFh2/title with 375 bytes took 1ms
13:11:58.734 200 GET /api/notes/mKzmTbJFxFh2/blob with 155 bytes took 0ms
13:12:00.008 204 PUT /api/notes/mKzmTbJFxFh2/data with 0 bytes took 2ms
13:12:00.011 200 GET /api/notes/mKzmTbJFxFh2/blob with 163 bytes took 0ms
13:12:01.010 204 PUT /api/notes/mKzmTbJFxFh2/data with 0 bytes took 1ms
13:12:01.012 200 GET /api/notes/mKzmTbJFxFh2/blob with 171 bytes took 0ms
13:12:02.013 204 PUT /api/notes/mKzmTbJFxFh2/data with 0 bytes took 1ms
13:12:02.016 200 GET /api/notes/mKzmTbJFxFh2/blob with 178 bytes took 1ms
13:12:03.035 204 PUT /api/notes/mKzmTbJFxFh2/data with 0 bytes took 2ms
13:12:03.036 200 GET /api/notes/mKzmTbJFxFh2/blob with 174 bytes took 0ms
13:12:04.037 204 PUT /api/notes/mKzmTbJFxFh2/data with 0 bytes took 2ms
13:12:04.039 200 GET /api/notes/mKzmTbJFxFh2/blob with 181 bytes took 0ms
13:12:05.039 204 PUT /api/notes/mKzmTbJFxFh2/data with 0 bytes took 2ms
13:12:05.041 200 GET /api/notes/mKzmTbJFxFh2/blob with 190 bytes took 0ms
13:12:08.965 204 PUT /api/notes/mKzmTbJFxFh2/data with 0 bytes took 1ms
13:12:08.969 200 GET /api/notes/mKzmTbJFxFh2/blob with 186 bytes took 0ms
13:12:09.970 204 PUT /api/notes/mKzmTbJFxFh2/data with 0 bytes took 1ms
13:12:09.972 200 GET /api/notes/mKzmTbJFxFh2/blob with 192 bytes took 0ms
13:12:10.974 204 PUT /api/notes/mKzmTbJFxFh2/data with 0 bytes took 2ms
13:12:10.976 200 GET /api/notes/mKzmTbJFxFh2/blob with 201 bytes took 0ms
13:12:11.978 204 PUT /api/notes/mKzmTbJFxFh2/data with 0 bytes took 2ms
13:12:11.980 200 GET /api/notes/mKzmTbJFxFh2/blob with 208 bytes took 0ms
13:12:12.983 204 PUT /api/notes/mKzmTbJFxFh2/data with 0 bytes took 2ms
13:12:12.985 200 GET /api/notes/mKzmTbJFxFh2/blob with 205 bytes took 0ms
13:12:13.987 204 PUT /api/notes/mKzmTbJFxFh2/data with 0 bytes took 2ms
13:12:13.989 200 GET /api/notes/mKzmTbJFxFh2/blob with 207 bytes took 0ms
13:12:14.992 204 PUT /api/notes/mKzmTbJFxFh2/data with 0 bytes took 1ms
13:12:14.994 200 GET /api/notes/mKzmTbJFxFh2/blob with 204 bytes took 0ms
13:12:15.994 204 PUT /api/notes/mKzmTbJFxFh2/data with 0 bytes took 1ms
13:12:15.997 200 GET /api/notes/mKzmTbJFxFh2/blob with 210 bytes took 0ms
13:12:16.998 204 PUT /api/notes/mKzmTbJFxFh2/data with 0 bytes took 1ms
13:12:17.001 200 GET /api/notes/mKzmTbJFxFh2/blob with 214 bytes took 0ms
13:12:18.003 204 PUT /api/notes/mKzmTbJFxFh2/data with 0 bytes took 1ms
13:12:18.008 200 GET /api/notes/mKzmTbJFxFh2/blob with 215 bytes took 0ms
13:12:19.008 204 PUT /api/notes/mKzmTbJFxFh2/data with 0 bytes took 1ms
13:12:19.010 200 GET /api/notes/mKzmTbJFxFh2/blob with 223 bytes took 0ms
13:12:20.010 204 PUT /api/notes/mKzmTbJFxFh2/data with 0 bytes took 1ms
13:12:20.012 200 GET /api/notes/mKzmTbJFxFh2/blob with 231 bytes took 0ms
13:12:21.013 204 PUT /api/notes/mKzmTbJFxFh2/data with 0 bytes took 1ms
13:12:21.015 200 GET /api/notes/mKzmTbJFxFh2/blob with 234 bytes took 0ms
13:12:22.022 204 PUT /api/notes/mKzmTbJFxFh2/data with 0 bytes took 8ms
13:12:22.024 200 GET /api/notes/mKzmTbJFxFh2/blob with 235 bytes took 0ms
13:12:30.033 200 GET /api/notes/lGqmcSt3LNE9/blob with 1086 bytes took 0ms
13:12:30.034 200 GET /api/note-map/lGqmcSt3LNE9/backlink-count with 11 bytes took 0ms
13:12:30.041 204 PUT /api/options with 0 bytes took 3ms
13:12:32.361 204 PUT /api/branches/XWiojJtBlmel_iLXZWCglWOmz/expanded/0 with 0 bytes took 1ms
13:12:32.972 200 GET /api/notes/XWiojJtBlmel/blob with 155 bytes took 0ms
13:12:32.973 200 GET /api/note-map/XWiojJtBlmel/backlink-count with 11 bytes took 0ms
13:12:32.976 204 PUT /api/options with 0 bytes took 1ms
13:12:33.088 200 GET /api/notes/iLXZWCglWOmz/blob with 155 bytes took 0ms
13:15:08.498 204 PUT /api/branches/XWiojJtBlmel_iLXZWCglWOmz/expanded/1 with 0 bytes took 0ms
13:15:10.346 200 GET /api/notes/mKzmTbJFxFh2/blob with 235 bytes took 0ms
13:15:10.346 200 GET /api/note-map/mKzmTbJFxFh2/backlink-count with 11 bytes took 0ms
13:15:10.350 204 PUT /api/options with 0 bytes took 1ms
13:15:12.200 200 GET /api/note-map/Ly1JT1SGA0d0/backlink-count with 11 bytes took 0ms
13:15:12.204 204 PUT /api/options with 0 bytes took 1ms
13:15:16.672 Created new note 'UHjTHCePC4C5', branch 'Ly1JT1SGA0d0_UHjTHCePC4C5' of type 'text', mime 'text/html'
13:15:16.672 200 POST /api/notes/Ly1JT1SGA0d0/children?target=into&targetBranchId= with 554 bytes took 2ms
13:15:16.676 200 POST /api/tree/load with 2872 bytes took 1ms
13:15:16.687 200 GET /api/notes/UHjTHCePC4C5/blob with 155 bytes took 1ms
13:15:16.687 200 GET /api/note-map/UHjTHCePC4C5/backlink-count with 11 bytes took 0ms
13:15:16.690 204 PUT /api/options with 0 bytes took 1ms
13:15:17.890 200 PUT /api/notes/UHjTHCePC4C5/title with 320 bytes took 0ms
13:15:17.893 200 GET /api/notes/UHjTHCePC4C5/blob with 155 bytes took 1ms
13:15:18.895 200 PUT /api/notes/UHjTHCePC4C5/title with 326 bytes took 1ms
13:15:18.897 200 GET /api/notes/UHjTHCePC4C5/blob with 155 bytes took 0ms
13:15:19.896 200 PUT /api/notes/UHjTHCePC4C5/title with 334 bytes took 1ms
13:15:20.898 200 PUT /api/notes/UHjTHCePC4C5/title with 339 bytes took 1ms
13:15:20.900 200 GET /api/notes/UHjTHCePC4C5/blob with 155 bytes took 0ms
13:15:21.901 200 PUT /api/notes/UHjTHCePC4C5/title with 344 bytes took 1ms
13:15:23.805 200 PUT /api/notes/UHjTHCePC4C5/title with 345 bytes took 1ms
13:15:23.807 200 GET /api/notes/UHjTHCePC4C5/blob with 155 bytes took 1ms
13:15:24.806 200 PUT /api/notes/UHjTHCePC4C5/title with 347 bytes took 1ms
13:15:25.808 200 PUT /api/notes/UHjTHCePC4C5/title with 344 bytes took 1ms
13:15:25.810 200 GET /api/notes/UHjTHCePC4C5/blob with 155 bytes took 0ms
13:15:26.812 200 PUT /api/notes/UHjTHCePC4C5/title with 347 bytes took 1ms
13:15:27.813 200 PUT /api/notes/UHjTHCePC4C5/title with 344 bytes took 1ms
13:15:27.817 200 GET /api/notes/UHjTHCePC4C5/blob with 155 bytes took 0ms
13:15:33.201 200 PUT /api/notes/UHjTHCePC4C5/title with 343 bytes took 1ms
13:15:33.205 200 GET /api/notes/UHjTHCePC4C5/blob with 155 bytes took 0ms
13:15:34.203 200 PUT /api/notes/UHjTHCePC4C5/title with 344 bytes took 1ms
13:15:35.204 200 PUT /api/notes/UHjTHCePC4C5/title with 350 bytes took 1ms
13:15:35.205 200 GET /api/notes/UHjTHCePC4C5/blob with 155 bytes took 0ms
13:15:36.208 200 PUT /api/notes/UHjTHCePC4C5/title with 352 bytes took 1ms
13:15:36.210 200 GET /api/notes/UHjTHCePC4C5/blob with 155 bytes took 0ms
13:15:37.211 200 PUT /api/notes/UHjTHCePC4C5/title with 350 bytes took 0ms
13:15:38.213 200 PUT /api/notes/UHjTHCePC4C5/title with 351 bytes took 1ms
13:15:38.215 200 GET /api/notes/UHjTHCePC4C5/blob with 155 bytes took 0ms
13:15:39.214 200 PUT /api/notes/UHjTHCePC4C5/title with 354 bytes took 1ms
13:15:40.217 200 PUT /api/notes/UHjTHCePC4C5/title with 347 bytes took 1ms
13:15:40.220 200 GET /api/notes/UHjTHCePC4C5/blob with 155 bytes took 1ms
13:15:41.218 200 PUT /api/notes/UHjTHCePC4C5/title with 347 bytes took 0ms
13:15:42.222 200 PUT /api/notes/UHjTHCePC4C5/title with 354 bytes took 1ms
13:15:42.227 200 GET /api/notes/UHjTHCePC4C5/blob with 155 bytes took 2ms
13:15:43.226 200 PUT /api/notes/UHjTHCePC4C5/title with 360 bytes took 0ms
13:15:44.227 200 PUT /api/notes/UHjTHCePC4C5/title with 354 bytes took 1ms
13:15:44.229 200 GET /api/notes/UHjTHCePC4C5/blob with 155 bytes took 0ms
13:15:45.230 200 PUT /api/notes/UHjTHCePC4C5/title with 353 bytes took 1ms
13:15:46.232 200 PUT /api/notes/UHjTHCePC4C5/title with 352 bytes took 1ms
13:15:46.234 200 GET /api/notes/UHjTHCePC4C5/blob with 155 bytes took 1ms
13:15:48.148 204 PUT /api/notes/UHjTHCePC4C5/data with 0 bytes took 1ms
13:15:48.151 200 GET /api/notes/UHjTHCePC4C5/blob with 163 bytes took 0ms
13:15:49.153 204 PUT /api/notes/UHjTHCePC4C5/data with 0 bytes took 2ms
13:15:49.155 200 GET /api/notes/UHjTHCePC4C5/blob with 177 bytes took 0ms
13:15:50.155 204 PUT /api/notes/UHjTHCePC4C5/data with 0 bytes took 1ms
13:15:50.158 200 GET /api/notes/UHjTHCePC4C5/blob with 181 bytes took 0ms
13:15:51.158 204 PUT /api/notes/UHjTHCePC4C5/data with 0 bytes took 1ms
13:15:51.160 200 GET /api/notes/UHjTHCePC4C5/blob with 189 bytes took 0ms
13:15:52.161 204 PUT /api/notes/UHjTHCePC4C5/data with 0 bytes took 1ms
13:15:52.163 200 GET /api/notes/UHjTHCePC4C5/blob with 194 bytes took 0ms
13:15:53.163 204 PUT /api/notes/UHjTHCePC4C5/data with 0 bytes took 1ms
13:15:53.165 200 GET /api/notes/UHjTHCePC4C5/blob with 191 bytes took 0ms
13:15:54.165 204 PUT /api/notes/UHjTHCePC4C5/data with 0 bytes took 1ms
13:15:54.167 200 GET /api/notes/UHjTHCePC4C5/blob with 197 bytes took 0ms
13:15:55.169 204 PUT /api/notes/UHjTHCePC4C5/data with 0 bytes took 1ms
13:15:55.171 200 GET /api/notes/UHjTHCePC4C5/blob with 203 bytes took 0ms
13:15:56.170 204 PUT /api/notes/UHjTHCePC4C5/data with 0 bytes took 1ms
13:15:56.172 200 GET /api/notes/UHjTHCePC4C5/blob with 199 bytes took 0ms
13:15:57.175 204 PUT /api/notes/UHjTHCePC4C5/data with 0 bytes took 1ms
13:15:57.176 200 GET /api/notes/UHjTHCePC4C5/blob with 204 bytes took 0ms
13:15:58.178 204 PUT /api/notes/UHjTHCePC4C5/data with 0 bytes took 1ms
13:15:58.180 200 GET /api/notes/UHjTHCePC4C5/blob with 217 bytes took 1ms
13:15:59.179 204 PUT /api/notes/UHjTHCePC4C5/data with 0 bytes took 1ms
13:15:59.182 200 GET /api/notes/UHjTHCePC4C5/blob with 218 bytes took 1ms
13:16:00.182 204 PUT /api/notes/UHjTHCePC4C5/data with 0 bytes took 1ms
13:16:00.184 200 GET /api/notes/UHjTHCePC4C5/blob with 217 bytes took 0ms
13:16:01.187 204 PUT /api/notes/UHjTHCePC4C5/data with 0 bytes took 1ms
13:16:01.189 200 GET /api/notes/UHjTHCePC4C5/blob with 222 bytes took 0ms
13:16:02.189 204 PUT /api/notes/UHjTHCePC4C5/data with 0 bytes took 2ms
13:16:02.191 200 GET /api/notes/UHjTHCePC4C5/blob with 229 bytes took 1ms
13:16:03.191 204 PUT /api/notes/UHjTHCePC4C5/data with 0 bytes took 1ms
13:16:03.193 200 GET /api/notes/UHjTHCePC4C5/blob with 237 bytes took 0ms
13:16:04.193 204 PUT /api/notes/UHjTHCePC4C5/data with 0 bytes took 1ms
13:16:04.195 200 GET /api/notes/UHjTHCePC4C5/blob with 245 bytes took 0ms
13:16:05.198 204 PUT /api/notes/UHjTHCePC4C5/data with 0 bytes took 1ms
13:16:05.200 200 GET /api/notes/UHjTHCePC4C5/blob with 249 bytes took 0ms
13:16:06.200 204 PUT /api/notes/UHjTHCePC4C5/data with 0 bytes took 1ms
13:16:06.202 200 GET /api/notes/UHjTHCePC4C5/blob with 257 bytes took 0ms
13:16:07.201 204 PUT /api/notes/UHjTHCePC4C5/data with 0 bytes took 1ms
13:16:07.203 200 GET /api/notes/UHjTHCePC4C5/blob with 269 bytes took 0ms
13:16:08.206 204 PUT /api/notes/UHjTHCePC4C5/data with 0 bytes took 2ms
13:16:08.208 200 GET /api/notes/UHjTHCePC4C5/blob with 273 bytes took 0ms
13:16:09.211 204 PUT /api/notes/UHjTHCePC4C5/data with 0 bytes took 2ms
13:16:09.213 200 GET /api/notes/UHjTHCePC4C5/blob with 282 bytes took 0ms
13:16:10.214 204 PUT /api/notes/UHjTHCePC4C5/data with 0 bytes took 1ms
13:16:10.216 200 GET /api/notes/UHjTHCePC4C5/blob with 291 bytes took 0ms
13:16:11.217 204 PUT /api/notes/UHjTHCePC4C5/data with 0 bytes took 1ms
13:16:11.219 200 GET /api/notes/UHjTHCePC4C5/blob with 297 bytes took 0ms
13:16:12.220 204 PUT /api/notes/UHjTHCePC4C5/data with 0 bytes took 1ms
13:16:12.222 200 GET /api/notes/UHjTHCePC4C5/blob with 306 bytes took 0ms
13:16:14.214 204 PUT /api/notes/UHjTHCePC4C5/data with 0 bytes took 7ms
13:16:14.216 200 GET /api/notes/UHjTHCePC4C5/blob with 302 bytes took 0ms
13:16:15.215 204 PUT /api/notes/UHjTHCePC4C5/data with 0 bytes took 4ms
13:16:15.217 200 GET /api/notes/UHjTHCePC4C5/blob with 304 bytes took 0ms
13:16:16.214 204 PUT /api/notes/UHjTHCePC4C5/data with 0 bytes took 1ms
13:16:16.216 200 GET /api/notes/UHjTHCePC4C5/blob with 306 bytes took 0ms
13:16:17.217 204 PUT /api/notes/UHjTHCePC4C5/data with 0 bytes took 1ms
13:16:17.219 200 GET /api/notes/UHjTHCePC4C5/blob with 307 bytes took 1ms
13:16:18.220 204 PUT /api/notes/UHjTHCePC4C5/data with 0 bytes took 1ms
13:16:18.222 200 GET /api/notes/UHjTHCePC4C5/blob with 315 bytes took 0ms
13:16:19.337 204 PUT /api/notes/UHjTHCePC4C5/data with 0 bytes took 1ms
13:16:19.339 200 GET /api/notes/UHjTHCePC4C5/blob with 311 bytes took 0ms
13:16:20.339 204 PUT /api/notes/UHjTHCePC4C5/data with 0 bytes took 1ms
13:16:20.341 200 GET /api/notes/UHjTHCePC4C5/blob with 318 bytes took 0ms
13:16:21.344 204 PUT /api/notes/UHjTHCePC4C5/data with 0 bytes took 2ms
13:16:21.346 200 GET /api/notes/UHjTHCePC4C5/blob with 326 bytes took 0ms
13:16:22.345 204 PUT /api/notes/UHjTHCePC4C5/data with 0 bytes took 1ms
13:16:22.347 200 GET /api/notes/UHjTHCePC4C5/blob with 331 bytes took 0ms
13:17:06.249 204 PUT /api/notes/UHjTHCePC4C5/data with 0 bytes took 1ms
13:17:06.254 200 GET /api/notes/UHjTHCePC4C5/blob with 337 bytes took 0ms
13:17:07.252 204 PUT /api/notes/UHjTHCePC4C5/data with 0 bytes took 2ms
13:17:07.254 200 GET /api/notes/UHjTHCePC4C5/blob with 339 bytes took 0ms
13:17:08.255 204 PUT /api/notes/UHjTHCePC4C5/data with 0 bytes took 2ms
13:17:08.257 200 GET /api/notes/UHjTHCePC4C5/blob with 337 bytes took 1ms
13:17:09.258 204 PUT /api/notes/UHjTHCePC4C5/data with 0 bytes took 2ms
13:17:09.259 200 GET /api/notes/UHjTHCePC4C5/blob with 340 bytes took 0ms
13:17:10.263 204 PUT /api/notes/UHjTHCePC4C5/data with 0 bytes took 5ms
13:17:10.265 200 GET /api/notes/UHjTHCePC4C5/blob with 347 bytes took 0ms
13:17:11.260 204 PUT /api/notes/UHjTHCePC4C5/data with 0 bytes took 1ms
13:17:11.262 200 GET /api/notes/UHjTHCePC4C5/blob with 352 bytes took 0ms
13:17:12.262 204 PUT /api/notes/UHjTHCePC4C5/data with 0 bytes took 1ms
13:17:12.264 200 GET /api/notes/UHjTHCePC4C5/blob with 354 bytes took 0ms
13:17:13.266 204 PUT /api/notes/UHjTHCePC4C5/data with 0 bytes took 1ms
13:17:13.268 200 GET /api/notes/UHjTHCePC4C5/blob with 358 bytes took 0ms
13:17:14.268 204 PUT /api/notes/UHjTHCePC4C5/data with 0 bytes took 1ms
13:17:14.270 200 GET /api/notes/UHjTHCePC4C5/blob with 366 bytes took 0ms
13:17:15.270 204 PUT /api/notes/UHjTHCePC4C5/data with 0 bytes took 1ms
13:17:15.272 200 GET /api/notes/UHjTHCePC4C5/blob with 369 bytes took 0ms
13:17:16.273 204 PUT /api/notes/UHjTHCePC4C5/data with 0 bytes took 1ms
13:17:16.275 200 GET /api/notes/UHjTHCePC4C5/blob with 375 bytes took 0ms
13:17:17.277 204 PUT /api/notes/UHjTHCePC4C5/data with 0 bytes took 1ms
13:17:17.279 200 GET /api/notes/UHjTHCePC4C5/blob with 388 bytes took 0ms
13:17:18.280 204 PUT /api/notes/UHjTHCePC4C5/data with 0 bytes took 2ms
13:17:18.282 200 GET /api/notes/UHjTHCePC4C5/blob with 369 bytes took 1ms
13:17:19.285 204 PUT /api/notes/UHjTHCePC4C5/data with 0 bytes took 1ms
13:17:19.287 200 GET /api/notes/UHjTHCePC4C5/blob with 377 bytes took 1ms
13:17:20.289 204 PUT /api/notes/UHjTHCePC4C5/data with 0 bytes took 1ms
13:17:20.291 200 GET /api/notes/UHjTHCePC4C5/blob with 381 bytes took 0ms
13:17:21.293 204 PUT /api/notes/UHjTHCePC4C5/data with 0 bytes took 1ms
13:17:21.295 200 GET /api/notes/UHjTHCePC4C5/blob with 387 bytes took 0ms
13:17:22.297 204 PUT /api/notes/UHjTHCePC4C5/data with 0 bytes took 2ms
13:17:22.299 200 GET /api/notes/UHjTHCePC4C5/blob with 397 bytes took 1ms
13:17:23.302 204 PUT /api/notes/UHjTHCePC4C5/data with 0 bytes took 2ms
13:17:23.303 200 GET /api/notes/UHjTHCePC4C5/blob with 403 bytes took 0ms
13:17:24.306 204 PUT /api/notes/UHjTHCePC4C5/data with 0 bytes took 1ms
13:17:24.308 200 GET /api/notes/UHjTHCePC4C5/blob with 404 bytes took 0ms
13:17:25.310 204 PUT /api/notes/UHjTHCePC4C5/data with 0 bytes took 2ms
13:17:25.312 200 GET /api/notes/UHjTHCePC4C5/blob with 413 bytes took 0ms
13:17:26.314 204 PUT /api/notes/UHjTHCePC4C5/data with 0 bytes took 1ms
13:17:26.316 200 GET /api/notes/UHjTHCePC4C5/blob with 426 bytes took 0ms
13:17:27.316 204 PUT /api/notes/UHjTHCePC4C5/data with 0 bytes took 1ms
13:17:27.319 200 GET /api/notes/UHjTHCePC4C5/blob with 427 bytes took 1ms
13:17:28.319 204 PUT /api/notes/UHjTHCePC4C5/data with 0 bytes took 1ms
13:17:28.321 200 GET /api/notes/UHjTHCePC4C5/blob with 434 bytes took 0ms
13:17:29.324 204 PUT /api/notes/UHjTHCePC4C5/data with 0 bytes took 1ms
13:17:29.326 200 GET /api/notes/UHjTHCePC4C5/blob with 441 bytes took 0ms
13:17:30.325 204 PUT /api/notes/UHjTHCePC4C5/data with 0 bytes took 1ms
13:17:30.328 200 GET /api/notes/UHjTHCePC4C5/blob with 447 bytes took 1ms
13:17:32.941 204 PUT /api/notes/UHjTHCePC4C5/data with 0 bytes took 1ms
13:17:32.945 200 GET /api/notes/UHjTHCePC4C5/blob with 448 bytes took 0ms
13:17:34.069 204 PUT /api/notes/UHjTHCePC4C5/data with 0 bytes took 1ms
13:17:34.072 200 GET /api/notes/UHjTHCePC4C5/blob with 449 bytes took 1ms
13:17:35.074 204 PUT /api/notes/UHjTHCePC4C5/data with 0 bytes took 0ms
13:17:36.080 204 PUT /api/notes/UHjTHCePC4C5/data with 0 bytes took 1ms
13:17:36.082 200 GET /api/notes/UHjTHCePC4C5/blob with 445 bytes took 0ms
13:17:37.081 204 PUT /api/notes/UHjTHCePC4C5/data with 0 bytes took 1ms
13:17:37.083 200 GET /api/notes/UHjTHCePC4C5/blob with 455 bytes took 0ms
13:17:38.302 204 PUT /api/notes/UHjTHCePC4C5/data with 0 bytes took 2ms
13:17:38.304 200 GET /api/notes/UHjTHCePC4C5/blob with 451 bytes took 0ms
13:17:39.306 204 PUT /api/notes/UHjTHCePC4C5/data with 0 bytes took 1ms
13:17:39.308 200 GET /api/notes/UHjTHCePC4C5/blob with 456 bytes took 0ms
13:17:40.307 204 PUT /api/notes/UHjTHCePC4C5/data with 0 bytes took 1ms
13:17:40.309 200 GET /api/notes/UHjTHCePC4C5/blob with 461 bytes took 0ms
13:17:41.312 204 PUT /api/notes/UHjTHCePC4C5/data with 0 bytes took 2ms
13:17:41.314 200 GET /api/notes/UHjTHCePC4C5/blob with 464 bytes took 1ms
13:17:42.314 204 PUT /api/notes/UHjTHCePC4C5/data with 0 bytes took 1ms
13:17:42.318 200 GET /api/notes/UHjTHCePC4C5/blob with 471 bytes took 0ms
13:17:43.317 204 PUT /api/notes/UHjTHCePC4C5/data with 0 bytes took 1ms
13:17:43.319 200 GET /api/notes/UHjTHCePC4C5/blob with 478 bytes took 1ms
13:17:44.320 204 PUT /api/notes/UHjTHCePC4C5/data with 0 bytes took 1ms
13:17:44.322 200 GET /api/notes/UHjTHCePC4C5/blob with 483 bytes took 0ms
13:17:45.324 204 PUT /api/notes/UHjTHCePC4C5/data with 0 bytes took 1ms
13:17:45.326 200 GET /api/notes/UHjTHCePC4C5/blob with 486 bytes took 0ms
13:17:46.330 204 PUT /api/notes/UHjTHCePC4C5/data with 0 bytes took 2ms
13:17:46.332 200 GET /api/notes/UHjTHCePC4C5/blob with 493 bytes took 1ms
13:17:47.332 204 PUT /api/notes/UHjTHCePC4C5/data with 0 bytes took 1ms
13:17:47.334 200 GET /api/notes/UHjTHCePC4C5/blob with 502 bytes took 0ms
13:17:48.336 204 PUT /api/notes/UHjTHCePC4C5/data with 0 bytes took 1ms
13:17:48.338 200 GET /api/notes/UHjTHCePC4C5/blob with 505 bytes took 0ms
13:17:49.339 204 PUT /api/notes/UHjTHCePC4C5/data with 0 bytes took 1ms
13:17:49.341 200 GET /api/notes/UHjTHCePC4C5/blob with 515 bytes took 0ms
13:17:50.343 204 PUT /api/notes/UHjTHCePC4C5/data with 0 bytes took 2ms
13:17:50.345 200 GET /api/notes/UHjTHCePC4C5/blob with 515 bytes took 1ms
13:17:51.346 204 PUT /api/notes/UHjTHCePC4C5/data with 0 bytes took 1ms
13:17:51.348 200 GET /api/notes/UHjTHCePC4C5/blob with 525 bytes took 0ms
13:17:59.234 204 PUT /api/notes/UHjTHCePC4C5/data with 0 bytes took 7ms
13:17:59.238 200 GET /api/notes/UHjTHCePC4C5/blob with 521 bytes took 0ms
13:18:00.232 204 PUT /api/notes/UHjTHCePC4C5/data with 0 bytes took 4ms
13:18:00.234 200 GET /api/notes/UHjTHCePC4C5/blob with 528 bytes took 0ms
13:18:01.233 204 PUT /api/notes/UHjTHCePC4C5/data with 0 bytes took 1ms
13:18:01.235 200 GET /api/notes/UHjTHCePC4C5/blob with 528 bytes took 0ms
13:18:02.237 204 PUT /api/notes/UHjTHCePC4C5/data with 0 bytes took 1ms
13:18:02.239 200 GET /api/notes/UHjTHCePC4C5/blob with 536 bytes took 0ms
13:18:03.240 204 PUT /api/notes/UHjTHCePC4C5/data with 0 bytes took 1ms
13:18:03.242 200 GET /api/notes/UHjTHCePC4C5/blob with 540 bytes took 0ms
13:18:04.245 204 PUT /api/notes/UHjTHCePC4C5/data with 0 bytes took 1ms
13:18:04.247 200 GET /api/notes/UHjTHCePC4C5/blob with 543 bytes took 0ms
13:18:05.247 204 PUT /api/notes/UHjTHCePC4C5/data with 0 bytes took 1ms
13:18:05.250 200 GET /api/notes/UHjTHCePC4C5/blob with 553 bytes took 1ms
13:18:06.252 204 PUT /api/notes/UHjTHCePC4C5/data with 0 bytes took 2ms
13:18:06.254 200 GET /api/notes/UHjTHCePC4C5/blob with 557 bytes took 0ms
13:18:07.256 204 PUT /api/notes/UHjTHCePC4C5/data with 0 bytes took 1ms
13:18:07.258 200 GET /api/notes/UHjTHCePC4C5/blob with 565 bytes took 0ms
13:18:08.260 204 PUT /api/notes/UHjTHCePC4C5/data with 0 bytes took 1ms
13:18:08.263 200 GET /api/notes/UHjTHCePC4C5/blob with 577 bytes took 0ms
13:18:09.262 204 PUT /api/notes/UHjTHCePC4C5/data with 0 bytes took 2ms
13:18:09.264 200 GET /api/notes/UHjTHCePC4C5/blob with 577 bytes took 1ms
13:18:10.263 204 PUT /api/notes/UHjTHCePC4C5/data with 0 bytes took 1ms
13:18:10.266 200 GET /api/notes/UHjTHCePC4C5/blob with 585 bytes took 1ms
13:18:11.266 204 PUT /api/notes/UHjTHCePC4C5/data with 0 bytes took 1ms
13:18:11.268 200 GET /api/notes/UHjTHCePC4C5/blob with 569 bytes took 0ms
13:18:12.271 204 PUT /api/notes/UHjTHCePC4C5/data with 0 bytes took 1ms
13:18:12.273 200 GET /api/notes/UHjTHCePC4C5/blob with 557 bytes took 0ms
13:18:13.274 204 PUT /api/notes/UHjTHCePC4C5/data with 0 bytes took 1ms
13:18:13.277 200 GET /api/notes/UHjTHCePC4C5/blob with 547 bytes took 1ms
13:18:14.278 204 PUT /api/notes/UHjTHCePC4C5/data with 0 bytes took 1ms
13:18:14.280 200 GET /api/notes/UHjTHCePC4C5/blob with 543 bytes took 0ms
13:18:15.279 204 PUT /api/notes/UHjTHCePC4C5/data with 0 bytes took 1ms
13:18:15.281 200 GET /api/notes/UHjTHCePC4C5/blob with 543 bytes took 0ms
13:18:20.076 204 PUT /api/notes/UHjTHCePC4C5/data with 0 bytes took 2ms
13:18:20.080 200 GET /api/notes/UHjTHCePC4C5/blob with 539 bytes took 0ms
13:18:21.083 204 PUT /api/notes/UHjTHCePC4C5/data with 0 bytes took 1ms
13:18:21.086 200 GET /api/notes/UHjTHCePC4C5/blob with 544 bytes took 1ms
13:18:22.085 204 PUT /api/notes/UHjTHCePC4C5/data with 0 bytes took 1ms
13:18:22.088 200 GET /api/notes/UHjTHCePC4C5/blob with 550 bytes took 1ms
13:18:23.087 204 PUT /api/notes/UHjTHCePC4C5/data with 0 bytes took 1ms
13:18:23.089 200 GET /api/notes/UHjTHCePC4C5/blob with 556 bytes took 0ms
13:18:24.090 204 PUT /api/notes/UHjTHCePC4C5/data with 0 bytes took 1ms
13:18:24.092 200 GET /api/notes/UHjTHCePC4C5/blob with 555 bytes took 0ms
13:18:25.092 204 PUT /api/notes/UHjTHCePC4C5/data with 0 bytes took 1ms
13:18:25.094 200 GET /api/notes/UHjTHCePC4C5/blob with 563 bytes took 0ms
13:18:26.097 204 PUT /api/notes/UHjTHCePC4C5/data with 0 bytes took 1ms
13:18:26.099 200 GET /api/notes/UHjTHCePC4C5/blob with 571 bytes took 0ms
13:18:27.098 204 PUT /api/notes/UHjTHCePC4C5/data with 0 bytes took 1ms
13:18:27.101 200 GET /api/notes/UHjTHCePC4C5/blob with 585 bytes took 1ms
13:18:28.102 204 PUT /api/notes/UHjTHCePC4C5/data with 0 bytes took 1ms
13:18:28.104 200 GET /api/notes/UHjTHCePC4C5/blob with 588 bytes took 0ms
13:18:29.107 204 PUT /api/notes/UHjTHCePC4C5/data with 0 bytes took 2ms
13:18:29.109 200 GET /api/notes/UHjTHCePC4C5/blob with 595 bytes took 0ms
13:18:30.109 204 PUT /api/notes/UHjTHCePC4C5/data with 0 bytes took 2ms
13:18:30.111 200 GET /api/notes/UHjTHCePC4C5/blob with 604 bytes took 0ms
13:18:31.111 204 PUT /api/notes/UHjTHCePC4C5/data with 0 bytes took 1ms
13:18:31.113 200 GET /api/notes/UHjTHCePC4C5/blob with 604 bytes took 0ms
13:18:32.115 204 PUT /api/notes/UHjTHCePC4C5/data with 0 bytes took 2ms
13:18:32.117 200 GET /api/notes/UHjTHCePC4C5/blob with 611 bytes took 0ms
13:18:33.117 204 PUT /api/notes/UHjTHCePC4C5/data with 0 bytes took 1ms
13:18:33.119 200 GET /api/notes/UHjTHCePC4C5/blob with 618 bytes took 0ms
13:18:34.551 204 PUT /api/notes/UHjTHCePC4C5/data with 0 bytes took 1ms
13:18:34.554 200 GET /api/notes/UHjTHCePC4C5/blob with 614 bytes took 1ms
13:18:35.552 204 PUT /api/notes/UHjTHCePC4C5/data with 0 bytes took 1ms
13:18:35.554 200 GET /api/notes/UHjTHCePC4C5/blob with 615 bytes took 0ms
13:18:36.554 204 PUT /api/notes/UHjTHCePC4C5/data with 0 bytes took 2ms
13:18:36.555 200 GET /api/notes/UHjTHCePC4C5/blob with 616 bytes took 0ms
13:18:37.555 204 PUT /api/notes/UHjTHCePC4C5/data with 0 bytes took 1ms
13:18:37.557 200 GET /api/notes/UHjTHCePC4C5/blob with 629 bytes took 0ms
13:18:38.558 204 PUT /api/notes/UHjTHCePC4C5/data with 0 bytes took 2ms
13:18:38.559 200 GET /api/notes/UHjTHCePC4C5/blob with 631 bytes took 0ms
13:18:39.559 204 PUT /api/notes/UHjTHCePC4C5/data with 0 bytes took 1ms
13:18:39.561 200 GET /api/notes/UHjTHCePC4C5/blob with 641 bytes took 0ms
13:18:41.752 204 PUT /api/notes/UHjTHCePC4C5/data with 0 bytes took 2ms
13:18:41.754 200 GET /api/notes/UHjTHCePC4C5/blob with 635 bytes took 0ms
13:18:42.756 204 PUT /api/notes/UHjTHCePC4C5/data with 0 bytes took 2ms
13:18:42.758 200 GET /api/notes/UHjTHCePC4C5/blob with 641 bytes took 0ms
13:18:43.757 204 PUT /api/notes/UHjTHCePC4C5/data with 0 bytes took 1ms
13:18:43.760 200 GET /api/notes/UHjTHCePC4C5/blob with 648 bytes took 1ms
13:18:44.762 204 PUT /api/notes/UHjTHCePC4C5/data with 0 bytes took 1ms
13:18:44.764 200 GET /api/notes/UHjTHCePC4C5/blob with 660 bytes took 0ms
13:18:45.710 Optimizing database
13:18:45.711 Optimization finished in 0ms.
13:18:45.721 Table counts: notes: 393, revisions: 4, attachments: 16, branches: 423, attributes: 565, etapi_tokens: 0, blobs: 137
13:18:45.726 All consistency checks passed with no errors detected (took 6ms)
13:18:45.764 204 PUT /api/notes/UHjTHCePC4C5/data with 0 bytes took 2ms
13:18:45.766 200 GET /api/notes/UHjTHCePC4C5/blob with 659 bytes took 1ms
13:18:46.862 204 PUT /api/notes/UHjTHCePC4C5/data with 0 bytes took 2ms
13:18:46.863 200 GET /api/notes/UHjTHCePC4C5/blob with 660 bytes took 0ms
13:18:47.864 204 PUT /api/notes/UHjTHCePC4C5/data with 0 bytes took 1ms
13:18:47.866 200 GET /api/notes/UHjTHCePC4C5/blob with 664 bytes took 0ms
13:18:48.869 204 PUT /api/notes/UHjTHCePC4C5/data with 0 bytes took 1ms
13:18:48.872 200 GET /api/notes/UHjTHCePC4C5/blob with 672 bytes took 1ms
13:18:49.871 204 PUT /api/notes/UHjTHCePC4C5/data with 0 bytes took 1ms
13:18:49.873 200 GET /api/notes/UHjTHCePC4C5/blob with 674 bytes took 0ms
13:18:50.874 204 PUT /api/notes/UHjTHCePC4C5/data with 0 bytes took 1ms
13:18:50.876 200 GET /api/notes/UHjTHCePC4C5/blob with 675 bytes took 0ms
13:18:51.875 204 PUT /api/notes/UHjTHCePC4C5/data with 0 bytes took 1ms
13:18:51.877 200 GET /api/notes/UHjTHCePC4C5/blob with 682 bytes took 0ms
13:18:52.877 204 PUT /api/notes/UHjTHCePC4C5/data with 0 bytes took 1ms
13:18:52.879 200 GET /api/notes/UHjTHCePC4C5/blob with 685 bytes took 0ms
13:18:54.823 204 PUT /api/notes/UHjTHCePC4C5/data with 0 bytes took 1ms
13:18:54.825 200 GET /api/notes/UHjTHCePC4C5/blob with 686 bytes took 0ms
13:18:55.824 204 PUT /api/notes/UHjTHCePC4C5/data with 0 bytes took 1ms
13:18:55.826 200 GET /api/notes/UHjTHCePC4C5/blob with 692 bytes took 0ms
13:18:56.825 204 PUT /api/notes/UHjTHCePC4C5/data with 0 bytes took 1ms
13:18:56.827 200 GET /api/notes/UHjTHCePC4C5/blob with 694 bytes took 0ms
13:18:57.843 Slow 204 PUT /api/notes/UHjTHCePC4C5/data with 0 bytes took 16ms
13:18:57.845 200 GET /api/notes/UHjTHCePC4C5/blob with 700 bytes took 0ms
13:18:58.836 204 PUT /api/notes/UHjTHCePC4C5/data with 0 bytes took 6ms
13:18:58.839 200 GET /api/notes/UHjTHCePC4C5/blob with 708 bytes took 1ms
13:18:59.834 204 PUT /api/notes/UHjTHCePC4C5/data with 0 bytes took 2ms
13:18:59.836 200 GET /api/notes/UHjTHCePC4C5/blob with 715 bytes took 0ms
13:19:00.837 204 PUT /api/notes/UHjTHCePC4C5/data with 0 bytes took 1ms
13:19:00.839 200 GET /api/notes/UHjTHCePC4C5/blob with 723 bytes took 0ms
13:19:01.841 204 PUT /api/notes/UHjTHCePC4C5/data with 0 bytes took 1ms
13:19:01.843 200 GET /api/notes/UHjTHCePC4C5/blob with 730 bytes took 0ms
13:19:02.845 204 PUT /api/notes/UHjTHCePC4C5/data with 0 bytes took 2ms
13:19:02.846 200 GET /api/notes/UHjTHCePC4C5/blob with 738 bytes took 0ms
13:19:03.848 204 PUT /api/notes/UHjTHCePC4C5/data with 0 bytes took 1ms
13:19:03.850 200 GET /api/notes/UHjTHCePC4C5/blob with 745 bytes took 0ms
13:19:04.851 204 PUT /api/notes/UHjTHCePC4C5/data with 0 bytes took 1ms
13:19:04.853 200 GET /api/notes/UHjTHCePC4C5/blob with 752 bytes took 0ms
13:19:05.855 204 PUT /api/notes/UHjTHCePC4C5/data with 0 bytes took 1ms
13:19:05.857 200 GET /api/notes/UHjTHCePC4C5/blob with 757 bytes took 0ms
13:19:06.859 204 PUT /api/notes/UHjTHCePC4C5/data with 0 bytes took 1ms
13:19:06.861 200 GET /api/notes/UHjTHCePC4C5/blob with 763 bytes took 0ms
13:19:07.864 204 PUT /api/notes/UHjTHCePC4C5/data with 0 bytes took 2ms
13:19:07.865 200 GET /api/notes/UHjTHCePC4C5/blob with 771 bytes took 0ms
13:19:08.866 204 PUT /api/notes/UHjTHCePC4C5/data with 0 bytes took 1ms
13:19:08.868 200 GET /api/notes/UHjTHCePC4C5/blob with 780 bytes took 1ms
13:19:09.868 204 PUT /api/notes/UHjTHCePC4C5/data with 0 bytes took 2ms
13:19:09.870 200 GET /api/notes/UHjTHCePC4C5/blob with 782 bytes took 0ms
13:19:10.869 204 PUT /api/notes/UHjTHCePC4C5/data with 0 bytes took 1ms
13:19:10.871 200 GET /api/notes/UHjTHCePC4C5/blob with 784 bytes took 0ms
13:19:11.873 204 PUT /api/notes/UHjTHCePC4C5/data with 0 bytes took 1ms
13:19:11.875 200 GET /api/notes/UHjTHCePC4C5/blob with 796 bytes took 0ms
13:19:13.237 204 PUT /api/notes/UHjTHCePC4C5/data with 0 bytes took 2ms
13:19:13.239 200 GET /api/notes/UHjTHCePC4C5/blob with 792 bytes took 0ms
13:19:14.242 204 PUT /api/notes/UHjTHCePC4C5/data with 0 bytes took 1ms
13:19:14.244 200 GET /api/notes/UHjTHCePC4C5/blob with 798 bytes took 0ms
13:19:15.244 204 PUT /api/notes/UHjTHCePC4C5/data with 0 bytes took 1ms
13:19:15.246 200 GET /api/notes/UHjTHCePC4C5/blob with 800 bytes took 0ms
13:19:16.248 204 PUT /api/notes/UHjTHCePC4C5/data with 0 bytes took 1ms
13:19:16.250 200 GET /api/notes/UHjTHCePC4C5/blob with 806 bytes took 0ms
13:19:17.253 204 PUT /api/notes/UHjTHCePC4C5/data with 0 bytes took 1ms
13:19:17.255 200 GET /api/notes/UHjTHCePC4C5/blob with 808 bytes took 0ms
13:19:18.257 204 PUT /api/notes/UHjTHCePC4C5/data with 0 bytes took 2ms
13:19:18.259 200 GET /api/notes/UHjTHCePC4C5/blob with 809 bytes took 1ms
13:19:19.258 204 PUT /api/notes/UHjTHCePC4C5/data with 0 bytes took 1ms
13:19:19.260 200 GET /api/notes/UHjTHCePC4C5/blob with 817 bytes took 0ms
13:19:20.755 204 PUT /api/notes/UHjTHCePC4C5/data with 0 bytes took 1ms
13:19:20.757 200 GET /api/notes/UHjTHCePC4C5/blob with 813 bytes took 0ms
13:19:21.758 204 PUT /api/notes/UHjTHCePC4C5/data with 0 bytes took 2ms
13:19:21.760 200 GET /api/notes/UHjTHCePC4C5/blob with 824 bytes took 0ms
13:19:22.762 204 PUT /api/notes/UHjTHCePC4C5/data with 0 bytes took 1ms
13:19:22.764 200 GET /api/notes/UHjTHCePC4C5/blob with 825 bytes took 0ms
13:19:23.767 204 PUT /api/notes/UHjTHCePC4C5/data with 0 bytes took 2ms
13:19:23.769 200 GET /api/notes/UHjTHCePC4C5/blob with 835 bytes took 1ms
13:19:24.864 204 PUT /api/notes/UHjTHCePC4C5/data with 0 bytes took 1ms
13:19:24.867 200 GET /api/notes/UHjTHCePC4C5/blob with 836 bytes took 1ms
13:19:25.867 204 PUT /api/notes/UHjTHCePC4C5/data with 0 bytes took 2ms
13:19:25.869 200 GET /api/notes/UHjTHCePC4C5/blob with 829 bytes took 1ms
13:19:26.871 204 PUT /api/notes/UHjTHCePC4C5/data with 0 bytes took 1ms
13:19:26.873 200 GET /api/notes/UHjTHCePC4C5/blob with 831 bytes took 0ms
13:19:27.875 204 PUT /api/notes/UHjTHCePC4C5/data with 0 bytes took 1ms
13:19:27.877 200 GET /api/notes/UHjTHCePC4C5/blob with 838 bytes took 0ms
13:19:28.877 204 PUT /api/notes/UHjTHCePC4C5/data with 0 bytes took 1ms
13:19:28.879 200 GET /api/notes/UHjTHCePC4C5/blob with 845 bytes took 1ms
13:19:29.880 204 PUT /api/notes/UHjTHCePC4C5/data with 0 bytes took 1ms
13:19:29.882 200 GET /api/notes/UHjTHCePC4C5/blob with 860 bytes took 0ms
13:19:30.883 204 PUT /api/notes/UHjTHCePC4C5/data with 0 bytes took 2ms
13:19:30.884 200 GET /api/notes/UHjTHCePC4C5/blob with 863 bytes took 0ms
13:19:31.888 204 PUT /api/notes/UHjTHCePC4C5/data with 0 bytes took 1ms
13:19:31.889 200 GET /api/notes/UHjTHCePC4C5/blob with 870 bytes took 0ms
13:19:32.890 204 PUT /api/notes/UHjTHCePC4C5/data with 0 bytes took 1ms
13:19:32.892 200 GET /api/notes/UHjTHCePC4C5/blob with 877 bytes took 1ms
13:19:33.895 204 PUT /api/notes/UHjTHCePC4C5/data with 0 bytes took 1ms
13:19:33.898 200 GET /api/notes/UHjTHCePC4C5/blob with 889 bytes took 1ms
13:19:34.897 204 PUT /api/notes/UHjTHCePC4C5/data with 0 bytes took 2ms
13:19:34.899 200 GET /api/notes/UHjTHCePC4C5/blob with 882 bytes took 0ms
13:19:35.900 204 PUT /api/notes/UHjTHCePC4C5/data with 0 bytes took 1ms
13:19:35.902 200 GET /api/notes/UHjTHCePC4C5/blob with 884 bytes took 0ms
13:19:36.904 204 PUT /api/notes/UHjTHCePC4C5/data with 0 bytes took 1ms
13:19:36.906 200 GET /api/notes/UHjTHCePC4C5/blob with 893 bytes took 0ms
13:19:38.468 204 PUT /api/notes/UHjTHCePC4C5/data with 0 bytes took 1ms
13:19:38.471 200 GET /api/notes/UHjTHCePC4C5/blob with 889 bytes took 0ms
13:19:39.469 204 PUT /api/notes/UHjTHCePC4C5/data with 0 bytes took 1ms
13:19:39.471 200 GET /api/notes/UHjTHCePC4C5/blob with 895 bytes took 0ms
13:19:40.473 204 PUT /api/notes/UHjTHCePC4C5/data with 0 bytes took 1ms
13:19:40.475 200 GET /api/notes/UHjTHCePC4C5/blob with 898 bytes took 0ms
13:19:41.476 204 PUT /api/notes/UHjTHCePC4C5/data with 0 bytes took 1ms
13:19:41.482 200 GET /api/notes/UHjTHCePC4C5/blob with 911 bytes took 0ms
13:19:42.479 204 PUT /api/notes/UHjTHCePC4C5/data with 0 bytes took 1ms
13:19:42.481 200 GET /api/notes/UHjTHCePC4C5/blob with 917 bytes took 0ms
13:19:43.481 204 PUT /api/notes/UHjTHCePC4C5/data with 0 bytes took 1ms
13:19:43.483 200 GET /api/notes/UHjTHCePC4C5/blob with 914 bytes took 1ms
13:19:44.483 204 PUT /api/notes/UHjTHCePC4C5/data with 0 bytes took 2ms
13:19:44.485 200 GET /api/notes/UHjTHCePC4C5/blob with 915 bytes took 1ms
13:19:45.486 204 PUT /api/notes/UHjTHCePC4C5/data with 0 bytes took 1ms
13:19:45.488 200 GET /api/notes/UHjTHCePC4C5/blob with 928 bytes took 0ms
13:19:46.489 204 PUT /api/notes/UHjTHCePC4C5/data with 0 bytes took 2ms
13:19:46.490 200 GET /api/notes/UHjTHCePC4C5/blob with 924 bytes took 0ms
13:19:47.494 204 PUT /api/notes/UHjTHCePC4C5/data with 0 bytes took 1ms
13:19:47.496 200 GET /api/notes/UHjTHCePC4C5/blob with 927 bytes took 0ms
13:19:48.496 204 PUT /api/notes/UHjTHCePC4C5/data with 0 bytes took 1ms
13:19:48.498 200 GET /api/notes/UHjTHCePC4C5/blob with 935 bytes took 0ms
13:19:49.498 204 PUT /api/notes/UHjTHCePC4C5/data with 0 bytes took 1ms
13:19:49.500 200 GET /api/notes/UHjTHCePC4C5/blob with 942 bytes took 0ms
13:19:50.500 204 PUT /api/notes/UHjTHCePC4C5/data with 0 bytes took 1ms
13:19:51.505 204 PUT /api/notes/UHjTHCePC4C5/data with 0 bytes took 2ms
13:19:51.507 200 GET /api/notes/UHjTHCePC4C5/blob with 950 bytes took 0ms
13:19:52.512 204 PUT /api/notes/UHjTHCePC4C5/data with 0 bytes took 6ms
13:19:52.514 200 GET /api/notes/UHjTHCePC4C5/blob with 956 bytes took 0ms
13:19:53.514 204 PUT /api/notes/UHjTHCePC4C5/data with 0 bytes took 4ms
13:19:53.516 200 GET /api/notes/UHjTHCePC4C5/blob with 964 bytes took 0ms
13:19:54.517 204 PUT /api/notes/UHjTHCePC4C5/data with 0 bytes took 1ms
13:19:54.519 200 GET /api/notes/UHjTHCePC4C5/blob with 970 bytes took 0ms
13:21:53.922 204 PUT /api/notes/UHjTHCePC4C5/data with 0 bytes took 2ms
13:21:53.926 200 GET /api/notes/UHjTHCePC4C5/blob with 966 bytes took 0ms
13:21:54.923 204 PUT /api/notes/UHjTHCePC4C5/data with 0 bytes took 1ms
13:21:54.925 200 GET /api/notes/UHjTHCePC4C5/blob with 972 bytes took 0ms
13:21:55.926 204 PUT /api/notes/UHjTHCePC4C5/data with 0 bytes took 1ms
13:21:55.928 200 GET /api/notes/UHjTHCePC4C5/blob with 968 bytes took 0ms
13:21:56.928 204 PUT /api/notes/UHjTHCePC4C5/data with 0 bytes took 1ms
13:21:56.930 200 GET /api/notes/UHjTHCePC4C5/blob with 971 bytes took 0ms
13:21:57.930 204 PUT /api/notes/UHjTHCePC4C5/data with 0 bytes took 1ms
13:21:57.932 200 GET /api/notes/UHjTHCePC4C5/blob with 974 bytes took 0ms
13:21:58.934 204 PUT /api/notes/UHjTHCePC4C5/data with 0 bytes took 1ms
13:21:58.936 200 GET /api/notes/UHjTHCePC4C5/blob with 988 bytes took 0ms
13:21:59.935 204 PUT /api/notes/UHjTHCePC4C5/data with 0 bytes took 1ms
13:21:59.937 200 GET /api/notes/UHjTHCePC4C5/blob with 989 bytes took 0ms
13:22:00.937 204 PUT /api/notes/UHjTHCePC4C5/data with 0 bytes took 1ms
13:22:00.939 200 GET /api/notes/UHjTHCePC4C5/blob with 996 bytes took 0ms
13:22:02.150 204 PUT /api/notes/UHjTHCePC4C5/data with 0 bytes took 1ms
13:22:02.151 200 GET /api/notes/UHjTHCePC4C5/blob with 992 bytes took 0ms
13:22:03.154 204 PUT /api/notes/UHjTHCePC4C5/data with 0 bytes took 1ms
13:22:03.156 200 GET /api/notes/UHjTHCePC4C5/blob with 993 bytes took 0ms
13:22:04.157 204 PUT /api/notes/UHjTHCePC4C5/data with 0 bytes took 1ms
13:22:04.159 200 GET /api/notes/UHjTHCePC4C5/blob with 1003 bytes took 0ms
13:22:05.160 204 PUT /api/notes/UHjTHCePC4C5/data with 0 bytes took 1ms
13:22:05.163 200 GET /api/notes/UHjTHCePC4C5/blob with 1012 bytes took 0ms
13:22:06.162 204 PUT /api/notes/UHjTHCePC4C5/data with 0 bytes took 1ms
13:22:06.164 200 GET /api/notes/UHjTHCePC4C5/blob with 1012 bytes took 0ms
13:22:07.165 204 PUT /api/notes/UHjTHCePC4C5/data with 0 bytes took 1ms
13:22:07.167 200 GET /api/notes/UHjTHCePC4C5/blob with 1020 bytes took 0ms
13:22:10.900 204 PUT /api/notes/UHjTHCePC4C5/data with 0 bytes took 3ms
13:22:10.905 200 GET /api/notes/UHjTHCePC4C5/blob with 1016 bytes took 0ms
13:22:11.904 204 PUT /api/notes/UHjTHCePC4C5/data with 0 bytes took 1ms
13:22:11.906 200 GET /api/notes/UHjTHCePC4C5/blob with 1023 bytes took 0ms
13:22:12.907 204 PUT /api/notes/UHjTHCePC4C5/data with 0 bytes took 1ms
13:22:12.909 200 GET /api/notes/UHjTHCePC4C5/blob with 1025 bytes took 0ms
13:22:13.909 204 PUT /api/notes/UHjTHCePC4C5/data with 0 bytes took 1ms
13:22:13.911 200 GET /api/notes/UHjTHCePC4C5/blob with 1028 bytes took 0ms
13:22:14.912 204 PUT /api/notes/UHjTHCePC4C5/data with 0 bytes took 1ms
13:22:14.915 200 GET /api/notes/UHjTHCePC4C5/blob with 1034 bytes took 0ms
13:22:15.914 204 PUT /api/notes/UHjTHCePC4C5/data with 0 bytes took 2ms
13:22:15.915 200 GET /api/notes/UHjTHCePC4C5/blob with 1031 bytes took 0ms
13:22:16.920 204 PUT /api/notes/UHjTHCePC4C5/data with 0 bytes took 2ms
13:22:16.922 200 GET /api/notes/UHjTHCePC4C5/blob with 1035 bytes took 0ms
13:22:17.925 204 PUT /api/notes/UHjTHCePC4C5/data with 0 bytes took 1ms
13:22:17.927 200 GET /api/notes/UHjTHCePC4C5/blob with 1037 bytes took 0ms
13:22:18.928 204 PUT /api/notes/UHjTHCePC4C5/data with 0 bytes took 2ms
13:22:18.930 200 GET /api/notes/UHjTHCePC4C5/blob with 1041 bytes took 0ms
13:22:19.933 204 PUT /api/notes/UHjTHCePC4C5/data with 0 bytes took 1ms
13:22:19.935 200 GET /api/notes/UHjTHCePC4C5/blob with 1045 bytes took 0ms
13:22:20.935 204 PUT /api/notes/UHjTHCePC4C5/data with 0 bytes took 1ms
13:22:20.937 200 GET /api/notes/UHjTHCePC4C5/blob with 1055 bytes took 0ms
13:22:27.050 204 PUT /api/notes/UHjTHCePC4C5/data with 0 bytes took 1ms
13:22:27.055 200 GET /api/notes/UHjTHCePC4C5/blob with 1051 bytes took 1ms
13:22:28.055 204 PUT /api/notes/UHjTHCePC4C5/data with 0 bytes took 2ms
13:22:28.057 200 GET /api/notes/UHjTHCePC4C5/blob with 1054 bytes took 0ms
13:22:29.060 204 PUT /api/notes/UHjTHCePC4C5/data with 0 bytes took 1ms
13:22:29.063 200 GET /api/notes/UHjTHCePC4C5/blob with 1059 bytes took 1ms
13:22:30.063 204 PUT /api/notes/UHjTHCePC4C5/data with 0 bytes took 1ms
13:22:30.065 200 GET /api/notes/UHjTHCePC4C5/blob with 1067 bytes took 0ms
13:22:31.066 204 PUT /api/notes/UHjTHCePC4C5/data with 0 bytes took 1ms
13:22:31.068 200 GET /api/notes/UHjTHCePC4C5/blob with 1075 bytes took 0ms
13:22:35.196 204 PUT /api/notes/UHjTHCePC4C5/data with 0 bytes took 1ms
13:22:35.200 200 GET /api/notes/UHjTHCePC4C5/blob with 1069 bytes took 1ms
13:22:36.199 204 PUT /api/notes/UHjTHCePC4C5/data with 0 bytes took 1ms
13:22:36.201 200 GET /api/notes/UHjTHCePC4C5/blob with 1061 bytes took 0ms
13:22:37.204 204 PUT /api/notes/UHjTHCePC4C5/data with 0 bytes took 1ms
13:22:37.206 200 GET /api/notes/UHjTHCePC4C5/blob with 1068 bytes took 0ms
13:22:38.208 204 PUT /api/notes/UHjTHCePC4C5/data with 0 bytes took 1ms
13:22:38.210 200 GET /api/notes/UHjTHCePC4C5/blob with 1073 bytes took 0ms
13:22:39.213 204 PUT /api/notes/UHjTHCePC4C5/data with 0 bytes took 1ms
13:22:39.215 200 GET /api/notes/UHjTHCePC4C5/blob with 1076 bytes took 0ms
13:22:40.215 204 PUT /api/notes/UHjTHCePC4C5/data with 0 bytes took 0ms
13:22:41.220 204 PUT /api/notes/UHjTHCePC4C5/data with 0 bytes took 1ms
13:22:41.222 200 GET /api/notes/UHjTHCePC4C5/blob with 1075 bytes took 0ms
13:22:42.222 204 PUT /api/notes/UHjTHCePC4C5/data with 0 bytes took 2ms
13:22:42.223 200 GET /api/notes/UHjTHCePC4C5/blob with 1084 bytes took 0ms
13:22:43.223 204 PUT /api/notes/UHjTHCePC4C5/data with 0 bytes took 1ms
13:22:43.225 200 GET /api/notes/UHjTHCePC4C5/blob with 1097 bytes took 0ms
13:22:44.227 204 PUT /api/notes/UHjTHCePC4C5/data with 0 bytes took 1ms
13:22:44.229 200 GET /api/notes/UHjTHCePC4C5/blob with 1096 bytes took 0ms
13:22:45.230 204 PUT /api/notes/UHjTHCePC4C5/data with 0 bytes took 1ms
13:22:45.232 200 GET /api/notes/UHjTHCePC4C5/blob with 1098 bytes took 0ms
13:22:46.234 204 PUT /api/notes/UHjTHCePC4C5/data with 0 bytes took 1ms
13:22:46.236 200 GET /api/notes/UHjTHCePC4C5/blob with 1101 bytes took 0ms
13:22:47.239 204 PUT /api/notes/UHjTHCePC4C5/data with 0 bytes took 1ms
13:22:47.241 200 GET /api/notes/UHjTHCePC4C5/blob with 1103 bytes took 0ms
13:22:48.241 204 PUT /api/notes/UHjTHCePC4C5/data with 0 bytes took 1ms
13:22:48.243 200 GET /api/notes/UHjTHCePC4C5/blob with 1107 bytes took 0ms
13:22:49.246 204 PUT /api/notes/UHjTHCePC4C5/data with 0 bytes took 1ms
13:22:49.248 200 GET /api/notes/UHjTHCePC4C5/blob with 1110 bytes took 0ms
13:22:50.251 204 PUT /api/notes/UHjTHCePC4C5/data with 0 bytes took 1ms
13:22:50.255 200 GET /api/notes/UHjTHCePC4C5/blob with 1116 bytes took 0ms
13:22:51.255 204 PUT /api/notes/UHjTHCePC4C5/data with 0 bytes took 1ms
13:22:51.257 200 GET /api/notes/UHjTHCePC4C5/blob with 1119 bytes took 0ms
13:22:52.258 204 PUT /api/notes/UHjTHCePC4C5/data with 0 bytes took 1ms
13:22:52.261 200 GET /api/notes/UHjTHCePC4C5/blob with 1128 bytes took 0ms
13:22:53.262 204 PUT /api/notes/UHjTHCePC4C5/data with 0 bytes took 1ms
13:22:53.265 200 GET /api/notes/UHjTHCePC4C5/blob with 1128 bytes took 1ms
13:22:54.265 204 PUT /api/notes/UHjTHCePC4C5/data with 0 bytes took 1ms
13:22:54.267 200 GET /api/notes/UHjTHCePC4C5/blob with 1130 bytes took 0ms
13:22:55.266 204 PUT /api/notes/UHjTHCePC4C5/data with 0 bytes took 1ms
13:22:55.268 200 GET /api/notes/UHjTHCePC4C5/blob with 1145 bytes took 0ms
13:22:56.276 204 PUT /api/notes/UHjTHCePC4C5/data with 0 bytes took 6ms
13:22:56.279 200 GET /api/notes/UHjTHCePC4C5/blob with 1150 bytes took 0ms
13:22:57.432 204 PUT /api/notes/UHjTHCePC4C5/data with 0 bytes took 3ms
13:22:57.435 200 GET /api/notes/UHjTHCePC4C5/blob with 1149 bytes took 1ms
13:22:58.433 204 PUT /api/notes/UHjTHCePC4C5/data with 0 bytes took 1ms
13:22:58.435 200 GET /api/notes/UHjTHCePC4C5/blob with 1146 bytes took 0ms
13:23:00.730 204 PUT /api/notes/UHjTHCePC4C5/data with 0 bytes took 1ms
13:23:00.733 200 GET /api/notes/UHjTHCePC4C5/blob with 1142 bytes took 1ms
13:23:01.733 204 PUT /api/notes/UHjTHCePC4C5/data with 0 bytes took 1ms
13:23:01.735 200 GET /api/notes/UHjTHCePC4C5/blob with 1144 bytes took 0ms
13:23:02.737 204 PUT /api/notes/UHjTHCePC4C5/data with 0 bytes took 1ms
13:23:02.739 200 GET /api/notes/UHjTHCePC4C5/blob with 1149 bytes took 0ms
13:23:03.739 204 PUT /api/notes/UHjTHCePC4C5/data with 0 bytes took 1ms
13:23:03.741 200 GET /api/notes/UHjTHCePC4C5/blob with 1153 bytes took 0ms
13:23:04.743 204 PUT /api/notes/UHjTHCePC4C5/data with 0 bytes took 1ms
13:23:04.745 200 GET /api/notes/UHjTHCePC4C5/blob with 1150 bytes took 0ms
13:23:05.747 204 PUT /api/notes/UHjTHCePC4C5/data with 0 bytes took 2ms
13:23:05.748 200 GET /api/notes/UHjTHCePC4C5/blob with 1152 bytes took 0ms
13:23:06.750 204 PUT /api/notes/UHjTHCePC4C5/data with 0 bytes took 2ms
13:23:06.752 200 GET /api/notes/UHjTHCePC4C5/blob with 1165 bytes took 0ms
13:23:07.752 204 PUT /api/notes/UHjTHCePC4C5/data with 0 bytes took 2ms
13:23:07.754 200 GET /api/notes/UHjTHCePC4C5/blob with 1165 bytes took 0ms
13:23:08.754 204 PUT /api/notes/UHjTHCePC4C5/data with 0 bytes took 1ms
13:23:08.756 200 GET /api/notes/UHjTHCePC4C5/blob with 1168 bytes took 0ms
13:23:09.763 204 PUT /api/notes/UHjTHCePC4C5/data with 0 bytes took 1ms
13:23:09.766 200 GET /api/notes/UHjTHCePC4C5/blob with 1181 bytes took 0ms
13:23:10.764 204 PUT /api/notes/UHjTHCePC4C5/data with 0 bytes took 1ms
13:23:10.766 200 GET /api/notes/UHjTHCePC4C5/blob with 1184 bytes took 0ms
13:23:11.765 204 PUT /api/notes/UHjTHCePC4C5/data with 0 bytes took 1ms
13:23:11.767 200 GET /api/notes/UHjTHCePC4C5/blob with 1192 bytes took 0ms
13:23:12.774 204 PUT /api/notes/UHjTHCePC4C5/data with 0 bytes took 2ms
13:23:12.776 200 GET /api/notes/UHjTHCePC4C5/blob with 1199 bytes took 0ms
13:23:13.777 204 PUT /api/notes/UHjTHCePC4C5/data with 0 bytes took 1ms
13:23:13.779 200 GET /api/notes/UHjTHCePC4C5/blob with 1207 bytes took 0ms
13:23:14.780 204 PUT /api/notes/UHjTHCePC4C5/data with 0 bytes took 2ms
13:23:14.781 200 GET /api/notes/UHjTHCePC4C5/blob with 1215 bytes took 0ms
13:23:23.733 204 PUT /api/notes/UHjTHCePC4C5/data with 0 bytes took 1ms
13:23:23.738 200 GET /api/notes/UHjTHCePC4C5/blob with 1216 bytes took 0ms
13:23:24.734 204 PUT /api/notes/UHjTHCePC4C5/data with 0 bytes took 2ms
13:23:24.737 200 GET /api/notes/UHjTHCePC4C5/blob with 1224 bytes took 1ms
13:23:25.736 204 PUT /api/notes/UHjTHCePC4C5/data with 0 bytes took 1ms
13:23:25.738 200 GET /api/notes/UHjTHCePC4C5/blob with 1230 bytes took 0ms
13:23:26.741 204 PUT /api/notes/UHjTHCePC4C5/data with 0 bytes took 2ms
13:23:26.743 200 GET /api/notes/UHjTHCePC4C5/blob with 1237 bytes took 0ms
13:24:02.573 204 PUT /api/notes/UHjTHCePC4C5/data with 0 bytes took 2ms
13:24:02.578 200 GET /api/notes/UHjTHCePC4C5/blob with 1233 bytes took 1ms
13:24:03.575 204 PUT /api/notes/UHjTHCePC4C5/data with 0 bytes took 1ms
13:24:03.577 200 GET /api/notes/UHjTHCePC4C5/blob with 1239 bytes took 0ms
13:24:04.576 204 PUT /api/notes/UHjTHCePC4C5/data with 0 bytes took 1ms
13:24:04.578 200 GET /api/notes/UHjTHCePC4C5/blob with 1245 bytes took 0ms
13:24:05.581 204 PUT /api/notes/UHjTHCePC4C5/data with 0 bytes took 1ms
13:24:05.583 200 GET /api/notes/UHjTHCePC4C5/blob with 1251 bytes took 0ms
13:24:06.583 204 PUT /api/notes/UHjTHCePC4C5/data with 0 bytes took 1ms
13:24:06.585 200 GET /api/notes/UHjTHCePC4C5/blob with 1258 bytes took 0ms
13:24:07.585 204 PUT /api/notes/UHjTHCePC4C5/data with 0 bytes took 1ms
13:24:07.587 200 GET /api/notes/UHjTHCePC4C5/blob with 1264 bytes took 0ms
13:24:08.588 204 PUT /api/notes/UHjTHCePC4C5/data with 0 bytes took 1ms
13:24:08.590 200 GET /api/notes/UHjTHCePC4C5/blob with 1262 bytes took 0ms
13:24:09.589 204 PUT /api/notes/UHjTHCePC4C5/data with 0 bytes took 1ms
13:24:09.591 200 GET /api/notes/UHjTHCePC4C5/blob with 1273 bytes took 0ms
13:24:10.594 204 PUT /api/notes/UHjTHCePC4C5/data with 0 bytes took 2ms
13:24:10.596 200 GET /api/notes/UHjTHCePC4C5/blob with 1276 bytes took 0ms
13:24:11.595 204 PUT /api/notes/UHjTHCePC4C5/data with 0 bytes took 1ms
13:24:11.597 200 GET /api/notes/UHjTHCePC4C5/blob with 1273 bytes took 0ms
13:24:12.600 204 PUT /api/notes/UHjTHCePC4C5/data with 0 bytes took 2ms
13:24:12.602 200 GET /api/notes/UHjTHCePC4C5/blob with 1271 bytes took 0ms
13:24:13.602 204 PUT /api/notes/UHjTHCePC4C5/data with 0 bytes took 1ms
13:24:13.604 200 GET /api/notes/UHjTHCePC4C5/blob with 1272 bytes took 0ms
13:24:14.606 204 PUT /api/notes/UHjTHCePC4C5/data with 0 bytes took 1ms
13:24:14.608 200 GET /api/notes/UHjTHCePC4C5/blob with 1283 bytes took 0ms
13:24:17.314 204 PUT /api/notes/UHjTHCePC4C5/data with 0 bytes took 1ms
13:24:17.316 200 GET /api/notes/UHjTHCePC4C5/blob with 1279 bytes took 0ms
13:24:18.318 204 PUT /api/notes/UHjTHCePC4C5/data with 0 bytes took 1ms
13:24:18.321 200 GET /api/notes/UHjTHCePC4C5/blob with 1284 bytes took 1ms
13:24:19.319 204 PUT /api/notes/UHjTHCePC4C5/data with 0 bytes took 1ms
13:24:19.321 200 GET /api/notes/UHjTHCePC4C5/blob with 1292 bytes took 0ms
13:24:20.324 204 PUT /api/notes/UHjTHCePC4C5/data with 0 bytes took 1ms
13:24:20.326 200 GET /api/notes/UHjTHCePC4C5/blob with 1298 bytes took 1ms
13:24:21.328 204 PUT /api/notes/UHjTHCePC4C5/data with 0 bytes took 1ms
13:24:21.330 200 GET /api/notes/UHjTHCePC4C5/blob with 1299 bytes took 0ms
13:24:22.332 204 PUT /api/notes/UHjTHCePC4C5/data with 0 bytes took 1ms
13:24:22.334 200 GET /api/notes/UHjTHCePC4C5/blob with 1311 bytes took 0ms
13:24:23.336 204 PUT /api/notes/UHjTHCePC4C5/data with 0 bytes took 2ms
13:24:23.338 200 GET /api/notes/UHjTHCePC4C5/blob with 1312 bytes took 0ms
13:24:24.338 204 PUT /api/notes/UHjTHCePC4C5/data with 0 bytes took 1ms
13:24:24.340 200 GET /api/notes/UHjTHCePC4C5/blob with 1318 bytes took 0ms
13:24:25.342 204 PUT /api/notes/UHjTHCePC4C5/data with 0 bytes took 1ms
13:24:25.344 200 GET /api/notes/UHjTHCePC4C5/blob with 1328 bytes took 0ms
13:24:32.898 204 PUT /api/notes/UHjTHCePC4C5/data with 0 bytes took 1ms
13:24:32.904 200 GET /api/notes/UHjTHCePC4C5/blob with 1324 bytes took 1ms
13:24:33.901 204 PUT /api/notes/UHjTHCePC4C5/data with 0 bytes took 2ms
13:24:33.903 200 GET /api/notes/UHjTHCePC4C5/blob with 1327 bytes took 1ms
13:24:34.905 204 PUT /api/notes/UHjTHCePC4C5/data with 0 bytes took 1ms
13:24:34.908 200 GET /api/notes/UHjTHCePC4C5/blob with 1332 bytes took 0ms
13:24:35.909 204 PUT /api/notes/UHjTHCePC4C5/data with 0 bytes took 2ms
13:24:35.910 200 GET /api/notes/UHjTHCePC4C5/blob with 1345 bytes took 0ms
13:24:36.914 204 PUT /api/notes/UHjTHCePC4C5/data with 0 bytes took 2ms
13:24:36.916 200 GET /api/notes/UHjTHCePC4C5/blob with 1342 bytes took 0ms
13:24:37.914 204 PUT /api/notes/UHjTHCePC4C5/data with 0 bytes took 1ms
13:24:37.916 200 GET /api/notes/UHjTHCePC4C5/blob with 1355 bytes took 0ms
13:24:38.924 204 PUT /api/notes/UHjTHCePC4C5/data with 0 bytes took 6ms
13:24:38.926 200 GET /api/notes/UHjTHCePC4C5/blob with 1356 bytes took 0ms
13:24:39.926 204 PUT /api/notes/UHjTHCePC4C5/data with 0 bytes took 4ms
13:24:39.928 200 GET /api/notes/UHjTHCePC4C5/blob with 1363 bytes took 0ms
13:24:40.925 204 PUT /api/notes/UHjTHCePC4C5/data with 0 bytes took 1ms
13:24:40.927 200 GET /api/notes/UHjTHCePC4C5/blob with 1371 bytes took 0ms
13:24:41.927 204 PUT /api/notes/UHjTHCePC4C5/data with 0 bytes took 1ms
13:24:41.929 200 GET /api/notes/UHjTHCePC4C5/blob with 1383 bytes took 0ms
13:24:42.931 204 PUT /api/notes/UHjTHCePC4C5/data with 0 bytes took 2ms
13:24:42.933 200 GET /api/notes/UHjTHCePC4C5/blob with 1382 bytes took 0ms
13:24:43.933 204 PUT /api/notes/UHjTHCePC4C5/data with 0 bytes took 1ms
13:24:43.935 200 GET /api/notes/UHjTHCePC4C5/blob with 1383 bytes took 0ms
13:24:44.935 204 PUT /api/notes/UHjTHCePC4C5/data with 0 bytes took 1ms
13:24:44.937 200 GET /api/notes/UHjTHCePC4C5/blob with 1379 bytes took 0ms
13:24:45.941 204 PUT /api/notes/UHjTHCePC4C5/data with 0 bytes took 1ms
13:24:45.944 200 GET /api/notes/UHjTHCePC4C5/blob with 1386 bytes took 0ms
13:24:46.945 204 PUT /api/notes/UHjTHCePC4C5/data with 0 bytes took 1ms
13:24:46.947 200 GET /api/notes/UHjTHCePC4C5/blob with 1396 bytes took 1ms
13:24:47.948 204 PUT /api/notes/UHjTHCePC4C5/data with 0 bytes took 1ms
13:24:47.951 200 GET /api/notes/UHjTHCePC4C5/blob with 1402 bytes took 1ms
13:24:51.567 204 PUT /api/notes/UHjTHCePC4C5/data with 0 bytes took 2ms
13:24:51.571 200 GET /api/notes/UHjTHCePC4C5/blob with 1396 bytes took 0ms
13:24:52.569 204 PUT /api/notes/UHjTHCePC4C5/data with 0 bytes took 1ms
13:24:52.572 200 GET /api/notes/UHjTHCePC4C5/blob with 1396 bytes took 1ms
13:24:53.572 204 PUT /api/notes/UHjTHCePC4C5/data with 0 bytes took 1ms
13:24:53.575 200 GET /api/notes/UHjTHCePC4C5/blob with 1395 bytes took 1ms
13:24:54.573 204 PUT /api/notes/UHjTHCePC4C5/data with 0 bytes took 1ms
13:24:54.575 200 GET /api/notes/UHjTHCePC4C5/blob with 1396 bytes took 0ms
13:24:55.577 204 PUT /api/notes/UHjTHCePC4C5/data with 0 bytes took 2ms
13:24:55.579 200 GET /api/notes/UHjTHCePC4C5/blob with 1403 bytes took 0ms
13:24:56.578 204 PUT /api/notes/UHjTHCePC4C5/data with 0 bytes took 1ms
13:24:56.580 200 GET /api/notes/UHjTHCePC4C5/blob with 1411 bytes took 0ms
13:24:59.045 204 PUT /api/notes/UHjTHCePC4C5/data with 0 bytes took 1ms
13:24:59.049 200 GET /api/notes/UHjTHCePC4C5/blob with 1407 bytes took 0ms
13:25:00.049 204 PUT /api/notes/UHjTHCePC4C5/data with 0 bytes took 1ms
13:25:00.051 200 GET /api/notes/UHjTHCePC4C5/blob with 1409 bytes took 0ms
13:25:01.052 204 PUT /api/notes/UHjTHCePC4C5/data with 0 bytes took 1ms
13:25:01.054 200 GET /api/notes/UHjTHCePC4C5/blob with 1416 bytes took 0ms
13:25:02.054 204 PUT /api/notes/UHjTHCePC4C5/data with 0 bytes took 1ms
13:25:02.056 200 GET /api/notes/UHjTHCePC4C5/blob with 1419 bytes took 0ms
13:25:10.237 204 PUT /api/notes/UHjTHCePC4C5/data with 0 bytes took 2ms
13:25:10.241 200 GET /api/notes/UHjTHCePC4C5/blob with 1420 bytes took 0ms
13:25:11.240 204 PUT /api/notes/UHjTHCePC4C5/data with 0 bytes took 1ms
13:25:11.242 200 GET /api/notes/UHjTHCePC4C5/blob with 1424 bytes took 0ms
13:25:12.248 204 PUT /api/notes/UHjTHCePC4C5/data with 0 bytes took 1ms
13:25:12.250 200 GET /api/notes/UHjTHCePC4C5/blob with 1430 bytes took 0ms
13:25:13.251 204 PUT /api/notes/UHjTHCePC4C5/data with 0 bytes took 1ms
13:25:13.253 200 GET /api/notes/UHjTHCePC4C5/blob with 1438 bytes took 0ms
13:25:14.256 204 PUT /api/notes/UHjTHCePC4C5/data with 0 bytes took 1ms
13:25:14.258 200 GET /api/notes/UHjTHCePC4C5/blob with 1443 bytes took 1ms
13:25:15.260 204 PUT /api/notes/UHjTHCePC4C5/data with 0 bytes took 1ms
13:25:15.262 200 GET /api/notes/UHjTHCePC4C5/blob with 1450 bytes took 0ms
13:25:16.263 204 PUT /api/notes/UHjTHCePC4C5/data with 0 bytes took 2ms
13:25:16.265 200 GET /api/notes/UHjTHCePC4C5/blob with 1451 bytes took 1ms
13:25:17.266 204 PUT /api/notes/UHjTHCePC4C5/data with 0 bytes took 2ms
13:25:17.268 200 GET /api/notes/UHjTHCePC4C5/blob with 1449 bytes took 1ms
13:25:18.268 204 PUT /api/notes/UHjTHCePC4C5/data with 0 bytes took 2ms
13:25:18.269 200 GET /api/notes/UHjTHCePC4C5/blob with 1448 bytes took 0ms
13:25:19.269 204 PUT /api/notes/UHjTHCePC4C5/data with 0 bytes took 1ms
13:25:19.271 200 GET /api/notes/UHjTHCePC4C5/blob with 1455 bytes took 0ms
13:25:20.273 204 PUT /api/notes/UHjTHCePC4C5/data with 0 bytes took 1ms
13:25:20.275 200 GET /api/notes/UHjTHCePC4C5/blob with 1457 bytes took 0ms
13:25:21.278 204 PUT /api/notes/UHjTHCePC4C5/data with 0 bytes took 1ms
13:25:21.280 200 GET /api/notes/UHjTHCePC4C5/blob with 1461 bytes took 0ms
13:25:22.280 204 PUT /api/notes/UHjTHCePC4C5/data with 0 bytes took 1ms
13:25:22.282 200 GET /api/notes/UHjTHCePC4C5/blob with 1468 bytes took 0ms
13:25:23.283 204 PUT /api/notes/UHjTHCePC4C5/data with 0 bytes took 1ms
13:25:23.285 200 GET /api/notes/UHjTHCePC4C5/blob with 1480 bytes took 0ms
13:25:24.286 204 PUT /api/notes/UHjTHCePC4C5/data with 0 bytes took 1ms
13:25:24.288 200 GET /api/notes/UHjTHCePC4C5/blob with 1482 bytes took 0ms
13:25:25.287 204 PUT /api/notes/UHjTHCePC4C5/data with 0 bytes took 1ms
13:25:25.289 200 GET /api/notes/UHjTHCePC4C5/blob with 1497 bytes took 0ms
13:25:26.293 204 PUT /api/notes/UHjTHCePC4C5/data with 0 bytes took 1ms
13:25:26.295 200 GET /api/notes/UHjTHCePC4C5/blob with 1500 bytes took 1ms
13:25:27.297 204 PUT /api/notes/UHjTHCePC4C5/data with 0 bytes took 1ms
13:25:27.299 200 GET /api/notes/UHjTHCePC4C5/blob with 1503 bytes took 0ms
13:25:28.300 204 PUT /api/notes/UHjTHCePC4C5/data with 0 bytes took 1ms
13:25:28.302 200 GET /api/notes/UHjTHCePC4C5/blob with 1504 bytes took 0ms
13:25:29.303 204 PUT /api/notes/UHjTHCePC4C5/data with 0 bytes took 1ms
13:25:29.305 200 GET /api/notes/UHjTHCePC4C5/blob with 1517 bytes took 0ms
13:25:35.519 204 PUT /api/notes/UHjTHCePC4C5/data with 0 bytes took 1ms
13:25:35.524 200 GET /api/notes/UHjTHCePC4C5/blob with 1523 bytes took 1ms
13:25:36.522 204 PUT /api/notes/UHjTHCePC4C5/data with 0 bytes took 1ms
13:25:36.524 200 GET /api/notes/UHjTHCePC4C5/blob with 1528 bytes took 0ms
13:25:37.530 204 PUT /api/notes/UHjTHCePC4C5/data with 0 bytes took 2ms
13:25:37.532 200 GET /api/notes/UHjTHCePC4C5/blob with 1522 bytes took 1ms
13:25:38.532 204 PUT /api/notes/UHjTHCePC4C5/data with 0 bytes took 1ms
13:25:38.534 200 GET /api/notes/UHjTHCePC4C5/blob with 1527 bytes took 0ms
13:25:39.537 204 PUT /api/notes/UHjTHCePC4C5/data with 0 bytes took 1ms
13:25:39.538 200 GET /api/notes/UHjTHCePC4C5/blob with 1535 bytes took 0ms
13:25:40.538 204 PUT /api/notes/UHjTHCePC4C5/data with 0 bytes took 1ms
13:25:40.540 200 GET /api/notes/UHjTHCePC4C5/blob with 1543 bytes took 0ms
13:25:41.541 204 PUT /api/notes/UHjTHCePC4C5/data with 0 bytes took 1ms
13:25:41.543 200 GET /api/notes/UHjTHCePC4C5/blob with 1555 bytes took 0ms
13:25:42.547 204 PUT /api/notes/UHjTHCePC4C5/data with 0 bytes took 2ms
13:25:42.549 200 GET /api/notes/UHjTHCePC4C5/blob with 1557 bytes took 0ms
13:25:43.555 204 PUT /api/notes/UHjTHCePC4C5/data with 0 bytes took 6ms
13:25:43.557 200 GET /api/notes/UHjTHCePC4C5/blob with 1563 bytes took 1ms
13:25:44.557 204 PUT /api/notes/UHjTHCePC4C5/data with 0 bytes took 4ms
13:25:44.561 200 GET /api/notes/UHjTHCePC4C5/blob with 1569 bytes took 0ms
13:25:45.555 204 PUT /api/notes/UHjTHCePC4C5/data with 0 bytes took 1ms
13:25:45.557 200 GET /api/notes/UHjTHCePC4C5/blob with 1578 bytes took 0ms
13:25:46.559 204 PUT /api/notes/UHjTHCePC4C5/data with 0 bytes took 0ms
13:25:47.564 204 PUT /api/notes/UHjTHCePC4C5/data with 0 bytes took 1ms
13:25:47.566 200 GET /api/notes/UHjTHCePC4C5/blob with 1584 bytes took 0ms
13:25:48.568 204 PUT /api/notes/UHjTHCePC4C5/data with 0 bytes took 1ms
13:25:48.570 200 GET /api/notes/UHjTHCePC4C5/blob with 1592 bytes took 0ms
13:25:49.572 204 PUT /api/notes/UHjTHCePC4C5/data with 0 bytes took 1ms
13:25:49.574 200 GET /api/notes/UHjTHCePC4C5/blob with 1600 bytes took 0ms
13:25:50.577 204 PUT /api/notes/UHjTHCePC4C5/data with 0 bytes took 1ms
13:25:50.579 200 GET /api/notes/UHjTHCePC4C5/blob with 1608 bytes took 0ms
13:25:51.579 204 PUT /api/notes/UHjTHCePC4C5/data with 0 bytes took 1ms
13:25:51.581 200 GET /api/notes/UHjTHCePC4C5/blob with 1613 bytes took 0ms
13:25:52.584 204 PUT /api/notes/UHjTHCePC4C5/data with 0 bytes took 1ms
13:25:52.586 200 GET /api/notes/UHjTHCePC4C5/blob with 1626 bytes took 0ms
13:25:53.588 204 PUT /api/notes/UHjTHCePC4C5/data with 0 bytes took 1ms
13:25:53.589 200 GET /api/notes/UHjTHCePC4C5/blob with 1628 bytes took 0ms
13:25:54.592 204 PUT /api/notes/UHjTHCePC4C5/data with 0 bytes took 1ms
13:25:54.594 200 GET /api/notes/UHjTHCePC4C5/blob with 1637 bytes took 0ms
13:25:55.595 204 PUT /api/notes/UHjTHCePC4C5/data with 0 bytes took 1ms
13:25:55.597 200 GET /api/notes/UHjTHCePC4C5/blob with 1644 bytes took 0ms
13:25:56.599 204 PUT /api/notes/UHjTHCePC4C5/data with 0 bytes took 1ms
13:25:56.601 200 GET /api/notes/UHjTHCePC4C5/blob with 1651 bytes took 0ms
13:25:57.601 204 PUT /api/notes/UHjTHCePC4C5/data with 0 bytes took 1ms
13:25:57.603 200 GET /api/notes/UHjTHCePC4C5/blob with 1660 bytes took 0ms
13:25:58.604 204 PUT /api/notes/UHjTHCePC4C5/data with 0 bytes took 1ms
13:25:58.610 200 GET /api/notes/UHjTHCePC4C5/blob with 1667 bytes took 0ms
13:25:59.609 204 PUT /api/notes/UHjTHCePC4C5/data with 0 bytes took 1ms
13:25:59.611 200 GET /api/notes/UHjTHCePC4C5/blob with 1669 bytes took 0ms
13:26:54.986 Sending message to all clients: {"type":"taskProgressCount","taskId":"Fv1StUyDJD","taskType":"importNotes","data":{"safeImport":true,"shrinkImages":false,"textImportedAsText":true,"codeImportedAsCode":true,"explodeArchives":true,"replaceUnderscoresWithSpaces":true},"progressCount":0}
13:26:54.986 Saving image .IMG_20240829_114134.jpg into parent UHjTHCePC4C5
13:26:54.988 Created new note 'FViwfcMU2QIN', branch 'UHjTHCePC4C5_FViwfcMU2QIN' of type 'image', mime 'unknown'
13:26:55.189 Becca (note cache) load took 3ms
13:26:55.189 Slow 200 POST /api/notes/UHjTHCePC4C5/notes-import with 344 bytes took 203ms
13:26:56.187 Sending message to all clients: {"type":"taskSucceeded","taskId":"Fv1StUyDJD","taskType":"importNotes","data":{"safeImport":true,"shrinkImages":false,"textImportedAsText":true,"codeImportedAsCode":true,"explodeArchives":true,"replaceUnderscoresWithSpaces":true},"result":{"parentNoteId":"UHjTHCePC4C5","importedNoteId":"FViwfcMU2QIN"}}
13:26:56.189 200 POST /api/tree/load with 3357 bytes took 0ms
13:26:56.229 200 GET /api/notes/FViwfcMU2QIN/blob with 163 bytes took 6ms
13:26:56.230 200 GET /api/note-map/FViwfcMU2QIN/backlink-count with 11 bytes took 0ms
13:26:56.230 200 GET /api/tree?subTreeNoteId=UHjTHCePC4C5 with 3357 bytes took 0ms
13:26:56.236 204 PUT /api/options with 0 bytes took 4ms
13:26:56.251 204 PUT /api/branches/Ly1JT1SGA0d0_UHjTHCePC4C5/expanded/1 with 0 bytes took 0ms
13:26:58.370 200 GET /api/notes/UHjTHCePC4C5/blob with 1669 bytes took 0ms
13:26:58.370 200 GET /api/note-map/UHjTHCePC4C5/backlink-count with 11 bytes took 0ms
13:26:58.375 204 PUT /api/options with 0 bytes took 0ms
13:26:59.165 200 GET /api/notes/FViwfcMU2QIN/blob with 163 bytes took 6ms
13:26:59.166 200 GET /api/note-map/FViwfcMU2QIN/backlink-count with 11 bytes took 1ms
13:26:59.379 204 PUT /api/options with 0 bytes took 0ms
13:27:05.554 200 GET /api/notes/mKzmTbJFxFh2/blob with 235 bytes took 0ms
13:27:05.555 200 GET /api/note-map/mKzmTbJFxFh2/backlink-count with 11 bytes took 0ms
13:27:05.559 204 PUT /api/options with 0 bytes took 1ms
13:27:06.207 200 GET /api/notes/UHjTHCePC4C5/blob with 1669 bytes took 0ms
13:27:06.208 200 GET /api/note-map/UHjTHCePC4C5/backlink-count with 11 bytes took 0ms
13:27:06.563 204 PUT /api/options with 0 bytes took 1ms
13:27:07.851 200 GET /api/notes/FViwfcMU2QIN/blob with 163 bytes took 6ms
13:27:07.852 200 GET /api/note-map/FViwfcMU2QIN/backlink-count with 11 bytes took 0ms
13:27:07.853 204 PUT /api/options with 0 bytes took 0ms
13:27:10.635 200 GET /api/notes/UHjTHCePC4C5/blob with 1669 bytes took 1ms
13:27:10.635 200 GET /api/note-map/UHjTHCePC4C5/backlink-count with 11 bytes took 0ms
13:27:10.641 204 PUT /api/options with 0 bytes took 1ms
13:27:13.743 204 PUT /api/notes/UHjTHCePC4C5/data with 0 bytes took 2ms
13:27:13.749 200 GET /api/notes/UHjTHCePC4C5/blob with 1682 bytes took 0ms
13:27:14.745 204 PUT /api/notes/UHjTHCePC4C5/data with 0 bytes took 2ms
13:27:14.747 200 GET /api/notes/UHjTHCePC4C5/blob with 1691 bytes took 0ms
13:27:15.747 204 PUT /api/notes/UHjTHCePC4C5/data with 0 bytes took 2ms
13:27:15.749 200 GET /api/notes/UHjTHCePC4C5/blob with 1684 bytes took 1ms
13:27:16.751 204 PUT /api/notes/UHjTHCePC4C5/data with 0 bytes took 0ms
13:27:17.757 204 PUT /api/notes/UHjTHCePC4C5/data with 0 bytes took 1ms
13:27:17.760 200 GET /api/notes/UHjTHCePC4C5/blob with 1690 bytes took 1ms
13:27:18.758 204 PUT /api/notes/UHjTHCePC4C5/data with 0 bytes took 1ms
13:27:18.761 200 GET /api/notes/UHjTHCePC4C5/blob with 1695 bytes took 1ms
13:27:19.761 204 PUT /api/notes/UHjTHCePC4C5/data with 0 bytes took 2ms
13:27:19.763 200 GET /api/notes/UHjTHCePC4C5/blob with 1687 bytes took 1ms
13:27:20.764 204 PUT /api/notes/UHjTHCePC4C5/data with 0 bytes took 2ms
13:27:20.766 200 GET /api/notes/UHjTHCePC4C5/blob with 1687 bytes took 0ms
13:27:21.766 204 PUT /api/notes/UHjTHCePC4C5/data with 0 bytes took 1ms
13:27:21.768 200 GET /api/notes/UHjTHCePC4C5/blob with 1691 bytes took 0ms
13:27:22.767 204 PUT /api/notes/UHjTHCePC4C5/data with 0 bytes took 1ms
13:27:22.769 200 GET /api/notes/UHjTHCePC4C5/blob with 1705 bytes took 0ms
13:27:23.770 204 PUT /api/notes/UHjTHCePC4C5/data with 0 bytes took 1ms
13:27:23.772 200 GET /api/notes/UHjTHCePC4C5/blob with 1707 bytes took 0ms
13:27:24.774 204 PUT /api/notes/UHjTHCePC4C5/data with 0 bytes took 1ms
13:27:24.776 200 GET /api/notes/UHjTHCePC4C5/blob with 1720 bytes took 0ms
13:27:25.776 204 PUT /api/notes/UHjTHCePC4C5/data with 0 bytes took 1ms
13:27:25.778 200 GET /api/notes/UHjTHCePC4C5/blob with 1722 bytes took 1ms
13:27:26.779 204 PUT /api/notes/UHjTHCePC4C5/data with 0 bytes took 1ms
13:27:26.781 200 GET /api/notes/UHjTHCePC4C5/blob with 1727 bytes took 0ms
13:27:27.782 204 PUT /api/notes/UHjTHCePC4C5/data with 0 bytes took 1ms
13:27:27.784 200 GET /api/notes/UHjTHCePC4C5/blob with 1732 bytes took 0ms
13:27:28.788 204 PUT /api/notes/UHjTHCePC4C5/data with 0 bytes took 2ms
13:27:28.790 200 GET /api/notes/UHjTHCePC4C5/blob with 1739 bytes took 0ms
13:27:49.816 204 PUT /api/notes/UHjTHCePC4C5/data with 0 bytes took 1ms
13:27:49.821 200 GET /api/notes/UHjTHCePC4C5/blob with 1735 bytes took 0ms
13:27:50.819 204 PUT /api/notes/UHjTHCePC4C5/data with 0 bytes took 1ms
13:27:50.821 200 GET /api/notes/UHjTHCePC4C5/blob with 1742 bytes took 0ms
13:27:51.820 204 PUT /api/notes/UHjTHCePC4C5/data with 0 bytes took 1ms
13:27:51.822 200 GET /api/notes/UHjTHCePC4C5/blob with 1745 bytes took 0ms
13:27:52.822 204 PUT /api/notes/UHjTHCePC4C5/data with 0 bytes took 1ms
13:27:52.824 200 GET /api/notes/UHjTHCePC4C5/blob with 1757 bytes took 0ms
13:27:53.916 204 PUT /api/notes/UHjTHCePC4C5/data with 0 bytes took 1ms
13:27:53.919 200 GET /api/notes/UHjTHCePC4C5/blob with 1753 bytes took 0ms
13:27:54.919 204 PUT /api/notes/UHjTHCePC4C5/data with 0 bytes took 1ms
13:27:54.921 200 GET /api/notes/UHjTHCePC4C5/blob with 1757 bytes took 0ms
13:27:55.922 204 PUT /api/notes/UHjTHCePC4C5/data with 0 bytes took 1ms
13:27:55.924 200 GET /api/notes/UHjTHCePC4C5/blob with 1768 bytes took 0ms
13:27:56.925 204 PUT /api/notes/UHjTHCePC4C5/data with 0 bytes took 1ms
13:27:56.927 200 GET /api/notes/UHjTHCePC4C5/blob with 1771 bytes took 0ms
13:27:57.930 204 PUT /api/notes/UHjTHCePC4C5/data with 0 bytes took 1ms
13:27:57.932 200 GET /api/notes/UHjTHCePC4C5/blob with 1783 bytes took 0ms
13:27:58.935 204 PUT /api/notes/UHjTHCePC4C5/data with 0 bytes took 1ms
13:27:58.937 200 GET /api/notes/UHjTHCePC4C5/blob with 1777 bytes took 1ms
13:28:05.663 204 PUT /api/notes/UHjTHCePC4C5/data with 0 bytes took 2ms
13:28:05.667 200 GET /api/notes/UHjTHCePC4C5/blob with 1783 bytes took 0ms
13:28:06.664 204 PUT /api/notes/UHjTHCePC4C5/data with 0 bytes took 1ms
13:28:06.666 200 GET /api/notes/UHjTHCePC4C5/blob with 1782 bytes took 0ms
13:28:07.667 204 PUT /api/notes/UHjTHCePC4C5/data with 0 bytes took 1ms
13:28:07.669 200 GET /api/notes/UHjTHCePC4C5/blob with 1789 bytes took 1ms
13:28:08.672 204 PUT /api/notes/UHjTHCePC4C5/data with 0 bytes took 3ms
13:28:08.674 200 GET /api/notes/UHjTHCePC4C5/blob with 1802 bytes took 0ms
13:28:09.675 204 PUT /api/notes/UHjTHCePC4C5/data with 0 bytes took 1ms
13:28:09.677 200 GET /api/notes/UHjTHCePC4C5/blob with 1803 bytes took 0ms
13:28:10.676 204 PUT /api/notes/UHjTHCePC4C5/data with 0 bytes took 1ms
13:28:10.678 200 GET /api/notes/UHjTHCePC4C5/blob with 1812 bytes took 0ms
13:28:11.678 204 PUT /api/notes/UHjTHCePC4C5/data with 0 bytes took 1ms
13:28:11.680 200 GET /api/notes/UHjTHCePC4C5/blob with 1822 bytes took 0ms
13:28:12.682 204 PUT /api/notes/UHjTHCePC4C5/data with 0 bytes took 2ms
13:28:12.683 200 GET /api/notes/UHjTHCePC4C5/blob with 1818 bytes took 0ms
13:28:13.687 204 PUT /api/notes/UHjTHCePC4C5/data with 0 bytes took 1ms
13:28:13.689 200 GET /api/notes/UHjTHCePC4C5/blob with 1831 bytes took 1ms
13:28:14.691 204 PUT /api/notes/UHjTHCePC4C5/data with 0 bytes took 1ms
13:28:14.693 200 GET /api/notes/UHjTHCePC4C5/blob with 1819 bytes took 0ms
13:28:15.695 204 PUT /api/notes/UHjTHCePC4C5/data with 0 bytes took 2ms
13:28:15.696 200 GET /api/notes/UHjTHCePC4C5/blob with 1822 bytes took 0ms
13:28:16.698 204 PUT /api/notes/UHjTHCePC4C5/data with 0 bytes took 1ms
13:28:16.700 200 GET /api/notes/UHjTHCePC4C5/blob with 1824 bytes took 0ms
13:28:17.702 204 PUT /api/notes/UHjTHCePC4C5/data with 0 bytes took 1ms
13:28:17.704 200 GET /api/notes/UHjTHCePC4C5/blob with 1831 bytes took 0ms
13:28:18.707 204 PUT /api/notes/UHjTHCePC4C5/data with 0 bytes took 1ms
13:28:18.709 200 GET /api/notes/UHjTHCePC4C5/blob with 1835 bytes took 0ms
13:28:19.709 204 PUT /api/notes/UHjTHCePC4C5/data with 0 bytes took 1ms
13:28:19.711 200 GET /api/notes/UHjTHCePC4C5/blob with 1831 bytes took 0ms
13:28:20.713 204 PUT /api/notes/UHjTHCePC4C5/data with 0 bytes took 1ms
13:28:20.715 200 GET /api/notes/UHjTHCePC4C5/blob with 1844 bytes took 0ms
13:28:21.718 204 PUT /api/notes/UHjTHCePC4C5/data with 0 bytes took 2ms
13:28:21.720 200 GET /api/notes/UHjTHCePC4C5/blob with 1846 bytes took 0ms
13:28:22.723 204 PUT /api/notes/UHjTHCePC4C5/data with 0 bytes took 2ms
13:28:22.725 200 GET /api/notes/UHjTHCePC4C5/blob with 1853 bytes took 0ms
13:28:23.728 204 PUT /api/notes/UHjTHCePC4C5/data with 0 bytes took 1ms
13:28:23.730 200 GET /api/notes/UHjTHCePC4C5/blob with 1867 bytes took 0ms
13:28:24.733 204 PUT /api/notes/UHjTHCePC4C5/data with 0 bytes took 2ms
13:28:24.734 200 GET /api/notes/UHjTHCePC4C5/blob with 1875 bytes took 0ms
13:28:25.737 204 PUT /api/notes/UHjTHCePC4C5/data with 0 bytes took 1ms
13:28:25.739 200 GET /api/notes/UHjTHCePC4C5/blob with 1867 bytes took 0ms
13:28:26.741 204 PUT /api/notes/UHjTHCePC4C5/data with 0 bytes took 2ms
13:28:26.743 200 GET /api/notes/UHjTHCePC4C5/blob with 1871 bytes took 0ms
13:28:27.743 204 PUT /api/notes/UHjTHCePC4C5/data with 0 bytes took 2ms
13:28:27.749 200 GET /api/notes/UHjTHCePC4C5/blob with 1878 bytes took 0ms
13:28:28.748 204 PUT /api/notes/UHjTHCePC4C5/data with 0 bytes took 5ms
13:28:28.751 200 GET /api/notes/UHjTHCePC4C5/blob with 1878 bytes took 1ms
13:28:29.748 204 PUT /api/notes/UHjTHCePC4C5/data with 0 bytes took 3ms
13:28:29.750 200 GET /api/notes/UHjTHCePC4C5/blob with 1879 bytes took 0ms
13:28:30.750 204 PUT /api/notes/UHjTHCePC4C5/data with 0 bytes took 2ms
13:28:30.752 200 GET /api/notes/UHjTHCePC4C5/blob with 1882 bytes took 1ms
13:28:31.754 204 PUT /api/notes/UHjTHCePC4C5/data with 0 bytes took 1ms
13:28:31.756 200 GET /api/notes/UHjTHCePC4C5/blob with 1881 bytes took 1ms
13:28:32.758 204 PUT /api/notes/UHjTHCePC4C5/data with 0 bytes took 1ms
13:28:32.760 200 GET /api/notes/UHjTHCePC4C5/blob with 1889 bytes took 0ms
13:28:34.744 204 PUT /api/notes/UHjTHCePC4C5/data with 0 bytes took 2ms
13:28:34.747 200 GET /api/notes/UHjTHCePC4C5/blob with 1885 bytes took 1ms
13:28:35.749 204 PUT /api/notes/UHjTHCePC4C5/data with 0 bytes took 2ms
13:28:35.751 200 GET /api/notes/UHjTHCePC4C5/blob with 1898 bytes took 0ms
13:28:36.754 204 PUT /api/notes/UHjTHCePC4C5/data with 0 bytes took 2ms
13:28:36.757 200 GET /api/notes/UHjTHCePC4C5/blob with 1900 bytes took 1ms
13:28:37.758 204 PUT /api/notes/UHjTHCePC4C5/data with 0 bytes took 1ms
13:28:37.760 200 GET /api/notes/UHjTHCePC4C5/blob with 1914 bytes took 0ms
13:28:38.762 204 PUT /api/notes/UHjTHCePC4C5/data with 0 bytes took 1ms
13:28:38.764 200 GET /api/notes/UHjTHCePC4C5/blob with 1914 bytes took 0ms
13:28:47.921 204 PUT /api/notes/UHjTHCePC4C5/data with 0 bytes took 2ms
13:28:47.925 200 GET /api/notes/UHjTHCePC4C5/blob with 1915 bytes took 0ms
13:28:48.926 204 PUT /api/notes/UHjTHCePC4C5/data with 0 bytes took 1ms
13:28:48.928 200 GET /api/notes/UHjTHCePC4C5/blob with 1920 bytes took 0ms
13:28:49.927 204 PUT /api/notes/UHjTHCePC4C5/data with 0 bytes took 1ms
13:28:49.929 200 GET /api/notes/UHjTHCePC4C5/blob with 1927 bytes took 0ms
13:28:50.931 204 PUT /api/notes/UHjTHCePC4C5/data with 0 bytes took 1ms
13:28:50.933 200 GET /api/notes/UHjTHCePC4C5/blob with 1931 bytes took 0ms
13:28:51.935 204 PUT /api/notes/UHjTHCePC4C5/data with 0 bytes took 2ms
13:28:51.937 200 GET /api/notes/UHjTHCePC4C5/blob with 1943 bytes took 1ms
13:28:52.937 204 PUT /api/notes/UHjTHCePC4C5/data with 0 bytes took 2ms
13:28:52.939 200 GET /api/notes/UHjTHCePC4C5/blob with 1943 bytes took 0ms
13:28:53.941 204 PUT /api/notes/UHjTHCePC4C5/data with 0 bytes took 1ms
13:28:53.943 200 GET /api/notes/UHjTHCePC4C5/blob with 1951 bytes took 0ms
13:28:54.945 204 PUT /api/notes/UHjTHCePC4C5/data with 0 bytes took 1ms
13:28:54.947 200 GET /api/notes/UHjTHCePC4C5/blob with 1955 bytes took 0ms
13:28:55.948 204 PUT /api/notes/UHjTHCePC4C5/data with 0 bytes took 1ms
13:28:55.950 200 GET /api/notes/UHjTHCePC4C5/blob with 1959 bytes took 0ms
13:28:56.949 204 PUT /api/notes/UHjTHCePC4C5/data with 0 bytes took 1ms
13:28:56.951 200 GET /api/notes/UHjTHCePC4C5/blob with 1968 bytes took 0ms
13:28:57.952 204 PUT /api/notes/UHjTHCePC4C5/data with 0 bytes took 1ms
13:28:57.954 200 GET /api/notes/UHjTHCePC4C5/blob with 1977 bytes took 0ms
13:28:58.956 204 PUT /api/notes/UHjTHCePC4C5/data with 0 bytes took 1ms
13:28:58.958 200 GET /api/notes/UHjTHCePC4C5/blob with 1984 bytes took 0ms
13:28:59.959 204 PUT /api/notes/UHjTHCePC4C5/data with 0 bytes took 2ms
13:28:59.960 200 GET /api/notes/UHjTHCePC4C5/blob with 1979 bytes took 0ms
13:29:00.964 204 PUT /api/notes/UHjTHCePC4C5/data with 0 bytes took 1ms
13:29:00.967 200 GET /api/notes/UHjTHCePC4C5/blob with 1984 bytes took 1ms
13:29:01.968 204 PUT /api/notes/UHjTHCePC4C5/data with 0 bytes took 1ms
13:29:01.970 200 GET /api/notes/UHjTHCePC4C5/blob with 1997 bytes took 0ms
13:29:02.972 204 PUT /api/notes/UHjTHCePC4C5/data with 0 bytes took 2ms
13:29:02.974 200 GET /api/notes/UHjTHCePC4C5/blob with 1999 bytes took 1ms
13:29:03.976 204 PUT /api/notes/UHjTHCePC4C5/data with 0 bytes took 1ms
13:29:03.978 200 GET /api/notes/UHjTHCePC4C5/blob with 1996 bytes took 0ms
13:29:04.980 204 PUT /api/notes/UHjTHCePC4C5/data with 0 bytes took 1ms
13:29:04.982 200 GET /api/notes/UHjTHCePC4C5/blob with 2002 bytes took 0ms
13:29:07.414 204 PUT /api/notes/UHjTHCePC4C5/data with 0 bytes took 2ms
13:29:07.416 200 GET /api/notes/UHjTHCePC4C5/blob with 1998 bytes took 0ms
13:29:08.417 204 PUT /api/notes/UHjTHCePC4C5/data with 0 bytes took 1ms
13:29:08.420 200 GET /api/notes/UHjTHCePC4C5/blob with 2001 bytes took 0ms
13:29:09.420 204 PUT /api/notes/UHjTHCePC4C5/data with 0 bytes took 1ms
13:29:09.423 200 GET /api/notes/UHjTHCePC4C5/blob with 2007 bytes took 0ms
13:29:10.424 204 PUT /api/notes/UHjTHCePC4C5/data with 0 bytes took 1ms
13:29:10.426 200 GET /api/notes/UHjTHCePC4C5/blob with 2012 bytes took 0ms
13:29:11.426 204 PUT /api/notes/UHjTHCePC4C5/data with 0 bytes took 1ms
13:29:11.428 200 GET /api/notes/UHjTHCePC4C5/blob with 2014 bytes took 0ms
13:29:12.427 204 PUT /api/notes/UHjTHCePC4C5/data with 0 bytes took 1ms
13:29:12.429 200 GET /api/notes/UHjTHCePC4C5/blob with 2018 bytes took 0ms
13:29:13.434 204 PUT /api/notes/UHjTHCePC4C5/data with 0 bytes took 2ms
13:29:13.436 200 GET /api/notes/UHjTHCePC4C5/blob with 2015 bytes took 1ms
13:29:14.437 204 PUT /api/notes/UHjTHCePC4C5/data with 0 bytes took 2ms
13:29:14.440 200 GET /api/notes/UHjTHCePC4C5/blob with 2022 bytes took 0ms
13:29:15.440 204 PUT /api/notes/UHjTHCePC4C5/data with 0 bytes took 2ms
13:29:15.442 200 GET /api/notes/UHjTHCePC4C5/blob with 2030 bytes took 0ms
13:29:16.443 204 PUT /api/notes/UHjTHCePC4C5/data with 0 bytes took 2ms
13:29:16.444 200 GET /api/notes/UHjTHCePC4C5/blob with 2029 bytes took 0ms
13:29:17.446 204 PUT /api/notes/UHjTHCePC4C5/data with 0 bytes took 1ms
13:29:17.448 200 GET /api/notes/UHjTHCePC4C5/blob with 2036 bytes took 0ms
13:29:18.450 204 PUT /api/notes/UHjTHCePC4C5/data with 0 bytes took 1ms
13:29:18.452 200 GET /api/notes/UHjTHCePC4C5/blob with 2049 bytes took 0ms
13:29:19.452 204 PUT /api/notes/UHjTHCePC4C5/data with 0 bytes took 1ms
13:29:19.454 200 GET /api/notes/UHjTHCePC4C5/blob with 2049 bytes took 0ms
13:29:20.455 204 PUT /api/notes/UHjTHCePC4C5/data with 0 bytes took 1ms
13:29:20.457 200 GET /api/notes/UHjTHCePC4C5/blob with 2056 bytes took 0ms
13:29:21.457 204 PUT /api/notes/UHjTHCePC4C5/data with 0 bytes took 1ms
13:29:21.459 200 GET /api/notes/UHjTHCePC4C5/blob with 2052 bytes took 0ms
13:29:22.461 204 PUT /api/notes/UHjTHCePC4C5/data with 0 bytes took 1ms
13:29:22.463 200 GET /api/notes/UHjTHCePC4C5/blob with 2060 bytes took 0ms
13:29:23.466 204 PUT /api/notes/UHjTHCePC4C5/data with 0 bytes took 2ms
13:29:23.468 200 GET /api/notes/UHjTHCePC4C5/blob with 2060 bytes took 1ms
13:29:24.468 204 PUT /api/notes/UHjTHCePC4C5/data with 0 bytes took 1ms
13:29:24.470 200 GET /api/notes/UHjTHCePC4C5/blob with 2064 bytes took 0ms
13:29:25.472 204 PUT /api/notes/UHjTHCePC4C5/data with 0 bytes took 1ms
13:29:25.474 200 GET /api/notes/UHjTHCePC4C5/blob with 2071 bytes took 0ms
13:29:26.478 204 PUT /api/notes/UHjTHCePC4C5/data with 0 bytes took 1ms
13:29:26.480 200 GET /api/notes/UHjTHCePC4C5/blob with 2068 bytes took 0ms
13:29:27.481 204 PUT /api/notes/UHjTHCePC4C5/data with 0 bytes took 2ms
13:29:27.483 200 GET /api/notes/UHjTHCePC4C5/blob with 2071 bytes took 0ms
13:29:28.483 204 PUT /api/notes/UHjTHCePC4C5/data with 0 bytes took 1ms
13:29:28.485 200 GET /api/notes/UHjTHCePC4C5/blob with 2077 bytes took 0ms
13:29:29.485 204 PUT /api/notes/UHjTHCePC4C5/data with 0 bytes took 1ms
13:29:29.487 200 GET /api/notes/UHjTHCePC4C5/blob with 2083 bytes took 0ms
13:29:30.490 204 PUT /api/notes/UHjTHCePC4C5/data with 0 bytes took 1ms
13:29:30.492 200 GET /api/notes/UHjTHCePC4C5/blob with 2089 bytes took 0ms
13:29:31.659 Slow 204 PUT /api/notes/UHjTHCePC4C5/data with 0 bytes took 15ms
13:29:31.661 200 GET /api/notes/UHjTHCePC4C5/blob with 2090 bytes took 0ms
13:29:32.680 Slow 204 PUT /api/notes/UHjTHCePC4C5/data with 0 bytes took 30ms
13:29:32.682 200 GET /api/notes/UHjTHCePC4C5/blob with 2096 bytes took 0ms
13:29:33.655 204 PUT /api/notes/UHjTHCePC4C5/data with 0 bytes took 1ms
13:29:33.657 200 GET /api/notes/UHjTHCePC4C5/blob with 2097 bytes took 0ms
13:29:34.659 204 PUT /api/notes/UHjTHCePC4C5/data with 0 bytes took 1ms
13:29:34.661 200 GET /api/notes/UHjTHCePC4C5/blob with 2104 bytes took 0ms
13:29:35.663 204 PUT /api/notes/UHjTHCePC4C5/data with 0 bytes took 1ms
13:29:35.665 200 GET /api/notes/UHjTHCePC4C5/blob with 2111 bytes took 0ms
13:29:36.668 204 PUT /api/notes/UHjTHCePC4C5/data with 0 bytes took 1ms
13:29:36.670 200 GET /api/notes/UHjTHCePC4C5/blob with 2112 bytes took 0ms
13:29:38.924 204 PUT /api/notes/UHjTHCePC4C5/data with 0 bytes took 2ms
13:29:38.926 200 GET /api/notes/UHjTHCePC4C5/blob with 2113 bytes took 0ms
13:29:39.927 204 PUT /api/notes/UHjTHCePC4C5/data with 0 bytes took 1ms
13:29:39.930 200 GET /api/notes/UHjTHCePC4C5/blob with 2122 bytes took 1ms
13:29:40.932 204 PUT /api/notes/UHjTHCePC4C5/data with 0 bytes took 1ms
13:29:40.934 200 GET /api/notes/UHjTHCePC4C5/blob with 2119 bytes took 0ms
13:29:43.078 204 PUT /api/notes/UHjTHCePC4C5/data with 0 bytes took 1ms
13:29:43.080 200 GET /api/notes/UHjTHCePC4C5/blob with 2118 bytes took 0ms
13:29:44.082 204 PUT /api/notes/UHjTHCePC4C5/data with 0 bytes took 2ms
13:29:44.084 200 GET /api/notes/UHjTHCePC4C5/blob with 2115 bytes took 0ms
13:29:45.087 204 PUT /api/notes/UHjTHCePC4C5/data with 0 bytes took 1ms
13:29:45.089 200 GET /api/notes/UHjTHCePC4C5/blob with 2119 bytes took 0ms
13:29:46.091 204 PUT /api/notes/UHjTHCePC4C5/data with 0 bytes took 2ms
13:29:46.093 200 GET /api/notes/UHjTHCePC4C5/blob with 2127 bytes took 0ms
13:29:48.793 204 PUT /api/notes/UHjTHCePC4C5/data with 0 bytes took 2ms
13:29:48.795 200 GET /api/notes/UHjTHCePC4C5/blob with 2123 bytes took 0ms
13:29:49.796 204 PUT /api/notes/UHjTHCePC4C5/data with 0 bytes took 2ms
13:29:49.797 200 GET /api/notes/UHjTHCePC4C5/blob with 2129 bytes took 0ms
13:29:51.948 204 PUT /api/notes/UHjTHCePC4C5/data with 0 bytes took 2ms
13:29:51.952 200 GET /api/notes/UHjTHCePC4C5/blob with 2130 bytes took 0ms
13:29:52.953 204 PUT /api/notes/UHjTHCePC4C5/data with 0 bytes took 1ms
13:29:52.958 200 GET /api/notes/UHjTHCePC4C5/blob with 2136 bytes took 0ms
13:29:53.957 204 PUT /api/notes/UHjTHCePC4C5/data with 0 bytes took 1ms
13:29:53.960 200 GET /api/notes/UHjTHCePC4C5/blob with 2138 bytes took 1ms
13:29:54.960 204 PUT /api/notes/UHjTHCePC4C5/data with 0 bytes took 1ms
13:29:54.962 200 GET /api/notes/UHjTHCePC4C5/blob with 2144 bytes took 0ms
13:29:55.961 204 PUT /api/notes/UHjTHCePC4C5/data with 0 bytes took 1ms
13:29:55.963 200 GET /api/notes/UHjTHCePC4C5/blob with 2153 bytes took 0ms
13:29:56.963 204 PUT /api/notes/UHjTHCePC4C5/data with 0 bytes took 1ms
13:29:56.965 200 GET /api/notes/UHjTHCePC4C5/blob with 2165 bytes took 0ms
13:29:57.967 204 PUT /api/notes/UHjTHCePC4C5/data with 0 bytes took 1ms
13:29:57.969 200 GET /api/notes/UHjTHCePC4C5/blob with 2165 bytes took 0ms
13:29:58.970 204 PUT /api/notes/UHjTHCePC4C5/data with 0 bytes took 1ms
13:29:58.972 200 GET /api/notes/UHjTHCePC4C5/blob with 2172 bytes took 0ms
13:29:59.975 204 PUT /api/notes/UHjTHCePC4C5/data with 0 bytes took 1ms
13:29:59.977 200 GET /api/notes/UHjTHCePC4C5/blob with 2179 bytes took 0ms
13:30:00.979 204 PUT /api/notes/UHjTHCePC4C5/data with 0 bytes took 1ms
13:30:00.981 200 GET /api/notes/UHjTHCePC4C5/blob with 2186 bytes took 0ms
13:30:01.982 204 PUT /api/notes/UHjTHCePC4C5/data with 0 bytes took 1ms
13:30:01.984 200 GET /api/notes/UHjTHCePC4C5/blob with 2193 bytes took 0ms
13:30:03.043 204 PUT /api/notes/UHjTHCePC4C5/data with 0 bytes took 1ms
13:30:03.045 200 GET /api/notes/UHjTHCePC4C5/blob with 2189 bytes took 0ms
13:30:04.048 204 PUT /api/notes/UHjTHCePC4C5/data with 0 bytes took 2ms
13:30:04.051 200 GET /api/notes/UHjTHCePC4C5/blob with 2199 bytes took 1ms
13:30:05.049 204 PUT /api/notes/UHjTHCePC4C5/data with 0 bytes took 1ms
13:30:05.051 200 GET /api/notes/UHjTHCePC4C5/blob with 2205 bytes took 0ms
13:30:06.054 204 PUT /api/notes/UHjTHCePC4C5/data with 0 bytes took 1ms
13:30:06.056 200 GET /api/notes/UHjTHCePC4C5/blob with 2213 bytes took 0ms
13:30:07.058 204 PUT /api/notes/UHjTHCePC4C5/data with 0 bytes took 1ms
13:30:07.060 200 GET /api/notes/UHjTHCePC4C5/blob with 2225 bytes took 0ms
13:30:23.932 204 PUT /api/notes/UHjTHCePC4C5/data with 0 bytes took 1ms
13:30:23.937 200 GET /api/notes/UHjTHCePC4C5/blob with 2221 bytes took 1ms
13:30:24.937 204 PUT /api/notes/UHjTHCePC4C5/data with 0 bytes took 1ms
13:30:24.939 200 GET /api/notes/UHjTHCePC4C5/blob with 2226 bytes took 0ms
13:30:25.942 204 PUT /api/notes/UHjTHCePC4C5/data with 0 bytes took 2ms
13:30:25.944 200 GET /api/notes/UHjTHCePC4C5/blob with 2234 bytes took 0ms
13:30:29.883 204 PUT /api/notes/UHjTHCePC4C5/data with 0 bytes took 2ms
13:30:29.886 200 GET /api/notes/UHjTHCePC4C5/blob with 2230 bytes took 0ms
13:30:30.887 204 PUT /api/notes/UHjTHCePC4C5/data with 0 bytes took 2ms
13:30:30.890 200 GET /api/notes/UHjTHCePC4C5/blob with 2235 bytes took 0ms
13:30:31.890 204 PUT /api/notes/UHjTHCePC4C5/data with 0 bytes took 1ms
13:30:31.892 200 GET /api/notes/UHjTHCePC4C5/blob with 2244 bytes took 0ms
13:30:32.893 204 PUT /api/notes/UHjTHCePC4C5/data with 0 bytes took 1ms
13:30:32.896 200 GET /api/notes/UHjTHCePC4C5/blob with 2253 bytes took 1ms
13:30:34.396 204 PUT /api/notes/UHjTHCePC4C5/data with 0 bytes took 2ms
13:30:34.399 200 GET /api/notes/UHjTHCePC4C5/blob with 2247 bytes took 0ms
13:30:35.399 204 PUT /api/notes/UHjTHCePC4C5/data with 0 bytes took 2ms
13:30:35.401 200 GET /api/notes/UHjTHCePC4C5/blob with 2254 bytes took 0ms
13:30:36.784 204 PUT /api/notes/UHjTHCePC4C5/data with 0 bytes took 1ms
13:30:36.786 200 GET /api/notes/UHjTHCePC4C5/blob with 2250 bytes took 0ms
13:30:37.786 204 PUT /api/notes/UHjTHCePC4C5/data with 0 bytes took 2ms
13:30:37.788 200 GET /api/notes/UHjTHCePC4C5/blob with 2257 bytes took 0ms
13:31:47.052 204 PUT /api/notes/UHjTHCePC4C5/data with 0 bytes took 1ms
13:31:47.056 200 GET /api/notes/UHjTHCePC4C5/blob with 2253 bytes took 0ms
13:31:48.054 204 PUT /api/notes/UHjTHCePC4C5/data with 0 bytes took 1ms
13:31:48.057 200 GET /api/notes/UHjTHCePC4C5/blob with 2258 bytes took 0ms
13:31:49.057 204 PUT /api/notes/UHjTHCePC4C5/data with 0 bytes took 1ms
13:31:49.059 200 GET /api/notes/UHjTHCePC4C5/blob with 2268 bytes took 0ms
13:31:50.071 Slow 204 PUT /api/notes/UHjTHCePC4C5/data with 0 bytes took 11ms
13:31:50.073 200 GET /api/notes/UHjTHCePC4C5/blob with 2265 bytes took 0ms
13:31:51.074 204 PUT /api/notes/UHjTHCePC4C5/data with 0 bytes took 9ms
13:31:51.076 200 GET /api/notes/UHjTHCePC4C5/blob with 2271 bytes took 0ms
13:31:52.070 204 PUT /api/notes/UHjTHCePC4C5/data with 0 bytes took 1ms
13:31:52.073 200 GET /api/notes/UHjTHCePC4C5/blob with 2268 bytes took 0ms
13:31:53.072 204 PUT /api/notes/UHjTHCePC4C5/data with 0 bytes took 1ms
13:31:53.074 200 GET /api/notes/UHjTHCePC4C5/blob with 2271 bytes took 0ms
13:31:54.077 204 PUT /api/notes/UHjTHCePC4C5/data with 0 bytes took 1ms
13:31:54.079 200 GET /api/notes/UHjTHCePC4C5/blob with 2279 bytes took 0ms
13:31:55.663 204 PUT /api/notes/UHjTHCePC4C5/data with 0 bytes took 2ms
13:31:55.665 200 GET /api/notes/UHjTHCePC4C5/blob with 2275 bytes took 0ms
13:31:56.668 204 PUT /api/notes/UHjTHCePC4C5/data with 0 bytes took 1ms
13:31:56.670 200 GET /api/notes/UHjTHCePC4C5/blob with 2279 bytes took 0ms
13:31:57.673 204 PUT /api/notes/UHjTHCePC4C5/data with 0 bytes took 2ms
13:31:57.676 200 GET /api/notes/UHjTHCePC4C5/blob with 2275 bytes took 0ms
13:31:58.674 204 PUT /api/notes/UHjTHCePC4C5/data with 0 bytes took 1ms
13:31:58.677 200 GET /api/notes/UHjTHCePC4C5/blob with 2281 bytes took 1ms
13:31:59.679 204 PUT /api/notes/UHjTHCePC4C5/data with 0 bytes took 1ms
13:31:59.681 200 GET /api/notes/UHjTHCePC4C5/blob with 2281 bytes took 0ms
13:32:00.684 204 PUT /api/notes/UHjTHCePC4C5/data with 0 bytes took 1ms
13:32:00.686 200 GET /api/notes/UHjTHCePC4C5/blob with 2284 bytes took 0ms
13:32:01.685 204 PUT /api/notes/UHjTHCePC4C5/data with 0 bytes took 1ms
13:32:01.687 200 GET /api/notes/UHjTHCePC4C5/blob with 2290 bytes took 0ms
13:32:02.689 204 PUT /api/notes/UHjTHCePC4C5/data with 0 bytes took 2ms
13:32:02.691 200 GET /api/notes/UHjTHCePC4C5/blob with 2295 bytes took 0ms
13:32:03.690 204 PUT /api/notes/UHjTHCePC4C5/data with 0 bytes took 1ms
13:32:03.693 200 GET /api/notes/UHjTHCePC4C5/blob with 2296 bytes took 0ms
13:32:04.697 204 PUT /api/notes/UHjTHCePC4C5/data with 0 bytes took 2ms
13:32:04.699 200 GET /api/notes/UHjTHCePC4C5/blob with 2303 bytes took 0ms
13:32:05.698 204 PUT /api/notes/UHjTHCePC4C5/data with 0 bytes took 1ms
13:32:05.700 200 GET /api/notes/UHjTHCePC4C5/blob with 2306 bytes took 0ms
13:32:06.703 204 PUT /api/notes/UHjTHCePC4C5/data with 0 bytes took 2ms
13:32:06.710 200 GET /api/notes/UHjTHCePC4C5/blob with 2315 bytes took 3ms
13:32:07.703 204 PUT /api/notes/UHjTHCePC4C5/data with 0 bytes took 1ms
13:32:07.705 200 GET /api/notes/UHjTHCePC4C5/blob with 2317 bytes took 0ms
13:32:08.708 204 PUT /api/notes/UHjTHCePC4C5/data with 0 bytes took 2ms
13:32:08.710 200 GET /api/notes/UHjTHCePC4C5/blob with 2327 bytes took 1ms
13:32:09.714 204 PUT /api/notes/UHjTHCePC4C5/data with 0 bytes took 2ms
13:32:09.716 200 GET /api/notes/UHjTHCePC4C5/blob with 2334 bytes took 0ms
13:32:10.719 204 PUT /api/notes/UHjTHCePC4C5/data with 0 bytes took 1ms
13:32:10.721 200 GET /api/notes/UHjTHCePC4C5/blob with 2326 bytes took 0ms
13:32:11.722 204 PUT /api/notes/UHjTHCePC4C5/data with 0 bytes took 1ms
13:32:11.724 200 GET /api/notes/UHjTHCePC4C5/blob with 2330 bytes took 0ms
13:32:12.724 204 PUT /api/notes/UHjTHCePC4C5/data with 0 bytes took 1ms
13:32:12.726 200 GET /api/notes/UHjTHCePC4C5/blob with 2327 bytes took 0ms
13:32:13.725 204 PUT /api/notes/UHjTHCePC4C5/data with 0 bytes took 1ms
13:32:13.728 200 GET /api/notes/UHjTHCePC4C5/blob with 2317 bytes took 1ms
13:32:14.728 204 PUT /api/notes/UHjTHCePC4C5/data with 0 bytes took 2ms
13:32:14.730 200 GET /api/notes/UHjTHCePC4C5/blob with 2314 bytes took 0ms
13:32:15.731 204 PUT /api/notes/UHjTHCePC4C5/data with 0 bytes took 1ms
13:32:15.733 200 GET /api/notes/UHjTHCePC4C5/blob with 2317 bytes took 0ms
13:32:16.736 204 PUT /api/notes/UHjTHCePC4C5/data with 0 bytes took 1ms
13:32:16.739 200 GET /api/notes/UHjTHCePC4C5/blob with 2328 bytes took 1ms
13:32:17.738 204 PUT /api/notes/UHjTHCePC4C5/data with 0 bytes took 1ms
13:32:17.740 200 GET /api/notes/UHjTHCePC4C5/blob with 2331 bytes took 0ms
13:32:18.743 204 PUT /api/notes/UHjTHCePC4C5/data with 0 bytes took 1ms
13:32:18.744 200 GET /api/notes/UHjTHCePC4C5/blob with 2331 bytes took 0ms
13:32:19.744 204 PUT /api/notes/UHjTHCePC4C5/data with 0 bytes took 1ms
13:32:19.746 200 GET /api/notes/UHjTHCePC4C5/blob with 2332 bytes took 0ms
13:32:20.749 204 PUT /api/notes/UHjTHCePC4C5/data with 0 bytes took 2ms
13:32:20.751 200 GET /api/notes/UHjTHCePC4C5/blob with 2343 bytes took 0ms
13:32:21.752 204 PUT /api/notes/UHjTHCePC4C5/data with 0 bytes took 1ms
13:32:21.754 200 GET /api/notes/UHjTHCePC4C5/blob with 2352 bytes took 0ms
13:32:22.754 204 PUT /api/notes/UHjTHCePC4C5/data with 0 bytes took 1ms
13:32:22.756 200 GET /api/notes/UHjTHCePC4C5/blob with 2356 bytes took 0ms
13:32:23.758 204 PUT /api/notes/UHjTHCePC4C5/data with 0 bytes took 1ms
13:32:23.760 200 GET /api/notes/UHjTHCePC4C5/blob with 2364 bytes took 0ms
13:32:24.761 204 PUT /api/notes/UHjTHCePC4C5/data with 0 bytes took 1ms
13:32:24.764 200 GET /api/notes/UHjTHCePC4C5/blob with 2370 bytes took 0ms
13:32:25.766 204 PUT /api/notes/UHjTHCePC4C5/data with 0 bytes took 0ms
13:32:26.769 204 PUT /api/notes/UHjTHCePC4C5/data with 0 bytes took 1ms
13:32:26.771 200 GET /api/notes/UHjTHCePC4C5/blob with 2364 bytes took 0ms
13:32:27.770 204 PUT /api/notes/UHjTHCePC4C5/data with 0 bytes took 1ms
13:32:27.773 200 GET /api/notes/UHjTHCePC4C5/blob with 2364 bytes took 1ms
13:32:28.777 204 PUT /api/notes/UHjTHCePC4C5/data with 0 bytes took 2ms
13:32:28.779 200 GET /api/notes/UHjTHCePC4C5/blob with 2374 bytes took 0ms
13:32:29.781 204 PUT /api/notes/UHjTHCePC4C5/data with 0 bytes took 1ms
13:32:29.783 200 GET /api/notes/UHjTHCePC4C5/blob with 2376 bytes took 0ms
13:32:30.782 204 PUT /api/notes/UHjTHCePC4C5/data with 0 bytes took 1ms
13:32:30.784 200 GET /api/notes/UHjTHCePC4C5/blob with 2383 bytes took 0ms
13:32:31.787 204 PUT /api/notes/UHjTHCePC4C5/data with 0 bytes took 1ms
13:32:31.789 200 GET /api/notes/UHjTHCePC4C5/blob with 2388 bytes took 0ms
13:32:38.630 200 GET /api/notes/iLXZWCglWOmz/blob with 155 bytes took 0ms
13:32:38.631 200 GET /api/note-map/iLXZWCglWOmz/backlink-count with 11 bytes took 0ms
13:32:38.633 204 PUT /api/options with 0 bytes took 0ms
13:32:40.256 200 GET /api/notes/XWiojJtBlmel/blob with 155 bytes took 0ms
13:32:40.256 200 GET /api/note-map/XWiojJtBlmel/backlink-count with 11 bytes took 0ms
13:32:40.259 204 PUT /api/options with 0 bytes took 1ms
13:32:40.366 200 GET /api/notes/iLXZWCglWOmz/blob with 155 bytes took 0ms
13:32:40.444 200 GET /api/search-templates with 16 bytes took 1ms
13:32:40.445 200 GET /api/search-templates with 16 bytes took 1ms
13:32:42.379 200 GET /api/notes/XWiojJtBlmel/blob with 155 bytes took 0ms
13:32:42.379 200 GET /api/note-map/XWiojJtBlmel/backlink-count with 11 bytes took 0ms
13:32:42.382 204 PUT /api/options with 0 bytes took 1ms
13:32:42.490 200 GET /api/notes/iLXZWCglWOmz/blob with 155 bytes took 0ms
13:32:42.781 Created new note 'B64HC4WpercD', branch 'XWiojJtBlmel_B64HC4WpercD' of type 'text', mime 'text/html'
13:32:42.781 200 POST /api/notes/XWiojJtBlmel/children?target=into&targetBranchId= with 554 bytes took 2ms
13:32:42.782 200 POST /api/tree/load with 1614 bytes took 0ms
13:32:42.794 200 GET /api/notes/B64HC4WpercD/blob with 155 bytes took 0ms
13:32:42.795 200 GET /api/note-map/B64HC4WpercD/backlink-count with 11 bytes took 0ms
13:32:43.384 204 PUT /api/options with 0 bytes took 1ms
13:32:43.802 200 GET /api/other/icon-usage with 334 bytes took 1ms
13:32:44.556 204 PUT /api/notes/B64HC4WpercD/set-attribute with 0 bytes took 1ms
13:32:46.817 200 PUT /api/notes/B64HC4WpercD/title with 328 bytes took 6ms
13:32:46.819 200 GET /api/notes/B64HC4WpercD/blob with 155 bytes took 1ms
13:32:47.816 200 PUT /api/notes/B64HC4WpercD/title with 325 bytes took 1ms
13:32:51.187 200 PUT /api/notes/B64HC4WpercD/title with 320 bytes took 0ms
13:32:51.191 200 GET /api/notes/B64HC4WpercD/blob with 155 bytes took 0ms
13:32:52.191 200 PUT /api/notes/B64HC4WpercD/title with 327 bytes took 0ms
13:32:53.193 200 PUT /api/notes/B64HC4WpercD/title with 330 bytes took 1ms
13:32:53.195 200 GET /api/notes/B64HC4WpercD/blob with 155 bytes took 0ms
13:32:55.642 200 GET /api/notes/B64HC4WpercD/blob with 155 bytes took 1ms
13:32:55.642 200 GET /api/note-map/B64HC4WpercD/backlink-count with 11 bytes took 0ms
13:32:55.645 204 PUT /api/options with 0 bytes took 1ms
13:32:56.636 Created new note 'PayUnnzAn8Yi', branch 'B64HC4WpercD_PayUnnzAn8Yi' of type 'text', mime 'text/html'
13:32:56.637 200 POST /api/notes/B64HC4WpercD/children?target=into&targetBranchId= with 554 bytes took 2ms
13:32:56.638 200 POST /api/tree/load with 2042 bytes took 0ms
13:32:56.649 200 GET /api/notes/PayUnnzAn8Yi/blob with 155 bytes took 0ms
13:32:56.650 200 GET /api/note-map/PayUnnzAn8Yi/backlink-count with 11 bytes took 1ms
13:32:56.652 204 PUT /api/branches/XWiojJtBlmel_B64HC4WpercD/expanded/1 with 0 bytes took 1ms
13:32:56.652 204 PUT /api/options with 0 bytes took 0ms
13:32:59.204 200 PUT /api/notes/PayUnnzAn8Yi/title with 320 bytes took 1ms
13:32:59.209 200 GET /api/notes/PayUnnzAn8Yi/blob with 155 bytes took 0ms
13:33:00.206 200 PUT /api/notes/PayUnnzAn8Yi/title with 327 bytes took 0ms
13:33:01.210 200 PUT /api/notes/PayUnnzAn8Yi/title with 330 bytes took 1ms
13:33:01.213 200 GET /api/notes/PayUnnzAn8Yi/blob with 155 bytes took 1ms
13:33:02.213 200 PUT /api/notes/PayUnnzAn8Yi/title with 331 bytes took 1ms
13:33:03.218 200 PUT /api/notes/PayUnnzAn8Yi/title with 335 bytes took 1ms
13:33:03.220 200 GET /api/notes/PayUnnzAn8Yi/blob with 155 bytes took 0ms
13:33:04.222 200 PUT /api/notes/PayUnnzAn8Yi/title with 336 bytes took 0ms
13:33:05.227 200 PUT /api/notes/PayUnnzAn8Yi/title with 338 bytes took 1ms
13:33:05.229 200 GET /api/notes/PayUnnzAn8Yi/blob with 155 bytes took 0ms
13:33:11.689 200 PUT /api/notes/PayUnnzAn8Yi/title with 339 bytes took 1ms
13:33:11.693 200 GET /api/notes/PayUnnzAn8Yi/blob with 155 bytes took 1ms
13:33:12.692 200 PUT /api/notes/PayUnnzAn8Yi/title with 343 bytes took 0ms
13:33:13.693 200 PUT /api/notes/PayUnnzAn8Yi/title with 341 bytes took 1ms
13:33:13.695 200 GET /api/notes/PayUnnzAn8Yi/blob with 155 bytes took 0ms
13:33:14.697 200 PUT /api/notes/PayUnnzAn8Yi/title with 342 bytes took 0ms
13:33:15.197 200 GET /api/notes/PayUnnzAn8Yi/blob with 155 bytes took 0ms
13:33:15.757 204 PUT /api/notes/PayUnnzAn8Yi/data with 0 bytes took 1ms
13:33:15.759 200 GET /api/notes/PayUnnzAn8Yi/blob with 163 bytes took 0ms
13:33:16.760 204 PUT /api/notes/PayUnnzAn8Yi/data with 0 bytes took 1ms
13:33:16.762 200 GET /api/notes/PayUnnzAn8Yi/blob with 169 bytes took 0ms
13:33:17.765 204 PUT /api/notes/PayUnnzAn8Yi/data with 0 bytes took 1ms
13:33:17.767 200 GET /api/notes/PayUnnzAn8Yi/blob with 173 bytes took 0ms
13:33:18.769 204 PUT /api/notes/PayUnnzAn8Yi/data with 0 bytes took 1ms
13:33:18.771 200 GET /api/notes/PayUnnzAn8Yi/blob with 181 bytes took 0ms
13:33:19.771 204 PUT /api/notes/PayUnnzAn8Yi/data with 0 bytes took 1ms
13:33:19.774 200 GET /api/notes/PayUnnzAn8Yi/blob with 187 bytes took 1ms
13:33:20.774 204 PUT /api/notes/PayUnnzAn8Yi/data with 0 bytes took 2ms
13:33:20.776 200 GET /api/notes/PayUnnzAn8Yi/blob with 195 bytes took 0ms
13:33:24.532 204 PUT /api/notes/PayUnnzAn8Yi/data with 0 bytes took 2ms
13:33:24.536 200 GET /api/notes/PayUnnzAn8Yi/blob with 191 bytes took 0ms
13:33:25.534 204 PUT /api/notes/PayUnnzAn8Yi/data with 0 bytes took 1ms
13:33:25.536 200 GET /api/notes/PayUnnzAn8Yi/blob with 196 bytes took 0ms
13:33:26.538 204 PUT /api/notes/PayUnnzAn8Yi/data with 0 bytes took 2ms
13:33:26.540 200 GET /api/notes/PayUnnzAn8Yi/blob with 203 bytes took 0ms
13:33:27.541 204 PUT /api/notes/PayUnnzAn8Yi/data with 0 bytes took 1ms
13:33:27.543 200 GET /api/notes/PayUnnzAn8Yi/blob with 191 bytes took 1ms
13:33:28.544 204 PUT /api/notes/PayUnnzAn8Yi/data with 0 bytes took 1ms
13:33:28.546 200 GET /api/notes/PayUnnzAn8Yi/blob with 195 bytes took 1ms
13:33:29.545 204 PUT /api/notes/PayUnnzAn8Yi/data with 0 bytes took 1ms
13:33:29.547 200 GET /api/notes/PayUnnzAn8Yi/blob with 192 bytes took 0ms
13:33:30.547 204 PUT /api/notes/PayUnnzAn8Yi/data with 0 bytes took 2ms
13:33:30.548 200 GET /api/notes/PayUnnzAn8Yi/blob with 196 bytes took 0ms
13:33:31.551 204 PUT /api/notes/PayUnnzAn8Yi/data with 0 bytes took 1ms
13:33:31.553 200 GET /api/notes/PayUnnzAn8Yi/blob with 208 bytes took 0ms
13:33:32.556 204 PUT /api/notes/PayUnnzAn8Yi/data with 0 bytes took 1ms
13:33:32.558 200 GET /api/notes/PayUnnzAn8Yi/blob with 216 bytes took 0ms
13:33:33.560 204 PUT /api/notes/PayUnnzAn8Yi/data with 0 bytes took 1ms
13:33:33.563 200 GET /api/notes/PayUnnzAn8Yi/blob with 219 bytes took 0ms
13:33:35.152 204 PUT /api/notes/PayUnnzAn8Yi/data with 0 bytes took 1ms
13:33:35.154 200 GET /api/notes/PayUnnzAn8Yi/blob with 215 bytes took 0ms
13:33:36.154 204 PUT /api/notes/PayUnnzAn8Yi/data with 0 bytes took 1ms
13:33:36.156 200 GET /api/notes/PayUnnzAn8Yi/blob with 228 bytes took 0ms
13:33:37.159 204 PUT /api/notes/PayUnnzAn8Yi/data with 0 bytes took 1ms
13:33:37.161 200 GET /api/notes/PayUnnzAn8Yi/blob with 229 bytes took 1ms
13:33:38.162 204 PUT /api/notes/PayUnnzAn8Yi/data with 0 bytes took 2ms
13:33:38.164 200 GET /api/notes/PayUnnzAn8Yi/blob with 234 bytes took 1ms
13:33:39.166 204 PUT /api/notes/PayUnnzAn8Yi/data with 0 bytes took 1ms
13:33:39.168 200 GET /api/notes/PayUnnzAn8Yi/blob with 245 bytes took 0ms
13:33:40.169 204 PUT /api/notes/PayUnnzAn8Yi/data with 0 bytes took 1ms
13:33:40.170 200 GET /api/notes/PayUnnzAn8Yi/blob with 247 bytes took 0ms
13:33:41.171 204 PUT /api/notes/PayUnnzAn8Yi/data with 0 bytes took 1ms
13:33:41.173 200 GET /api/notes/PayUnnzAn8Yi/blob with 254 bytes took 0ms
13:33:42.173 204 PUT /api/notes/PayUnnzAn8Yi/data with 0 bytes took 1ms
13:33:42.175 200 GET /api/notes/PayUnnzAn8Yi/blob with 257 bytes took 0ms
13:33:43.178 204 PUT /api/notes/PayUnnzAn8Yi/data with 0 bytes took 2ms
13:33:43.180 200 GET /api/notes/PayUnnzAn8Yi/blob with 270 bytes took 1ms
13:33:44.179 204 PUT /api/notes/PayUnnzAn8Yi/data with 0 bytes took 1ms
13:33:44.181 200 GET /api/notes/PayUnnzAn8Yi/blob with 274 bytes took 0ms
13:33:45.183 204 PUT /api/notes/PayUnnzAn8Yi/data with 0 bytes took 1ms
13:33:45.185 200 GET /api/notes/PayUnnzAn8Yi/blob with 276 bytes took 0ms
13:33:46.188 204 PUT /api/notes/PayUnnzAn8Yi/data with 0 bytes took 2ms
13:33:46.190 200 GET /api/notes/PayUnnzAn8Yi/blob with 288 bytes took 1ms
13:33:47.193 204 PUT /api/notes/PayUnnzAn8Yi/data with 0 bytes took 1ms
13:33:47.195 200 GET /api/notes/PayUnnzAn8Yi/blob with 284 bytes took 0ms
13:33:48.195 204 PUT /api/notes/PayUnnzAn8Yi/data with 0 bytes took 1ms
13:33:48.197 200 GET /api/notes/PayUnnzAn8Yi/blob with 289 bytes took 0ms
13:33:49.200 204 PUT /api/notes/PayUnnzAn8Yi/data with 0 bytes took 2ms
13:33:49.202 200 GET /api/notes/PayUnnzAn8Yi/blob with 295 bytes took 0ms
13:33:50.204 204 PUT /api/notes/PayUnnzAn8Yi/data with 0 bytes took 2ms
13:33:50.205 200 GET /api/notes/PayUnnzAn8Yi/blob with 300 bytes took 0ms
13:33:51.206 204 PUT /api/notes/PayUnnzAn8Yi/data with 0 bytes took 1ms
13:33:51.208 200 GET /api/notes/PayUnnzAn8Yi/blob with 303 bytes took 0ms
13:33:52.208 204 PUT /api/notes/PayUnnzAn8Yi/data with 0 bytes took 1ms
13:33:52.210 200 GET /api/notes/PayUnnzAn8Yi/blob with 308 bytes took 0ms
13:33:53.210 204 PUT /api/notes/PayUnnzAn8Yi/data with 0 bytes took 1ms
13:33:53.213 200 GET /api/notes/PayUnnzAn8Yi/blob with 309 bytes took 1ms
13:33:54.212 204 PUT /api/notes/PayUnnzAn8Yi/data with 0 bytes took 1ms
13:33:54.215 200 GET /api/notes/PayUnnzAn8Yi/blob with 318 bytes took 1ms
13:33:55.217 204 PUT /api/notes/PayUnnzAn8Yi/data with 0 bytes took 1ms
13:33:55.219 200 GET /api/notes/PayUnnzAn8Yi/blob with 325 bytes took 0ms
13:33:56.219 204 PUT /api/notes/PayUnnzAn8Yi/data with 0 bytes took 1ms
13:33:56.221 200 GET /api/notes/PayUnnzAn8Yi/blob with 335 bytes took 0ms
13:33:57.229 204 PUT /api/notes/PayUnnzAn8Yi/data with 0 bytes took 7ms
13:33:57.231 200 GET /api/notes/PayUnnzAn8Yi/blob with 341 bytes took 0ms
13:33:58.228 204 PUT /api/notes/PayUnnzAn8Yi/data with 0 bytes took 3ms
13:33:58.230 200 GET /api/notes/PayUnnzAn8Yi/blob with 344 bytes took 0ms
13:34:04.492 204 PUT /api/notes/PayUnnzAn8Yi/data with 0 bytes took 1ms
13:34:04.496 200 GET /api/notes/PayUnnzAn8Yi/blob with 346 bytes took 0ms
13:34:05.491 204 PUT /api/notes/PayUnnzAn8Yi/data with 0 bytes took 1ms
13:34:05.493 200 GET /api/notes/PayUnnzAn8Yi/blob with 344 bytes took 0ms
13:34:06.495 204 PUT /api/notes/PayUnnzAn8Yi/data with 0 bytes took 1ms
13:34:06.497 200 GET /api/notes/PayUnnzAn8Yi/blob with 347 bytes took 0ms
13:34:07.500 204 PUT /api/notes/PayUnnzAn8Yi/data with 0 bytes took 1ms
13:34:07.502 200 GET /api/notes/PayUnnzAn8Yi/blob with 355 bytes took 0ms
13:34:08.502 204 PUT /api/notes/PayUnnzAn8Yi/data with 0 bytes took 2ms
13:34:08.505 200 GET /api/notes/PayUnnzAn8Yi/blob with 362 bytes took 1ms
13:34:09.504 204 PUT /api/notes/PayUnnzAn8Yi/data with 0 bytes took 2ms
13:34:09.506 200 GET /api/notes/PayUnnzAn8Yi/blob with 360 bytes took 1ms
13:34:10.508 204 PUT /api/notes/PayUnnzAn8Yi/data with 0 bytes took 2ms
13:34:10.511 200 GET /api/notes/PayUnnzAn8Yi/blob with 369 bytes took 1ms
13:34:12.452 204 PUT /api/notes/PayUnnzAn8Yi/data with 0 bytes took 1ms
13:34:12.454 200 GET /api/notes/PayUnnzAn8Yi/blob with 365 bytes took 0ms
13:34:13.454 204 PUT /api/notes/PayUnnzAn8Yi/data with 0 bytes took 1ms
13:34:13.456 200 GET /api/notes/PayUnnzAn8Yi/blob with 371 bytes took 0ms
13:34:14.458 204 PUT /api/notes/PayUnnzAn8Yi/data with 0 bytes took 1ms
13:34:14.460 200 GET /api/notes/PayUnnzAn8Yi/blob with 380 bytes took 0ms
13:34:16.511 204 PUT /api/notes/PayUnnzAn8Yi/data with 0 bytes took 1ms
13:34:16.514 200 GET /api/notes/PayUnnzAn8Yi/blob with 376 bytes took 0ms
13:34:17.516 204 PUT /api/notes/PayUnnzAn8Yi/data with 0 bytes took 1ms
13:34:17.518 200 GET /api/notes/PayUnnzAn8Yi/blob with 377 bytes took 0ms
13:34:18.521 204 PUT /api/notes/PayUnnzAn8Yi/data with 0 bytes took 2ms
13:34:18.523 200 GET /api/notes/PayUnnzAn8Yi/blob with 380 bytes took 1ms
13:34:19.525 204 PUT /api/notes/PayUnnzAn8Yi/data with 0 bytes took 2ms
13:34:19.527 200 GET /api/notes/PayUnnzAn8Yi/blob with 387 bytes took 0ms
13:34:20.529 204 PUT /api/notes/PayUnnzAn8Yi/data with 0 bytes took 2ms
13:34:20.531 200 GET /api/notes/PayUnnzAn8Yi/blob with 400 bytes took 0ms
13:34:21.530 204 PUT /api/notes/PayUnnzAn8Yi/data with 0 bytes took 1ms
13:34:21.532 200 GET /api/notes/PayUnnzAn8Yi/blob with 401 bytes took 0ms
13:34:22.531 204 PUT /api/notes/PayUnnzAn8Yi/data with 0 bytes took 1ms
13:34:22.533 200 GET /api/notes/PayUnnzAn8Yi/blob with 408 bytes took 0ms
13:34:23.533 204 PUT /api/notes/PayUnnzAn8Yi/data with 0 bytes took 1ms
13:34:23.535 200 GET /api/notes/PayUnnzAn8Yi/blob with 410 bytes took 0ms
13:34:24.536 204 PUT /api/notes/PayUnnzAn8Yi/data with 0 bytes took 1ms
13:34:24.538 200 GET /api/notes/PayUnnzAn8Yi/blob with 411 bytes took 0ms
13:34:25.539 204 PUT /api/notes/PayUnnzAn8Yi/data with 0 bytes took 2ms
13:34:25.541 200 GET /api/notes/PayUnnzAn8Yi/blob with 419 bytes took 1ms
13:34:26.541 204 PUT /api/notes/PayUnnzAn8Yi/data with 0 bytes took 1ms
13:34:26.543 200 GET /api/notes/PayUnnzAn8Yi/blob with 428 bytes took 0ms
13:34:27.544 204 PUT /api/notes/PayUnnzAn8Yi/data with 0 bytes took 1ms
13:34:27.546 200 GET /api/notes/PayUnnzAn8Yi/blob with 435 bytes took 0ms
13:34:28.546 204 PUT /api/notes/PayUnnzAn8Yi/data with 0 bytes took 1ms
13:34:28.548 200 GET /api/notes/PayUnnzAn8Yi/blob with 438 bytes took 0ms
13:34:29.552 204 PUT /api/notes/PayUnnzAn8Yi/data with 0 bytes took 2ms
13:34:29.554 200 GET /api/notes/PayUnnzAn8Yi/blob with 446 bytes took 0ms
13:34:32.539 204 PUT /api/notes/PayUnnzAn8Yi/data with 0 bytes took 1ms
13:34:32.541 200 GET /api/notes/PayUnnzAn8Yi/blob with 442 bytes took 0ms
13:34:33.541 204 PUT /api/notes/PayUnnzAn8Yi/data with 0 bytes took 1ms
13:34:33.542 200 GET /api/notes/PayUnnzAn8Yi/blob with 451 bytes took 0ms
13:34:34.543 204 PUT /api/notes/PayUnnzAn8Yi/data with 0 bytes took 1ms
13:34:34.545 200 GET /api/notes/PayUnnzAn8Yi/blob with 452 bytes took 0ms
13:34:35.546 204 PUT /api/notes/PayUnnzAn8Yi/data with 0 bytes took 1ms
13:34:35.548 200 GET /api/notes/PayUnnzAn8Yi/blob with 458 bytes took 0ms
13:34:36.551 204 PUT /api/notes/PayUnnzAn8Yi/data with 0 bytes took 2ms
13:34:36.552 200 GET /api/notes/PayUnnzAn8Yi/blob with 454 bytes took 0ms
13:34:37.556 204 PUT /api/notes/PayUnnzAn8Yi/data with 0 bytes took 1ms
13:34:37.557 200 GET /api/notes/PayUnnzAn8Yi/blob with 465 bytes took 0ms
13:34:38.559 204 PUT /api/notes/PayUnnzAn8Yi/data with 0 bytes took 1ms
13:34:38.561 200 GET /api/notes/PayUnnzAn8Yi/blob with 474 bytes took 0ms
13:34:39.564 204 PUT /api/notes/PayUnnzAn8Yi/data with 0 bytes took 2ms
13:34:39.566 200 GET /api/notes/PayUnnzAn8Yi/blob with 479 bytes took 0ms
13:34:40.566 204 PUT /api/notes/PayUnnzAn8Yi/data with 0 bytes took 1ms
13:34:40.568 200 GET /api/notes/PayUnnzAn8Yi/blob with 479 bytes took 0ms
13:34:41.568 204 PUT /api/notes/PayUnnzAn8Yi/data with 0 bytes took 1ms
13:34:41.570 200 GET /api/notes/PayUnnzAn8Yi/blob with 483 bytes took 0ms
13:34:42.571 204 PUT /api/notes/PayUnnzAn8Yi/data with 0 bytes took 1ms
13:34:42.573 200 GET /api/notes/PayUnnzAn8Yi/blob with 484 bytes took 0ms
13:34:43.575 204 PUT /api/notes/PayUnnzAn8Yi/data with 0 bytes took 1ms
13:34:43.577 200 GET /api/notes/PayUnnzAn8Yi/blob with 481 bytes took 1ms
13:34:44.578 204 PUT /api/notes/PayUnnzAn8Yi/data with 0 bytes took 1ms
13:34:44.580 200 GET /api/notes/PayUnnzAn8Yi/blob with 487 bytes took 0ms
13:34:45.580 204 PUT /api/notes/PayUnnzAn8Yi/data with 0 bytes took 1ms
13:34:45.582 200 GET /api/notes/PayUnnzAn8Yi/blob with 492 bytes took 0ms
13:34:46.581 204 PUT /api/notes/PayUnnzAn8Yi/data with 0 bytes took 1ms
13:34:46.583 200 GET /api/notes/PayUnnzAn8Yi/blob with 504 bytes took 0ms
13:34:47.642 204 PUT /api/notes/PayUnnzAn8Yi/data with 0 bytes took 2ms
13:34:47.643 200 GET /api/notes/PayUnnzAn8Yi/blob with 500 bytes took 0ms
13:34:48.644 204 PUT /api/notes/PayUnnzAn8Yi/data with 0 bytes took 1ms
13:34:48.646 200 GET /api/notes/PayUnnzAn8Yi/blob with 504 bytes took 0ms
13:34:49.645 204 PUT /api/notes/PayUnnzAn8Yi/data with 0 bytes took 1ms
13:34:49.647 200 GET /api/notes/PayUnnzAn8Yi/blob with 512 bytes took 0ms
13:34:50.646 204 PUT /api/notes/PayUnnzAn8Yi/data with 0 bytes took 1ms
13:34:50.648 200 GET /api/notes/PayUnnzAn8Yi/blob with 521 bytes took 0ms
13:34:51.650 204 PUT /api/notes/PayUnnzAn8Yi/data with 0 bytes took 2ms
13:34:51.652 200 GET /api/notes/PayUnnzAn8Yi/blob with 529 bytes took 0ms
13:34:52.653 204 PUT /api/notes/PayUnnzAn8Yi/data with 0 bytes took 1ms
13:34:52.655 200 GET /api/notes/PayUnnzAn8Yi/blob with 537 bytes took 1ms
13:34:53.655 204 PUT /api/notes/PayUnnzAn8Yi/data with 0 bytes took 1ms
13:34:53.657 200 GET /api/notes/PayUnnzAn8Yi/blob with 543 bytes took 0ms
13:34:54.656 204 PUT /api/notes/PayUnnzAn8Yi/data with 0 bytes took 1ms
13:34:54.658 200 GET /api/notes/PayUnnzAn8Yi/blob with 540 bytes took 0ms
13:34:55.660 204 PUT /api/notes/PayUnnzAn8Yi/data with 0 bytes took 1ms
13:34:55.662 200 GET /api/notes/PayUnnzAn8Yi/blob with 549 bytes took 0ms
13:34:56.664 204 PUT /api/notes/PayUnnzAn8Yi/data with 0 bytes took 1ms
13:34:56.670 200 GET /api/notes/PayUnnzAn8Yi/blob with 547 bytes took 0ms
13:34:57.666 204 PUT /api/notes/PayUnnzAn8Yi/data with 0 bytes took 1ms
13:34:57.668 200 GET /api/notes/PayUnnzAn8Yi/blob with 553 bytes took 0ms
13:34:58.668 204 PUT /api/notes/PayUnnzAn8Yi/data with 0 bytes took 1ms
13:34:58.670 200 GET /api/notes/PayUnnzAn8Yi/blob with 559 bytes took 0ms
13:35:03.502 204 PUT /api/notes/PayUnnzAn8Yi/data with 0 bytes took 7ms
13:35:03.507 200 GET /api/notes/PayUnnzAn8Yi/blob with 574 bytes took 0ms
13:35:04.501 204 PUT /api/notes/PayUnnzAn8Yi/data with 0 bytes took 5ms
13:35:04.503 200 GET /api/notes/PayUnnzAn8Yi/blob with 585 bytes took 0ms
13:35:05.500 204 PUT /api/notes/PayUnnzAn8Yi/data with 0 bytes took 1ms
13:35:05.503 200 GET /api/notes/PayUnnzAn8Yi/blob with 561 bytes took 0ms
13:35:06.504 204 PUT /api/notes/PayUnnzAn8Yi/data with 0 bytes took 1ms
13:35:06.506 200 GET /api/notes/PayUnnzAn8Yi/blob with 572 bytes took 1ms
13:35:07.507 204 PUT /api/notes/PayUnnzAn8Yi/data with 0 bytes took 1ms
13:35:07.509 200 GET /api/notes/PayUnnzAn8Yi/blob with 570 bytes took 0ms
13:35:08.510 204 PUT /api/notes/PayUnnzAn8Yi/data with 0 bytes took 1ms
13:35:08.512 200 GET /api/notes/PayUnnzAn8Yi/blob with 568 bytes took 0ms
13:35:09.512 204 PUT /api/notes/PayUnnzAn8Yi/data with 0 bytes took 1ms
13:35:09.514 200 GET /api/notes/PayUnnzAn8Yi/blob with 572 bytes took 0ms
13:35:10.517 204 PUT /api/notes/PayUnnzAn8Yi/data with 0 bytes took 1ms
13:35:10.519 200 GET /api/notes/PayUnnzAn8Yi/blob with 579 bytes took 1ms
13:35:11.521 204 PUT /api/notes/PayUnnzAn8Yi/data with 0 bytes took 1ms
13:35:11.526 200 GET /api/notes/PayUnnzAn8Yi/blob with 587 bytes took 0ms
13:35:12.522 204 PUT /api/notes/PayUnnzAn8Yi/data with 0 bytes took 1ms
13:35:12.524 200 GET /api/notes/PayUnnzAn8Yi/blob with 596 bytes took 0ms
13:35:13.525 204 PUT /api/notes/PayUnnzAn8Yi/data with 0 bytes took 1ms
13:35:13.528 200 GET /api/notes/PayUnnzAn8Yi/blob with 608 bytes took 1ms
13:35:15.630 204 PUT /api/notes/PayUnnzAn8Yi/data with 0 bytes took 2ms
13:35:15.632 200 GET /api/notes/PayUnnzAn8Yi/blob with 604 bytes took 0ms
13:35:16.632 204 PUT /api/notes/PayUnnzAn8Yi/data with 0 bytes took 1ms
13:35:16.634 200 GET /api/notes/PayUnnzAn8Yi/blob with 606 bytes took 0ms
13:35:17.635 204 PUT /api/notes/PayUnnzAn8Yi/data with 0 bytes took 1ms
13:35:17.637 200 GET /api/notes/PayUnnzAn8Yi/blob with 608 bytes took 0ms
13:35:18.640 204 PUT /api/notes/PayUnnzAn8Yi/data with 0 bytes took 1ms
13:35:18.642 200 GET /api/notes/PayUnnzAn8Yi/blob with 601 bytes took 0ms
13:35:19.643 204 PUT /api/notes/PayUnnzAn8Yi/data with 0 bytes took 1ms
13:35:19.645 200 GET /api/notes/PayUnnzAn8Yi/blob with 598 bytes took 0ms
13:35:20.646 204 PUT /api/notes/PayUnnzAn8Yi/data with 0 bytes took 1ms
13:35:20.648 200 GET /api/notes/PayUnnzAn8Yi/blob with 603 bytes took 0ms
13:35:21.651 204 PUT /api/notes/PayUnnzAn8Yi/data with 0 bytes took 1ms
13:35:21.653 200 GET /api/notes/PayUnnzAn8Yi/blob with 608 bytes took 0ms
13:35:22.654 204 PUT /api/notes/PayUnnzAn8Yi/data with 0 bytes took 1ms
13:35:22.655 200 GET /api/notes/PayUnnzAn8Yi/blob with 608 bytes took 0ms
13:35:23.655 204 PUT /api/notes/PayUnnzAn8Yi/data with 0 bytes took 1ms
13:35:23.658 200 GET /api/notes/PayUnnzAn8Yi/blob with 610 bytes took 1ms
13:35:24.659 204 PUT /api/notes/PayUnnzAn8Yi/data with 0 bytes took 1ms
13:35:24.661 200 GET /api/notes/PayUnnzAn8Yi/blob with 623 bytes took 0ms
13:35:25.664 204 PUT /api/notes/PayUnnzAn8Yi/data with 0 bytes took 1ms
13:35:25.666 200 GET /api/notes/PayUnnzAn8Yi/blob with 623 bytes took 1ms
13:35:26.665 204 PUT /api/notes/PayUnnzAn8Yi/data with 0 bytes took 1ms
13:35:26.667 200 GET /api/notes/PayUnnzAn8Yi/blob with 623 bytes took 0ms
13:35:27.668 204 PUT /api/notes/PayUnnzAn8Yi/data with 0 bytes took 1ms
13:35:27.669 200 GET /api/notes/PayUnnzAn8Yi/blob with 621 bytes took 0ms
13:35:28.672 204 PUT /api/notes/PayUnnzAn8Yi/data with 0 bytes took 1ms
13:35:28.673 200 GET /api/notes/PayUnnzAn8Yi/blob with 629 bytes took 0ms
13:35:29.673 204 PUT /api/notes/PayUnnzAn8Yi/data with 0 bytes took 1ms
13:35:29.675 200 GET /api/notes/PayUnnzAn8Yi/blob with 642 bytes took 1ms
13:35:30.677 204 PUT /api/notes/PayUnnzAn8Yi/data with 0 bytes took 1ms
13:35:30.678 200 GET /api/notes/PayUnnzAn8Yi/blob with 641 bytes took 0ms
13:35:33.218 200 GET /api/notes/B64HC4WpercD/blob with 155 bytes took 0ms
13:35:33.219 200 GET /api/note-map/B64HC4WpercD/backlink-count with 11 bytes took 1ms
13:35:33.222 204 PUT /api/options with 0 bytes took 0ms
13:35:33.236 200 GET /api/notes/PayUnnzAn8Yi/blob with 641 bytes took 0ms
13:35:34.554 204 PUT /api/branches/XWiojJtBlmel_B64HC4WpercD/expanded/0 with 0 bytes took 0ms
13:35:37.700 200 GET /api/notes/lGqmcSt3LNE9/blob with 1086 bytes took 0ms
13:35:37.701 200 GET /api/note-map/lGqmcSt3LNE9/backlink-count with 11 bytes took 0ms
13:35:37.704 204 PUT /api/options with 0 bytes took 0ms
13:35:51.081 Created new note 'M2JtadLCqpgV', branch 'Ly1JT1SGA0d0_M2JtadLCqpgV' of type 'text', mime 'text/html'
13:35:51.082 200 POST /api/notes/Ly1JT1SGA0d0/children?target=into&targetBranchId= with 554 bytes took 2ms
13:35:51.084 200 POST /api/tree/load with 3163 bytes took 0ms
13:35:51.098 200 GET /api/notes/M2JtadLCqpgV/blob with 155 bytes took 0ms
13:35:51.099 200 GET /api/note-map/M2JtadLCqpgV/backlink-count with 11 bytes took 0ms
13:35:51.102 204 PUT /api/options with 0 bytes took 1ms
13:35:52.400 200 PUT /api/notes/M2JtadLCqpgV/title with 320 bytes took 0ms
13:35:52.403 200 GET /api/notes/M2JtadLCqpgV/blob with 155 bytes took 0ms
13:35:53.403 200 PUT /api/notes/M2JtadLCqpgV/title with 323 bytes took 1ms
13:35:54.404 200 PUT /api/notes/M2JtadLCqpgV/title with 325 bytes took 0ms
13:35:54.407 200 GET /api/notes/M2JtadLCqpgV/blob with 155 bytes took 1ms
13:35:55.408 200 PUT /api/notes/M2JtadLCqpgV/title with 331 bytes took 1ms
13:35:56.411 200 PUT /api/notes/M2JtadLCqpgV/title with 335 bytes took 1ms
13:35:56.412 200 GET /api/notes/M2JtadLCqpgV/blob with 155 bytes took 0ms
13:35:57.414 200 PUT /api/notes/M2JtadLCqpgV/title with 344 bytes took 1ms
13:35:58.417 200 PUT /api/notes/M2JtadLCqpgV/title with 345 bytes took 1ms
13:35:58.419 200 GET /api/notes/M2JtadLCqpgV/blob with 155 bytes took 1ms
13:35:59.421 200 PUT /api/notes/M2JtadLCqpgV/title with 337 bytes took 1ms
13:36:00.422 200 PUT /api/notes/M2JtadLCqpgV/title with 340 bytes took 0ms
13:36:00.424 200 GET /api/notes/M2JtadLCqpgV/blob with 155 bytes took 0ms
13:36:01.424 200 PUT /api/notes/M2JtadLCqpgV/title with 348 bytes took 1ms
13:36:02.426 204 PUT /api/notes/M2JtadLCqpgV/data with 0 bytes took 2ms
13:36:02.428 200 GET /api/notes/M2JtadLCqpgV/blob with 163 bytes took 0ms
13:36:03.427 204 PUT /api/notes/M2JtadLCqpgV/data with 0 bytes took 1ms
13:36:03.429 200 GET /api/notes/M2JtadLCqpgV/blob with 171 bytes took 0ms
13:36:04.430 204 PUT /api/notes/M2JtadLCqpgV/data with 0 bytes took 1ms
13:36:04.432 200 GET /api/notes/M2JtadLCqpgV/blob with 181 bytes took 0ms
13:36:05.433 204 PUT /api/notes/M2JtadLCqpgV/data with 0 bytes took 1ms
13:36:05.435 200 GET /api/notes/M2JtadLCqpgV/blob with 184 bytes took 0ms
13:36:10.603 204 PUT /api/notes/M2JtadLCqpgV/data with 0 bytes took 2ms
13:36:10.607 200 GET /api/notes/M2JtadLCqpgV/blob with 180 bytes took 1ms
13:36:11.608 204 PUT /api/notes/M2JtadLCqpgV/data with 0 bytes took 1ms
13:36:11.610 200 GET /api/notes/M2JtadLCqpgV/blob with 191 bytes took 0ms
13:36:12.611 204 PUT /api/notes/M2JtadLCqpgV/data with 0 bytes took 1ms
13:36:12.613 200 GET /api/notes/M2JtadLCqpgV/blob with 195 bytes took 0ms
13:36:13.615 204 PUT /api/notes/M2JtadLCqpgV/data with 0 bytes took 1ms
13:36:13.617 200 GET /api/notes/M2JtadLCqpgV/blob with 198 bytes took 0ms
13:36:14.619 204 PUT /api/notes/M2JtadLCqpgV/data with 0 bytes took 1ms
13:36:14.621 200 GET /api/notes/M2JtadLCqpgV/blob with 206 bytes took 0ms
13:36:15.624 204 PUT /api/notes/M2JtadLCqpgV/data with 0 bytes took 1ms
13:36:15.626 200 GET /api/notes/M2JtadLCqpgV/blob with 219 bytes took 0ms
13:36:16.625 204 PUT /api/notes/M2JtadLCqpgV/data with 0 bytes took 1ms
13:36:16.627 200 GET /api/notes/M2JtadLCqpgV/blob with 223 bytes took 0ms
13:36:17.627 204 PUT /api/notes/M2JtadLCqpgV/data with 0 bytes took 1ms
13:36:17.630 200 GET /api/notes/M2JtadLCqpgV/blob with 233 bytes took 0ms
13:36:18.632 204 PUT /api/notes/M2JtadLCqpgV/data with 0 bytes took 2ms
13:36:18.634 200 GET /api/notes/M2JtadLCqpgV/blob with 240 bytes took 0ms
13:36:19.633 204 PUT /api/notes/M2JtadLCqpgV/data with 0 bytes took 1ms
13:36:19.636 200 GET /api/notes/M2JtadLCqpgV/blob with 254 bytes took 0ms
13:36:20.637 204 PUT /api/notes/M2JtadLCqpgV/data with 0 bytes took 1ms
13:36:20.639 200 GET /api/notes/M2JtadLCqpgV/blob with 262 bytes took 0ms
13:36:21.645 204 PUT /api/notes/M2JtadLCqpgV/data with 0 bytes took 7ms
13:36:21.647 200 GET /api/notes/M2JtadLCqpgV/blob with 264 bytes took 0ms
13:36:22.645 204 PUT /api/notes/M2JtadLCqpgV/data with 0 bytes took 3ms
13:36:22.647 200 GET /api/notes/M2JtadLCqpgV/blob with 275 bytes took 0ms
13:36:25.699 204 PUT /api/notes/M2JtadLCqpgV/data with 0 bytes took 1ms
13:36:25.703 200 GET /api/notes/M2JtadLCqpgV/blob with 271 bytes took 0ms
13:36:26.703 204 PUT /api/notes/M2JtadLCqpgV/data with 0 bytes took 2ms
13:36:26.705 200 GET /api/notes/M2JtadLCqpgV/blob with 278 bytes took 0ms
13:36:27.707 204 PUT /api/notes/M2JtadLCqpgV/data with 0 bytes took 1ms
13:36:27.710 200 GET /api/notes/M2JtadLCqpgV/blob with 279 bytes took 1ms
13:36:28.709 204 PUT /api/notes/M2JtadLCqpgV/data with 0 bytes took 2ms
13:36:28.711 200 GET /api/notes/M2JtadLCqpgV/blob with 277 bytes took 1ms
13:36:29.713 204 PUT /api/notes/M2JtadLCqpgV/data with 0 bytes took 1ms
13:36:29.715 200 GET /api/notes/M2JtadLCqpgV/blob with 281 bytes took 0ms
13:36:30.719 204 PUT /api/notes/M2JtadLCqpgV/data with 0 bytes took 1ms
13:36:30.720 200 GET /api/notes/M2JtadLCqpgV/blob with 284 bytes took 0ms
13:36:31.724 204 PUT /api/notes/M2JtadLCqpgV/data with 0 bytes took 1ms
13:36:31.726 200 GET /api/notes/M2JtadLCqpgV/blob with 297 bytes took 0ms
13:36:32.728 204 PUT /api/notes/M2JtadLCqpgV/data with 0 bytes took 1ms
13:36:32.730 200 GET /api/notes/M2JtadLCqpgV/blob with 300 bytes took 0ms
13:36:33.730 204 PUT /api/notes/M2JtadLCqpgV/data with 0 bytes took 1ms
13:36:33.732 200 GET /api/notes/M2JtadLCqpgV/blob with 309 bytes took 0ms
13:36:34.732 204 PUT /api/notes/M2JtadLCqpgV/data with 0 bytes took 2ms
13:36:34.733 200 GET /api/notes/M2JtadLCqpgV/blob with 303 bytes took 0ms
13:36:35.734 204 PUT /api/notes/M2JtadLCqpgV/data with 0 bytes took 1ms
13:36:35.736 200 GET /api/notes/M2JtadLCqpgV/blob with 306 bytes took 0ms
13:36:36.735 204 PUT /api/notes/M2JtadLCqpgV/data with 0 bytes took 1ms
13:36:36.738 200 GET /api/notes/M2JtadLCqpgV/blob with 306 bytes took 1ms
13:36:37.740 204 PUT /api/notes/M2JtadLCqpgV/data with 0 bytes took 1ms
13:36:37.742 200 GET /api/notes/M2JtadLCqpgV/blob with 319 bytes took 0ms
13:36:38.743 204 PUT /api/notes/M2JtadLCqpgV/data with 0 bytes took 1ms
13:36:38.746 200 GET /api/notes/M2JtadLCqpgV/blob with 317 bytes took 1ms
13:36:39.746 204 PUT /api/notes/M2JtadLCqpgV/data with 0 bytes took 2ms
13:36:39.748 200 GET /api/notes/M2JtadLCqpgV/blob with 324 bytes took 1ms
13:36:40.750 204 PUT /api/notes/M2JtadLCqpgV/data with 0 bytes took 2ms
13:36:40.752 200 GET /api/notes/M2JtadLCqpgV/blob with 330 bytes took 0ms
13:36:41.752 204 PUT /api/notes/M2JtadLCqpgV/data with 0 bytes took 1ms
13:36:41.754 200 GET /api/notes/M2JtadLCqpgV/blob with 340 bytes took 0ms
13:36:42.756 204 PUT /api/notes/M2JtadLCqpgV/data with 0 bytes took 2ms
13:36:42.757 200 GET /api/notes/M2JtadLCqpgV/blob with 346 bytes took 0ms
13:36:43.758 204 PUT /api/notes/M2JtadLCqpgV/data with 0 bytes took 1ms
13:36:43.761 200 GET /api/notes/M2JtadLCqpgV/blob with 354 bytes took 1ms
13:36:44.763 204 PUT /api/notes/M2JtadLCqpgV/data with 0 bytes took 1ms
13:36:44.765 200 GET /api/notes/M2JtadLCqpgV/blob with 359 bytes took 0ms
13:36:45.767 204 PUT /api/notes/M2JtadLCqpgV/data with 0 bytes took 1ms
13:36:45.769 200 GET /api/notes/M2JtadLCqpgV/blob with 363 bytes took 0ms
13:36:46.923 204 PUT /api/notes/M2JtadLCqpgV/data with 0 bytes took 2ms
13:36:46.925 200 GET /api/notes/M2JtadLCqpgV/blob with 359 bytes took 0ms
13:36:47.924 204 PUT /api/notes/M2JtadLCqpgV/data with 0 bytes took 1ms
13:36:47.926 200 GET /api/notes/M2JtadLCqpgV/blob with 361 bytes took 0ms
13:36:48.928 204 PUT /api/notes/M2JtadLCqpgV/data with 0 bytes took 2ms
13:36:48.930 200 GET /api/notes/M2JtadLCqpgV/blob with 373 bytes took 0ms
13:36:49.931 204 PUT /api/notes/M2JtadLCqpgV/data with 0 bytes took 1ms
13:36:49.933 200 GET /api/notes/M2JtadLCqpgV/blob with 375 bytes took 0ms
13:36:50.932 204 PUT /api/notes/M2JtadLCqpgV/data with 0 bytes took 1ms
13:36:50.935 200 GET /api/notes/M2JtadLCqpgV/blob with 383 bytes took 1ms
13:36:51.937 204 PUT /api/notes/M2JtadLCqpgV/data with 0 bytes took 1ms
13:36:51.939 200 GET /api/notes/M2JtadLCqpgV/blob with 390 bytes took 0ms
13:36:52.941 204 PUT /api/notes/M2JtadLCqpgV/data with 0 bytes took 0ms
13:36:53.944 204 PUT /api/notes/M2JtadLCqpgV/data with 0 bytes took 1ms
13:36:53.946 200 GET /api/notes/M2JtadLCqpgV/blob with 395 bytes took 0ms
13:36:54.949 204 PUT /api/notes/M2JtadLCqpgV/data with 0 bytes took 1ms
13:36:54.951 200 GET /api/notes/M2JtadLCqpgV/blob with 407 bytes took 0ms
13:36:55.951 204 PUT /api/notes/M2JtadLCqpgV/data with 0 bytes took 1ms
13:36:56.954 204 PUT /api/notes/M2JtadLCqpgV/data with 0 bytes took 1ms
13:36:56.956 200 GET /api/notes/M2JtadLCqpgV/blob with 412 bytes took 0ms
13:36:57.959 204 PUT /api/notes/M2JtadLCqpgV/data with 0 bytes took 1ms
13:36:57.961 200 GET /api/notes/M2JtadLCqpgV/blob with 422 bytes took 0ms
13:36:58.960 204 PUT /api/notes/M2JtadLCqpgV/data with 0 bytes took 0ms
13:36:59.966 204 PUT /api/notes/M2JtadLCqpgV/data with 0 bytes took 2ms
13:36:59.968 200 GET /api/notes/M2JtadLCqpgV/blob with 435 bytes took 0ms
13:37:00.968 204 PUT /api/notes/M2JtadLCqpgV/data with 0 bytes took 1ms
13:37:00.970 200 GET /api/notes/M2JtadLCqpgV/blob with 438 bytes took 0ms
13:37:01.970 204 PUT /api/notes/M2JtadLCqpgV/data with 0 bytes took 1ms
13:37:01.972 200 GET /api/notes/M2JtadLCqpgV/blob with 438 bytes took 0ms
13:37:02.975 204 PUT /api/notes/M2JtadLCqpgV/data with 0 bytes took 1ms
13:37:02.977 200 GET /api/notes/M2JtadLCqpgV/blob with 448 bytes took 0ms
13:37:03.976 204 PUT /api/notes/M2JtadLCqpgV/data with 0 bytes took 1ms
13:37:03.979 200 GET /api/notes/M2JtadLCqpgV/blob with 447 bytes took 1ms
13:37:04.981 204 PUT /api/notes/M2JtadLCqpgV/data with 0 bytes took 2ms
13:37:04.983 200 GET /api/notes/M2JtadLCqpgV/blob with 450 bytes took 0ms
13:37:05.983 204 PUT /api/notes/M2JtadLCqpgV/data with 0 bytes took 1ms
13:37:05.985 200 GET /api/notes/M2JtadLCqpgV/blob with 456 bytes took 0ms
13:37:06.985 204 PUT /api/notes/M2JtadLCqpgV/data with 0 bytes took 1ms
13:37:06.988 200 GET /api/notes/M2JtadLCqpgV/blob with 464 bytes took 1ms
13:37:07.990 204 PUT /api/notes/M2JtadLCqpgV/data with 0 bytes took 1ms
13:37:07.992 200 GET /api/notes/M2JtadLCqpgV/blob with 473 bytes took 0ms
13:37:08.994 204 PUT /api/notes/M2JtadLCqpgV/data with 0 bytes took 1ms
13:37:08.995 200 GET /api/notes/M2JtadLCqpgV/blob with 479 bytes took 0ms
13:37:09.996 204 PUT /api/notes/M2JtadLCqpgV/data with 0 bytes took 2ms
13:37:09.998 200 GET /api/notes/M2JtadLCqpgV/blob with 485 bytes took 0ms
13:37:11.000 204 PUT /api/notes/M2JtadLCqpgV/data with 0 bytes took 2ms
13:37:11.002 200 GET /api/notes/M2JtadLCqpgV/blob with 493 bytes took 1ms
13:37:12.004 204 PUT /api/notes/M2JtadLCqpgV/data with 0 bytes took 1ms
13:37:12.006 200 GET /api/notes/M2JtadLCqpgV/blob with 502 bytes took 0ms
13:37:13.008 204 PUT /api/notes/M2JtadLCqpgV/data with 0 bytes took 1ms
13:37:13.010 200 GET /api/notes/M2JtadLCqpgV/blob with 503 bytes took 0ms
13:37:14.012 204 PUT /api/notes/M2JtadLCqpgV/data with 0 bytes took 1ms
13:37:14.015 200 GET /api/notes/M2JtadLCqpgV/blob with 498 bytes took 0ms
13:37:15.017 204 PUT /api/notes/M2JtadLCqpgV/data with 0 bytes took 1ms
13:37:15.020 200 GET /api/notes/M2JtadLCqpgV/blob with 508 bytes took 0ms
13:37:16.018 204 PUT /api/notes/M2JtadLCqpgV/data with 0 bytes took 1ms
13:37:16.020 200 GET /api/notes/M2JtadLCqpgV/blob with 517 bytes took 0ms
13:37:17.023 204 PUT /api/notes/M2JtadLCqpgV/data with 0 bytes took 1ms
13:37:17.024 200 GET /api/notes/M2JtadLCqpgV/blob with 523 bytes took 0ms
13:37:18.028 204 PUT /api/notes/M2JtadLCqpgV/data with 0 bytes took 2ms
13:37:18.030 200 GET /api/notes/M2JtadLCqpgV/blob with 530 bytes took 0ms
13:37:19.029 204 PUT /api/notes/M2JtadLCqpgV/data with 0 bytes took 1ms
13:37:19.031 200 GET /api/notes/M2JtadLCqpgV/blob with 536 bytes took 0ms
13:37:20.040 204 PUT /api/notes/M2JtadLCqpgV/data with 0 bytes took 7ms
13:37:20.042 200 GET /api/notes/M2JtadLCqpgV/blob with 540 bytes took 0ms
13:37:21.061 Slow 204 PUT /api/notes/M2JtadLCqpgV/data with 0 bytes took 24ms
13:37:21.063 200 GET /api/notes/M2JtadLCqpgV/blob with 547 bytes took 0ms
13:37:23.086 204 PUT /api/notes/M2JtadLCqpgV/data with 0 bytes took 2ms
13:37:23.088 200 GET /api/notes/M2JtadLCqpgV/blob with 543 bytes took 0ms
13:37:24.088 204 PUT /api/notes/M2JtadLCqpgV/data with 0 bytes took 1ms
13:37:24.090 200 GET /api/notes/M2JtadLCqpgV/blob with 546 bytes took 0ms
13:37:25.093 204 PUT /api/notes/M2JtadLCqpgV/data with 0 bytes took 1ms
13:37:25.095 200 GET /api/notes/M2JtadLCqpgV/blob with 552 bytes took 0ms
13:37:26.096 204 PUT /api/notes/M2JtadLCqpgV/data with 0 bytes took 1ms
13:37:26.098 200 GET /api/notes/M2JtadLCqpgV/blob with 549 bytes took 0ms
13:37:27.098 204 PUT /api/notes/M2JtadLCqpgV/data with 0 bytes took 1ms
13:37:27.100 200 GET /api/notes/M2JtadLCqpgV/blob with 562 bytes took 0ms
13:37:28.101 204 PUT /api/notes/M2JtadLCqpgV/data with 0 bytes took 2ms
13:37:28.103 200 GET /api/notes/M2JtadLCqpgV/blob with 564 bytes took 0ms
13:37:29.105 204 PUT /api/notes/M2JtadLCqpgV/data with 0 bytes took 2ms
13:37:29.107 200 GET /api/notes/M2JtadLCqpgV/blob with 565 bytes took 0ms
13:37:30.107 204 PUT /api/notes/M2JtadLCqpgV/data with 0 bytes took 1ms
13:37:30.109 200 GET /api/notes/M2JtadLCqpgV/blob with 571 bytes took 0ms
13:37:31.108 204 PUT /api/notes/M2JtadLCqpgV/data with 0 bytes took 1ms
13:37:31.110 200 GET /api/notes/M2JtadLCqpgV/blob with 570 bytes took 0ms
13:37:32.111 204 PUT /api/notes/M2JtadLCqpgV/data with 0 bytes took 1ms
13:37:32.113 200 GET /api/notes/M2JtadLCqpgV/blob with 578 bytes took 0ms
13:37:33.113 204 PUT /api/notes/M2JtadLCqpgV/data with 0 bytes took 1ms
13:37:33.115 200 GET /api/notes/M2JtadLCqpgV/blob with 586 bytes took 0ms
13:37:34.117 204 PUT /api/notes/M2JtadLCqpgV/data with 0 bytes took 2ms
13:37:34.118 200 GET /api/notes/M2JtadLCqpgV/blob with 596 bytes took 0ms
13:37:35.349 204 PUT /api/notes/M2JtadLCqpgV/data with 0 bytes took 1ms
13:37:35.351 200 GET /api/notes/M2JtadLCqpgV/blob with 592 bytes took 0ms
13:37:36.350 204 PUT /api/notes/M2JtadLCqpgV/data with 0 bytes took 1ms
13:37:36.353 200 GET /api/notes/M2JtadLCqpgV/blob with 600 bytes took 1ms
13:37:37.353 204 PUT /api/notes/M2JtadLCqpgV/data with 0 bytes took 1ms
13:37:37.355 200 GET /api/notes/M2JtadLCqpgV/blob with 605 bytes took 0ms
13:37:38.355 204 PUT /api/notes/M2JtadLCqpgV/data with 0 bytes took 1ms
13:37:38.357 200 GET /api/notes/M2JtadLCqpgV/blob with 607 bytes took 0ms
13:37:39.358 204 PUT /api/notes/M2JtadLCqpgV/data with 0 bytes took 1ms
13:37:39.361 200 GET /api/notes/M2JtadLCqpgV/blob with 613 bytes took 1ms
13:37:40.362 204 PUT /api/notes/M2JtadLCqpgV/data with 0 bytes took 1ms
13:37:40.364 200 GET /api/notes/M2JtadLCqpgV/blob with 619 bytes took 0ms
13:37:41.364 204 PUT /api/notes/M2JtadLCqpgV/data with 0 bytes took 1ms
13:37:42.368 204 PUT /api/notes/M2JtadLCqpgV/data with 0 bytes took 2ms
13:37:42.370 200 GET /api/notes/M2JtadLCqpgV/blob with 620 bytes took 0ms
13:37:43.373 204 PUT /api/notes/M2JtadLCqpgV/data with 0 bytes took 1ms
13:37:43.375 200 GET /api/notes/M2JtadLCqpgV/blob with 634 bytes took 0ms
13:37:44.375 204 PUT /api/notes/M2JtadLCqpgV/data with 0 bytes took 1ms
13:37:44.377 200 GET /api/notes/M2JtadLCqpgV/blob with 637 bytes took 0ms
13:37:45.378 204 PUT /api/notes/M2JtadLCqpgV/data with 0 bytes took 2ms
13:37:45.379 200 GET /api/notes/M2JtadLCqpgV/blob with 646 bytes took 0ms
13:37:46.380 204 PUT /api/notes/M2JtadLCqpgV/data with 0 bytes took 1ms
13:37:46.383 200 GET /api/notes/M2JtadLCqpgV/blob with 655 bytes took 0ms
13:37:47.384 204 PUT /api/notes/M2JtadLCqpgV/data with 0 bytes took 1ms
13:37:47.386 200 GET /api/notes/M2JtadLCqpgV/blob with 662 bytes took 1ms
13:37:48.386 204 PUT /api/notes/M2JtadLCqpgV/data with 0 bytes took 1ms
13:37:48.388 200 GET /api/notes/M2JtadLCqpgV/blob with 667 bytes took 1ms
13:37:49.388 204 PUT /api/notes/M2JtadLCqpgV/data with 0 bytes took 1ms
13:37:49.390 200 GET /api/notes/M2JtadLCqpgV/blob with 674 bytes took 0ms
13:37:50.390 204 PUT /api/notes/M2JtadLCqpgV/data with 0 bytes took 1ms
13:37:50.393 200 GET /api/notes/M2JtadLCqpgV/blob with 676 bytes took 1ms
13:37:51.393 204 PUT /api/notes/M2JtadLCqpgV/data with 0 bytes took 2ms
13:37:51.395 200 GET /api/notes/M2JtadLCqpgV/blob with 682 bytes took 0ms
13:37:55.113 204 PUT /api/notes/M2JtadLCqpgV/data with 0 bytes took 2ms
13:37:55.117 200 GET /api/notes/M2JtadLCqpgV/blob with 695 bytes took 1ms
13:37:56.160 204 PUT /api/notes/M2JtadLCqpgV/data with 0 bytes took 1ms
13:37:56.163 200 GET /api/notes/M2JtadLCqpgV/blob with 690 bytes took 1ms
13:37:57.165 204 PUT /api/notes/M2JtadLCqpgV/data with 0 bytes took 1ms
13:37:57.167 200 GET /api/notes/M2JtadLCqpgV/blob with 693 bytes took 1ms
13:37:58.169 204 PUT /api/notes/M2JtadLCqpgV/data with 0 bytes took 1ms
13:37:58.171 200 GET /api/notes/M2JtadLCqpgV/blob with 707 bytes took 0ms
13:37:59.171 204 PUT /api/notes/M2JtadLCqpgV/data with 0 bytes took 1ms
13:37:59.173 200 GET /api/notes/M2JtadLCqpgV/blob with 710 bytes took 0ms
13:38:00.176 204 PUT /api/notes/M2JtadLCqpgV/data with 0 bytes took 1ms
13:38:00.179 200 GET /api/notes/M2JtadLCqpgV/blob with 718 bytes took 0ms
13:38:01.179 204 PUT /api/notes/M2JtadLCqpgV/data with 0 bytes took 1ms
13:38:01.181 200 GET /api/notes/M2JtadLCqpgV/blob with 727 bytes took 0ms
13:38:02.181 204 PUT /api/notes/M2JtadLCqpgV/data with 0 bytes took 1ms
13:38:02.183 200 GET /api/notes/M2JtadLCqpgV/blob with 729 bytes took 0ms
13:38:03.185 204 PUT /api/notes/M2JtadLCqpgV/data with 0 bytes took 1ms
13:38:03.187 200 GET /api/notes/M2JtadLCqpgV/blob with 733 bytes took 0ms
13:38:04.189 204 PUT /api/notes/M2JtadLCqpgV/data with 0 bytes took 1ms
13:38:04.191 200 GET /api/notes/M2JtadLCqpgV/blob with 735 bytes took 0ms
13:38:05.191 204 PUT /api/notes/M2JtadLCqpgV/data with 0 bytes took 1ms
13:38:05.193 200 GET /api/notes/M2JtadLCqpgV/blob with 731 bytes took 0ms
13:38:06.197 204 PUT /api/notes/M2JtadLCqpgV/data with 0 bytes took 1ms
13:38:06.199 200 GET /api/notes/M2JtadLCqpgV/blob with 736 bytes took 0ms
13:38:07.203 204 PUT /api/notes/M2JtadLCqpgV/data with 0 bytes took 2ms
13:38:07.205 200 GET /api/notes/M2JtadLCqpgV/blob with 742 bytes took 1ms
13:38:08.204 204 PUT /api/notes/M2JtadLCqpgV/data with 0 bytes took 2ms
13:38:08.206 200 GET /api/notes/M2JtadLCqpgV/blob with 748 bytes took 1ms
13:38:09.204 204 PUT /api/notes/M2JtadLCqpgV/data with 0 bytes took 1ms
13:38:09.206 200 GET /api/notes/M2JtadLCqpgV/blob with 757 bytes took 0ms
13:38:10.206 204 PUT /api/notes/M2JtadLCqpgV/data with 0 bytes took 1ms
13:38:10.208 200 GET /api/notes/M2JtadLCqpgV/blob with 764 bytes took 0ms
13:38:11.211 204 PUT /api/notes/M2JtadLCqpgV/data with 0 bytes took 1ms
13:38:11.213 200 GET /api/notes/M2JtadLCqpgV/blob with 766 bytes took 0ms
13:38:12.214 204 PUT /api/notes/M2JtadLCqpgV/data with 0 bytes took 1ms
13:38:12.216 200 GET /api/notes/M2JtadLCqpgV/blob with 771 bytes took 0ms
13:38:13.218 204 PUT /api/notes/M2JtadLCqpgV/data with 0 bytes took 1ms
13:38:13.220 200 GET /api/notes/M2JtadLCqpgV/blob with 761 bytes took 0ms
13:38:14.226 204 PUT /api/notes/M2JtadLCqpgV/data with 0 bytes took 6ms
13:38:14.228 200 GET /api/notes/M2JtadLCqpgV/blob with 761 bytes took 1ms
13:38:15.232 204 PUT /api/notes/M2JtadLCqpgV/data with 0 bytes took 4ms
13:38:15.234 200 GET /api/notes/M2JtadLCqpgV/blob with 770 bytes took 0ms
13:38:16.233 204 PUT /api/notes/M2JtadLCqpgV/data with 0 bytes took 2ms
13:38:16.235 200 GET /api/notes/M2JtadLCqpgV/blob with 776 bytes took 1ms
13:38:17.237 204 PUT /api/notes/M2JtadLCqpgV/data with 0 bytes took 1ms
13:38:17.239 200 GET /api/notes/M2JtadLCqpgV/blob with 780 bytes took 0ms
13:38:18.241 204 PUT /api/notes/M2JtadLCqpgV/data with 0 bytes took 1ms
13:38:18.243 200 GET /api/notes/M2JtadLCqpgV/blob with 793 bytes took 0ms
13:38:19.245 204 PUT /api/notes/M2JtadLCqpgV/data with 0 bytes took 2ms
13:38:19.248 200 GET /api/notes/M2JtadLCqpgV/blob with 798 bytes took 1ms
13:38:20.247 204 PUT /api/notes/M2JtadLCqpgV/data with 0 bytes took 1ms
13:38:20.249 200 GET /api/notes/M2JtadLCqpgV/blob with 811 bytes took 1ms
13:38:21.250 204 PUT /api/notes/M2JtadLCqpgV/data with 0 bytes took 1ms
13:38:21.252 200 GET /api/notes/M2JtadLCqpgV/blob with 809 bytes took 0ms
13:38:22.254 204 PUT /api/notes/M2JtadLCqpgV/data with 0 bytes took 1ms
13:38:22.256 200 GET /api/notes/M2JtadLCqpgV/blob with 822 bytes took 0ms
13:38:23.258 204 PUT /api/notes/M2JtadLCqpgV/data with 0 bytes took 1ms
13:38:23.260 200 GET /api/notes/M2JtadLCqpgV/blob with 823 bytes took 0ms
13:38:24.259 204 PUT /api/notes/M2JtadLCqpgV/data with 0 bytes took 1ms
13:38:24.261 200 GET /api/notes/M2JtadLCqpgV/blob with 827 bytes took 0ms
13:38:25.263 204 PUT /api/notes/M2JtadLCqpgV/data with 0 bytes took 1ms
13:38:25.265 200 GET /api/notes/M2JtadLCqpgV/blob with 830 bytes took 0ms
13:38:26.576 204 PUT /api/notes/M2JtadLCqpgV/data with 0 bytes took 2ms
13:38:26.578 200 GET /api/notes/M2JtadLCqpgV/blob with 831 bytes took 0ms
13:38:27.584 204 PUT /api/notes/M2JtadLCqpgV/data with 0 bytes took 2ms
13:38:27.586 200 GET /api/notes/M2JtadLCqpgV/blob with 840 bytes took 0ms
13:38:28.587 204 PUT /api/notes/M2JtadLCqpgV/data with 0 bytes took 1ms
13:38:28.590 200 GET /api/notes/M2JtadLCqpgV/blob with 841 bytes took 1ms
13:38:29.590 204 PUT /api/notes/M2JtadLCqpgV/data with 0 bytes took 1ms
13:38:29.592 200 GET /api/notes/M2JtadLCqpgV/blob with 848 bytes took 0ms
13:38:30.594 204 PUT /api/notes/M2JtadLCqpgV/data with 0 bytes took 2ms
13:38:30.596 200 GET /api/notes/M2JtadLCqpgV/blob with 857 bytes took 1ms
13:38:31.594 204 PUT /api/notes/M2JtadLCqpgV/data with 0 bytes took 1ms
13:38:31.596 200 GET /api/notes/M2JtadLCqpgV/blob with 867 bytes took 0ms
13:38:32.599 204 PUT /api/notes/M2JtadLCqpgV/data with 0 bytes took 1ms
13:38:32.601 200 GET /api/notes/M2JtadLCqpgV/blob with 863 bytes took 0ms
13:38:33.600 204 PUT /api/notes/M2JtadLCqpgV/data with 0 bytes took 1ms
13:38:33.603 200 GET /api/notes/M2JtadLCqpgV/blob with 864 bytes took 1ms
13:38:34.605 204 PUT /api/notes/M2JtadLCqpgV/data with 0 bytes took 2ms
13:38:34.606 200 GET /api/notes/M2JtadLCqpgV/blob with 870 bytes took 0ms
13:38:35.608 204 PUT /api/notes/M2JtadLCqpgV/data with 0 bytes took 1ms
13:38:35.610 200 GET /api/notes/M2JtadLCqpgV/blob with 878 bytes took 0ms
13:38:36.613 204 PUT /api/notes/M2JtadLCqpgV/data with 0 bytes took 1ms
13:38:36.616 200 GET /api/notes/M2JtadLCqpgV/blob with 872 bytes took 1ms
13:38:37.615 204 PUT /api/notes/M2JtadLCqpgV/data with 0 bytes took 2ms
13:38:37.617 200 GET /api/notes/M2JtadLCqpgV/blob with 873 bytes took 0ms
13:38:38.617 204 PUT /api/notes/M2JtadLCqpgV/data with 0 bytes took 1ms
13:38:38.619 200 GET /api/notes/M2JtadLCqpgV/blob with 879 bytes took 0ms
13:38:39.620 204 PUT /api/notes/M2JtadLCqpgV/data with 0 bytes took 0ms
13:38:40.622 204 PUT /api/notes/M2JtadLCqpgV/data with 0 bytes took 1ms
13:38:40.624 200 GET /api/notes/M2JtadLCqpgV/blob with 885 bytes took 0ms
13:38:41.623 204 PUT /api/notes/M2JtadLCqpgV/data with 0 bytes took 1ms
13:38:41.625 200 GET /api/notes/M2JtadLCqpgV/blob with 893 bytes took 0ms
13:38:42.626 204 PUT /api/notes/M2JtadLCqpgV/data with 0 bytes took 1ms
13:38:42.627 200 GET /api/notes/M2JtadLCqpgV/blob with 900 bytes took 0ms
13:38:43.628 204 PUT /api/notes/M2JtadLCqpgV/data with 0 bytes took 1ms
13:38:43.630 200 GET /api/notes/M2JtadLCqpgV/blob with 903 bytes took 0ms
13:38:44.630 204 PUT /api/notes/M2JtadLCqpgV/data with 0 bytes took 1ms
13:38:44.632 200 GET /api/notes/M2JtadLCqpgV/blob with 918 bytes took 1ms
13:38:45.633 204 PUT /api/notes/M2JtadLCqpgV/data with 0 bytes took 2ms
13:38:45.635 200 GET /api/notes/M2JtadLCqpgV/blob with 919 bytes took 0ms
13:38:46.636 204 PUT /api/notes/M2JtadLCqpgV/data with 0 bytes took 1ms
13:38:46.638 200 GET /api/notes/M2JtadLCqpgV/blob with 921 bytes took 0ms
13:38:47.639 204 PUT /api/notes/M2JtadLCqpgV/data with 0 bytes took 1ms
13:38:47.641 200 GET /api/notes/M2JtadLCqpgV/blob with 929 bytes took 1ms
13:38:48.643 204 PUT /api/notes/M2JtadLCqpgV/data with 0 bytes took 1ms
13:38:48.645 200 GET /api/notes/M2JtadLCqpgV/blob with 938 bytes took 1ms
13:38:49.645 204 PUT /api/notes/M2JtadLCqpgV/data with 0 bytes took 1ms
13:38:49.647 200 GET /api/notes/M2JtadLCqpgV/blob with 945 bytes took 0ms
13:38:55.272 204 PUT /api/notes/M2JtadLCqpgV/data with 0 bytes took 2ms
13:38:55.276 200 GET /api/notes/M2JtadLCqpgV/blob with 941 bytes took 0ms
13:38:56.274 204 PUT /api/notes/M2JtadLCqpgV/data with 0 bytes took 1ms
13:38:56.276 200 GET /api/notes/M2JtadLCqpgV/blob with 942 bytes took 0ms
13:38:57.275 204 PUT /api/notes/M2JtadLCqpgV/data with 0 bytes took 1ms
13:38:57.277 200 GET /api/notes/M2JtadLCqpgV/blob with 944 bytes took 0ms
13:38:58.279 204 PUT /api/notes/M2JtadLCqpgV/data with 0 bytes took 2ms
13:38:58.281 200 GET /api/notes/M2JtadLCqpgV/blob with 947 bytes took 0ms
13:38:59.281 204 PUT /api/notes/M2JtadLCqpgV/data with 0 bytes took 2ms
13:38:59.284 200 GET /api/notes/M2JtadLCqpgV/blob with 947 bytes took 0ms
13:39:00.282 204 PUT /api/notes/M2JtadLCqpgV/data with 0 bytes took 1ms
13:39:00.284 200 GET /api/notes/M2JtadLCqpgV/blob with 960 bytes took 0ms
13:39:01.283 204 PUT /api/notes/M2JtadLCqpgV/data with 0 bytes took 1ms
13:39:01.285 200 GET /api/notes/M2JtadLCqpgV/blob with 965 bytes took 0ms
13:39:02.286 204 PUT /api/notes/M2JtadLCqpgV/data with 0 bytes took 2ms
13:39:02.288 200 GET /api/notes/M2JtadLCqpgV/blob with 989 bytes took 1ms
13:39:03.289 204 PUT /api/notes/M2JtadLCqpgV/data with 0 bytes took 1ms
13:39:03.291 200 GET /api/notes/M2JtadLCqpgV/blob with 978 bytes took 0ms
13:39:04.300 Slow 204 PUT /api/notes/M2JtadLCqpgV/data with 0 bytes took 10ms
13:39:04.302 200 GET /api/notes/M2JtadLCqpgV/blob with 974 bytes took 0ms
13:39:05.325 Slow 204 PUT /api/notes/M2JtadLCqpgV/data with 0 bytes took 31ms
13:39:05.327 200 GET /api/notes/M2JtadLCqpgV/blob with 982 bytes took 0ms
13:39:06.299 204 PUT /api/notes/M2JtadLCqpgV/data with 0 bytes took 1ms
13:39:06.301 200 GET /api/notes/M2JtadLCqpgV/blob with 989 bytes took 0ms
13:39:07.306 204 PUT /api/notes/M2JtadLCqpgV/data with 0 bytes took 1ms
13:39:07.308 200 GET /api/notes/M2JtadLCqpgV/blob with 997 bytes took 0ms
13:39:08.308 204 PUT /api/notes/M2JtadLCqpgV/data with 0 bytes took 2ms
13:39:08.310 200 GET /api/notes/M2JtadLCqpgV/blob with 1002 bytes took 0ms
13:39:09.312 204 PUT /api/notes/M2JtadLCqpgV/data with 0 bytes took 1ms
13:39:09.314 200 GET /api/notes/M2JtadLCqpgV/blob with 1013 bytes took 0ms
13:39:10.315 204 PUT /api/notes/M2JtadLCqpgV/data with 0 bytes took 2ms
13:39:10.317 200 GET /api/notes/M2JtadLCqpgV/blob with 1016 bytes took 0ms
13:39:11.319 204 PUT /api/notes/M2JtadLCqpgV/data with 0 bytes took 1ms
13:39:11.321 200 GET /api/notes/M2JtadLCqpgV/blob with 1029 bytes took 0ms
13:39:12.321 204 PUT /api/notes/M2JtadLCqpgV/data with 0 bytes took 1ms
13:39:12.323 200 GET /api/notes/M2JtadLCqpgV/blob with 1030 bytes took 0ms
13:39:13.324 204 PUT /api/notes/M2JtadLCqpgV/data with 0 bytes took 1ms
13:39:13.326 200 GET /api/notes/M2JtadLCqpgV/blob with 1030 bytes took 0ms
13:39:14.329 204 PUT /api/notes/M2JtadLCqpgV/data with 0 bytes took 1ms
13:39:14.331 200 GET /api/notes/M2JtadLCqpgV/blob with 1040 bytes took 0ms
13:39:15.332 204 PUT /api/notes/M2JtadLCqpgV/data with 0 bytes took 2ms
13:39:15.333 200 GET /api/notes/M2JtadLCqpgV/blob with 1048 bytes took 0ms
13:39:16.336 204 PUT /api/notes/M2JtadLCqpgV/data with 0 bytes took 1ms
13:39:16.338 200 GET /api/notes/M2JtadLCqpgV/blob with 1056 bytes took 0ms
13:39:17.339 204 PUT /api/notes/M2JtadLCqpgV/data with 0 bytes took 2ms
13:39:17.341 200 GET /api/notes/M2JtadLCqpgV/blob with 1066 bytes took 1ms
13:39:18.342 204 PUT /api/notes/M2JtadLCqpgV/data with 0 bytes took 1ms
13:39:18.345 200 GET /api/notes/M2JtadLCqpgV/blob with 1072 bytes took 0ms
13:39:19.344 204 PUT /api/notes/M2JtadLCqpgV/data with 0 bytes took 1ms
13:39:19.347 200 GET /api/notes/M2JtadLCqpgV/blob with 1081 bytes took 0ms
13:39:20.348 204 PUT /api/notes/M2JtadLCqpgV/data with 0 bytes took 1ms
13:39:20.350 200 GET /api/notes/M2JtadLCqpgV/blob with 1084 bytes took 0ms
13:39:21.351 204 PUT /api/notes/M2JtadLCqpgV/data with 0 bytes took 2ms
13:39:21.353 200 GET /api/notes/M2JtadLCqpgV/blob with 1083 bytes took 0ms
13:39:22.354 204 PUT /api/notes/M2JtadLCqpgV/data with 0 bytes took 2ms
13:39:22.356 200 GET /api/notes/M2JtadLCqpgV/blob with 1091 bytes took 0ms
13:39:23.358 204 PUT /api/notes/M2JtadLCqpgV/data with 0 bytes took 1ms
13:39:23.360 200 GET /api/notes/M2JtadLCqpgV/blob with 1105 bytes took 0ms
13:39:24.360 204 PUT /api/notes/M2JtadLCqpgV/data with 0 bytes took 1ms
13:39:24.362 200 GET /api/notes/M2JtadLCqpgV/blob with 1103 bytes took 0ms
13:39:25.364 204 PUT /api/notes/M2JtadLCqpgV/data with 0 bytes took 1ms
13:39:25.366 200 GET /api/notes/M2JtadLCqpgV/blob with 1111 bytes took 0ms
13:39:26.368 204 PUT /api/notes/M2JtadLCqpgV/data with 0 bytes took 1ms
13:39:26.370 200 GET /api/notes/M2JtadLCqpgV/blob with 1118 bytes took 0ms
13:39:27.370 204 PUT /api/notes/M2JtadLCqpgV/data with 0 bytes took 1ms
13:39:27.372 200 GET /api/notes/M2JtadLCqpgV/blob with 1129 bytes took 0ms
13:39:28.372 204 PUT /api/notes/M2JtadLCqpgV/data with 0 bytes took 1ms
13:39:28.374 200 GET /api/notes/M2JtadLCqpgV/blob with 1129 bytes took 0ms
13:39:29.373 204 PUT /api/notes/M2JtadLCqpgV/data with 0 bytes took 1ms
13:39:29.375 200 GET /api/notes/M2JtadLCqpgV/blob with 1131 bytes took 0ms
13:39:30.374 204 PUT /api/notes/M2JtadLCqpgV/data with 0 bytes took 1ms
13:39:30.376 200 GET /api/notes/M2JtadLCqpgV/blob with 1137 bytes took 0ms
13:39:31.378 204 PUT /api/notes/M2JtadLCqpgV/data with 0 bytes took 1ms
13:39:31.380 200 GET /api/notes/M2JtadLCqpgV/blob with 1131 bytes took 0ms
13:39:32.381 204 PUT /api/notes/M2JtadLCqpgV/data with 0 bytes took 1ms
13:39:32.383 200 GET /api/notes/M2JtadLCqpgV/blob with 1126 bytes took 0ms
13:39:33.386 204 PUT /api/notes/M2JtadLCqpgV/data with 0 bytes took 1ms
13:39:33.388 200 GET /api/notes/M2JtadLCqpgV/blob with 1125 bytes took 0ms
13:39:34.388 204 PUT /api/notes/M2JtadLCqpgV/data with 0 bytes took 1ms
13:39:34.390 200 GET /api/notes/M2JtadLCqpgV/blob with 1128 bytes took 0ms
13:39:35.391 204 PUT /api/notes/M2JtadLCqpgV/data with 0 bytes took 1ms
13:39:35.393 200 GET /api/notes/M2JtadLCqpgV/blob with 1131 bytes took 0ms
13:39:36.393 204 PUT /api/notes/M2JtadLCqpgV/data with 0 bytes took 1ms
13:39:36.395 200 GET /api/notes/M2JtadLCqpgV/blob with 1137 bytes took 0ms
13:39:38.666 204 PUT /api/notes/M2JtadLCqpgV/data with 0 bytes took 2ms
13:39:38.668 200 GET /api/notes/M2JtadLCqpgV/blob with 1138 bytes took 0ms
13:39:39.669 204 PUT /api/notes/M2JtadLCqpgV/data with 0 bytes took 1ms
13:39:39.671 200 GET /api/notes/M2JtadLCqpgV/blob with 1143 bytes took 0ms
13:39:40.670 204 PUT /api/notes/M2JtadLCqpgV/data with 0 bytes took 1ms
13:39:40.672 200 GET /api/notes/M2JtadLCqpgV/blob with 1150 bytes took 0ms
13:39:41.673 204 PUT /api/notes/M2JtadLCqpgV/data with 0 bytes took 1ms
13:39:41.675 200 GET /api/notes/M2JtadLCqpgV/blob with 1163 bytes took 0ms
13:39:42.677 204 PUT /api/notes/M2JtadLCqpgV/data with 0 bytes took 1ms
13:39:42.679 200 GET /api/notes/M2JtadLCqpgV/blob with 1166 bytes took 1ms
13:39:43.680 204 PUT /api/notes/M2JtadLCqpgV/data with 0 bytes took 1ms
13:39:43.682 200 GET /api/notes/M2JtadLCqpgV/blob with 1175 bytes took 0ms
13:39:44.682 204 PUT /api/notes/M2JtadLCqpgV/data with 0 bytes took 1ms
13:39:44.684 200 GET /api/notes/M2JtadLCqpgV/blob with 1188 bytes took 0ms
13:39:45.689 204 PUT /api/notes/M2JtadLCqpgV/data with 0 bytes took 1ms
13:39:45.691 200 GET /api/notes/M2JtadLCqpgV/blob with 1187 bytes took 0ms
13:39:46.693 204 PUT /api/notes/M2JtadLCqpgV/data with 0 bytes took 1ms
13:39:46.695 200 GET /api/notes/M2JtadLCqpgV/blob with 1196 bytes took 0ms
13:39:47.697 204 PUT /api/notes/M2JtadLCqpgV/data with 0 bytes took 1ms
13:39:47.699 200 GET /api/notes/M2JtadLCqpgV/blob with 1203 bytes took 0ms
13:39:48.701 204 PUT /api/notes/M2JtadLCqpgV/data with 0 bytes took 1ms
13:39:48.704 200 GET /api/notes/M2JtadLCqpgV/blob with 1212 bytes took 0ms
13:39:49.708 204 PUT /api/notes/M2JtadLCqpgV/data with 0 bytes took 6ms
13:39:49.710 200 GET /api/notes/M2JtadLCqpgV/blob with 1215 bytes took 0ms
13:39:50.710 204 PUT /api/notes/M2JtadLCqpgV/data with 0 bytes took 4ms
13:39:50.712 200 GET /api/notes/M2JtadLCqpgV/blob with 1216 bytes took 0ms
13:39:51.709 204 PUT /api/notes/M2JtadLCqpgV/data with 0 bytes took 1ms
13:39:51.711 200 GET /api/notes/M2JtadLCqpgV/blob with 1228 bytes took 0ms
13:39:52.713 204 PUT /api/notes/M2JtadLCqpgV/data with 0 bytes took 1ms
13:39:52.715 200 GET /api/notes/M2JtadLCqpgV/blob with 1235 bytes took 0ms
13:39:53.719 204 PUT /api/notes/M2JtadLCqpgV/data with 0 bytes took 2ms
13:39:53.724 200 GET /api/notes/M2JtadLCqpgV/blob with 1245 bytes took 0ms
13:39:54.723 204 PUT /api/notes/M2JtadLCqpgV/data with 0 bytes took 1ms
13:39:54.725 200 GET /api/notes/M2JtadLCqpgV/blob with 1246 bytes took 0ms
13:39:55.728 204 PUT /api/notes/M2JtadLCqpgV/data with 0 bytes took 1ms
13:39:55.730 200 GET /api/notes/M2JtadLCqpgV/blob with 1248 bytes took 0ms
13:39:56.731 204 PUT /api/notes/M2JtadLCqpgV/data with 0 bytes took 1ms
13:39:56.734 200 GET /api/notes/M2JtadLCqpgV/blob with 1260 bytes took 0ms
13:39:57.736 204 PUT /api/notes/M2JtadLCqpgV/data with 0 bytes took 1ms
13:39:57.738 200 GET /api/notes/M2JtadLCqpgV/blob with 1264 bytes took 0ms
13:40:00.500 204 PUT /api/notes/M2JtadLCqpgV/data with 0 bytes took 1ms
13:40:00.502 200 GET /api/notes/M2JtadLCqpgV/blob with 1260 bytes took 0ms
13:40:01.503 204 PUT /api/notes/M2JtadLCqpgV/data with 0 bytes took 1ms
13:40:01.505 200 GET /api/notes/M2JtadLCqpgV/blob with 1268 bytes took 0ms
13:40:02.506 204 PUT /api/notes/M2JtadLCqpgV/data with 0 bytes took 1ms
13:40:02.508 200 GET /api/notes/M2JtadLCqpgV/blob with 1283 bytes took 0ms
13:40:03.845 204 PUT /api/notes/M2JtadLCqpgV/data with 0 bytes took 1ms
13:40:03.847 200 GET /api/notes/M2JtadLCqpgV/blob with 1278 bytes took 0ms
13:40:04.849 204 PUT /api/notes/M2JtadLCqpgV/data with 0 bytes took 1ms
13:40:04.851 200 GET /api/notes/M2JtadLCqpgV/blob with 1280 bytes took 0ms
13:40:05.850 204 PUT /api/notes/M2JtadLCqpgV/data with 0 bytes took 1ms
13:40:05.852 200 GET /api/notes/M2JtadLCqpgV/blob with 1288 bytes took 0ms
13:40:06.855 204 PUT /api/notes/M2JtadLCqpgV/data with 0 bytes took 1ms
13:40:06.857 200 GET /api/notes/M2JtadLCqpgV/blob with 1295 bytes took 0ms
13:40:07.858 204 PUT /api/notes/M2JtadLCqpgV/data with 0 bytes took 1ms
13:40:07.860 200 GET /api/notes/M2JtadLCqpgV/blob with 1299 bytes took 0ms
13:40:08.861 204 PUT /api/notes/M2JtadLCqpgV/data with 0 bytes took 1ms
13:40:08.863 200 GET /api/notes/M2JtadLCqpgV/blob with 1305 bytes took 0ms
13:40:09.865 204 PUT /api/notes/M2JtadLCqpgV/data with 0 bytes took 1ms
13:40:09.868 200 GET /api/notes/M2JtadLCqpgV/blob with 1314 bytes took 1ms
13:40:10.869 204 PUT /api/notes/M2JtadLCqpgV/data with 0 bytes took 1ms
13:40:10.871 200 GET /api/notes/M2JtadLCqpgV/blob with 1329 bytes took 0ms
13:40:11.873 204 PUT /api/notes/M2JtadLCqpgV/data with 0 bytes took 1ms
13:40:11.875 200 GET /api/notes/M2JtadLCqpgV/blob with 1329 bytes took 0ms
13:40:12.875 204 PUT /api/notes/M2JtadLCqpgV/data with 0 bytes took 1ms
13:40:12.876 200 GET /api/notes/M2JtadLCqpgV/blob with 1333 bytes took 0ms
13:40:13.879 204 PUT /api/notes/M2JtadLCqpgV/data with 0 bytes took 1ms
13:40:13.881 200 GET /api/notes/M2JtadLCqpgV/blob with 1335 bytes took 0ms
13:40:14.881 204 PUT /api/notes/M2JtadLCqpgV/data with 0 bytes took 1ms
13:40:14.883 200 GET /api/notes/M2JtadLCqpgV/blob with 1344 bytes took 0ms
13:40:15.885 204 PUT /api/notes/M2JtadLCqpgV/data with 0 bytes took 1ms
13:40:15.887 200 GET /api/notes/M2JtadLCqpgV/blob with 1355 bytes took 0ms
13:40:16.893 204 PUT /api/notes/M2JtadLCqpgV/data with 0 bytes took 1ms
13:40:16.895 200 GET /api/notes/M2JtadLCqpgV/blob with 1354 bytes took 0ms
13:40:17.897 204 PUT /api/notes/M2JtadLCqpgV/data with 0 bytes took 3ms
13:40:17.898 200 GET /api/notes/M2JtadLCqpgV/blob with 1363 bytes took 0ms
13:40:22.715 204 PUT /api/notes/M2JtadLCqpgV/data with 0 bytes took 3ms
13:40:22.720 200 GET /api/notes/M2JtadLCqpgV/blob with 1359 bytes took 0ms
13:40:23.718 204 PUT /api/notes/M2JtadLCqpgV/data with 0 bytes took 3ms
13:40:23.720 200 GET /api/notes/M2JtadLCqpgV/blob with 1370 bytes took 1ms
13:40:24.722 204 PUT /api/notes/M2JtadLCqpgV/data with 0 bytes took 3ms
13:40:24.725 200 GET /api/notes/M2JtadLCqpgV/blob with 1372 bytes took 1ms
13:40:25.729 204 PUT /api/notes/M2JtadLCqpgV/data with 0 bytes took 4ms
13:40:25.731 200 GET /api/notes/M2JtadLCqpgV/blob with 1386 bytes took 0ms
13:40:26.732 204 PUT /api/notes/M2JtadLCqpgV/data with 0 bytes took 3ms
13:40:26.734 200 GET /api/notes/M2JtadLCqpgV/blob with 1388 bytes took 0ms
13:40:27.736 204 PUT /api/notes/M2JtadLCqpgV/data with 0 bytes took 3ms
13:40:27.739 200 GET /api/notes/M2JtadLCqpgV/blob with 1396 bytes took 1ms
13:40:28.740 204 PUT /api/notes/M2JtadLCqpgV/data with 0 bytes took 3ms
13:40:28.742 200 GET /api/notes/M2JtadLCqpgV/blob with 1402 bytes took 0ms
13:40:29.745 204 PUT /api/notes/M2JtadLCqpgV/data with 0 bytes took 3ms
13:40:29.747 200 GET /api/notes/M2JtadLCqpgV/blob with 1408 bytes took 0ms
13:40:30.748 204 PUT /api/notes/M2JtadLCqpgV/data with 0 bytes took 2ms
13:40:30.750 200 GET /api/notes/M2JtadLCqpgV/blob with 1414 bytes took 0ms
13:40:31.751 204 PUT /api/notes/M2JtadLCqpgV/data with 0 bytes took 3ms
13:40:31.753 200 GET /api/notes/M2JtadLCqpgV/blob with 1408 bytes took 0ms
13:40:32.754 204 PUT /api/notes/M2JtadLCqpgV/data with 0 bytes took 2ms
13:40:32.756 200 GET /api/notes/M2JtadLCqpgV/blob with 1405 bytes took 0ms
13:40:33.757 204 PUT /api/notes/M2JtadLCqpgV/data with 0 bytes took 3ms
13:40:33.759 200 GET /api/notes/M2JtadLCqpgV/blob with 1409 bytes took 0ms
13:40:34.762 204 PUT /api/notes/M2JtadLCqpgV/data with 0 bytes took 3ms
13:40:34.764 200 GET /api/notes/M2JtadLCqpgV/blob with 1421 bytes took 0ms
13:40:35.766 204 PUT /api/notes/M2JtadLCqpgV/data with 0 bytes took 3ms
13:40:35.768 200 GET /api/notes/M2JtadLCqpgV/blob with 1423 bytes took 1ms
13:40:36.771 204 PUT /api/notes/M2JtadLCqpgV/data with 0 bytes took 3ms
13:40:36.772 200 GET /api/notes/M2JtadLCqpgV/blob with 1424 bytes took 0ms
13:40:50.774 DB size: 6418 KB
13:40:51.562 {
  "appVersion": "0.63.7",
  "dbVersion": 228,
  "nodeVersion": "v18.15.0",
  "syncVersion": 32,
  "buildDate": "2024-05-30T06:59:06+02:00",
  "buildRevision": "95d46b7ce7e0036eeb72b43e1815cc5c00dc214c",
  "dataDirectory": "/home/diener/.local/share/trilium-data",
  "clipperProtocolVersion": "1.0",
  "utcDateTime": "2026-08-18T18:40:50.773Z"
}
13:40:51.562 CPU model: AMD Ryzen 5 5500, logical cores: 12 freq: 4241 Mhz
13:40:51.563 Trusted reverse proxy: false
13:40:51.563 App HTTP server starting up at port 37840
13:40:51.566 Listening on port 37840
13:40:51.577 Becca (note cache) load took 11ms
13:40:51.679 Registered global shortcut Ctrl+Alt+P for action createNoteIntoInbox
13:40:51.704 Generated CSRF token rsrLUeio-ekFup241qpCMTkyLNhbKXf7_-sk with secret _csrf=sG4K3SAM9KaWBjRybuFqcPeV; Path=/
13:40:51.911 200 GET /api/options with 6789 bytes took 0ms
13:40:51.913 200 GET /api/tree with 10363 bytes took 1ms
13:40:51.916 200 GET /api/keyboard-actions with 14263 bytes took 1ms
13:40:51.917 200 GET /api/script/widgets with 2687 bytes took 1ms
13:40:51.919 200 POST /api/tree/load with 4750 bytes took 0ms
13:40:51.950 200 GET /api/keyboard-shortcuts-for-notes with 2 bytes took 1ms
13:40:51.976 200 POST /api/tree/load with 5896 bytes took 0ms
13:40:51.987 200 POST /api/tree/load with 18838 bytes took 0ms
13:40:52.335 200 GET /api/notes/M2JtadLCqpgV/blob with 1424 bytes took 1ms
13:40:52.336 200 GET /api/note-map/M2JtadLCqpgV/backlink-count with 11 bytes took 0ms
13:40:53.543 Slow 200 GET /api/notes/FViwfcMU2QIN/blob with 163 bytes took 10ms
13:40:53.544 200 GET /api/note-map/FViwfcMU2QIN/backlink-count with 11 bytes took 0ms
13:40:53.551 204 PUT /api/options with 0 bytes took 6ms
13:40:53.951 200 GET /api/script/startup with 2 bytes took 1ms
13:40:54.951 200 GET /api/notes/UHjTHCePC4C5/blob with 2388 bytes took 1ms
13:40:54.951 200 GET /api/note-map/UHjTHCePC4C5/backlink-count with 11 bytes took 0ms
13:40:54.956 204 PUT /api/options with 0 bytes took 1ms
13:40:55.563 200 GET /api/notes/mKzmTbJFxFh2/blob with 235 bytes took 0ms
13:40:55.564 200 GET /api/note-map/mKzmTbJFxFh2/backlink-count with 11 bytes took 0ms
13:40:55.581 Table counts: notes: 397, revisions: 5, attachments: 16, branches: 427, attributes: 567, etapi_tokens: 0, blobs: 141
13:40:55.596 All consistency checks passed with no errors detected (took 17ms)
13:40:55.959 204 PUT /api/options with 0 bytes took 1ms
13:40:56.555 200 GET /api/notes/URW4OR266pzt/blob with 155 bytes took 0ms
13:40:56.556 200 GET /api/note-map/URW4OR266pzt/backlink-count with 11 bytes took 0ms
13:40:56.960 204 PUT /api/options with 0 bytes took 1ms
13:40:57.138 200 GET /api/notes/lGqmcSt3LNE9/blob with 1086 bytes took 0ms
13:40:57.139 200 GET /api/note-map/lGqmcSt3LNE9/backlink-count with 11 bytes took 1ms
13:40:57.152 200 POST /api/tree/load with 3668 bytes took 1ms
13:40:57.960 204 PUT /api/options with 0 bytes took 0ms
13:40:59.740 200 GET /api/notes/FViwfcMU2QIN/blob with 163 bytes took 6ms
13:40:59.740 200 GET /api/note-map/FViwfcMU2QIN/backlink-count with 11 bytes took 0ms
13:40:59.741 204 PUT /api/options with 0 bytes took 0ms
13:45:51.613 Created backup at /home/diener/.local/share/trilium-data/backup/backup-daily.db
14:03:11.204 200 GET /api/notes/M2JtadLCqpgV/blob with 1424 bytes took 0ms
14:03:11.205 200 GET /api/note-map/M2JtadLCqpgV/backlink-count with 11 bytes took 0ms
14:03:11.209 204 PUT /api/options with 0 bytes took 1ms
14:03:13.016 204 PUT /api/notes/M2JtadLCqpgV/data with 0 bytes took 4ms
14:03:13.018 200 GET /api/notes/M2JtadLCqpgV/blob with 1437 bytes took 0ms
14:03:14.016 204 PUT /api/notes/M2JtadLCqpgV/data with 0 bytes took 2ms
14:03:14.019 200 GET /api/notes/M2JtadLCqpgV/blob with 1465 bytes took 1ms
14:03:15.022 204 PUT /api/notes/M2JtadLCqpgV/data with 0 bytes took 2ms
14:03:15.025 200 GET /api/notes/M2JtadLCqpgV/blob with 1467 bytes took 1ms
14:03:16.028 204 PUT /api/notes/M2JtadLCqpgV/data with 0 bytes took 1ms
14:03:16.031 200 GET /api/notes/M2JtadLCqpgV/blob with 1474 bytes took 0ms
14:03:17.035 204 PUT /api/notes/M2JtadLCqpgV/data with 0 bytes took 2ms
14:03:17.037 200 GET /api/notes/M2JtadLCqpgV/blob with 1477 bytes took 0ms
14:03:18.039 204 PUT /api/notes/M2JtadLCqpgV/data with 0 bytes took 3ms
14:03:18.041 200 GET /api/notes/M2JtadLCqpgV/blob with 1483 bytes took 0ms
14:03:19.043 204 PUT /api/notes/M2JtadLCqpgV/data with 0 bytes took 1ms
14:03:19.046 200 GET /api/notes/M2JtadLCqpgV/blob with 1496 bytes took 0ms
14:03:20.045 204 PUT /api/notes/M2JtadLCqpgV/data with 0 bytes took 1ms
14:03:20.048 200 GET /api/notes/M2JtadLCqpgV/blob with 1498 bytes took 0ms
14:03:21.048 204 PUT /api/notes/M2JtadLCqpgV/data with 0 bytes took 2ms
14:03:21.051 200 GET /api/notes/M2JtadLCqpgV/blob with 1505 bytes took 1ms
14:03:22.050 204 PUT /api/notes/M2JtadLCqpgV/data with 0 bytes took 1ms
14:03:22.052 200 GET /api/notes/M2JtadLCqpgV/blob with 1512 bytes took 0ms
14:03:23.057 204 PUT /api/notes/M2JtadLCqpgV/data with 0 bytes took 2ms
14:03:23.060 200 GET /api/notes/M2JtadLCqpgV/blob with 1518 bytes took 1ms
14:03:24.059 204 PUT /api/notes/M2JtadLCqpgV/data with 0 bytes took 2ms
14:03:24.061 200 GET /api/notes/M2JtadLCqpgV/blob with 1524 bytes took 0ms
14:03:25.063 204 PUT /api/notes/M2JtadLCqpgV/data with 0 bytes took 1ms
14:03:25.065 200 GET /api/notes/M2JtadLCqpgV/blob with 1529 bytes took 0ms
14:03:26.066 204 PUT /api/notes/M2JtadLCqpgV/data with 0 bytes took 1ms
14:03:26.068 200 GET /api/notes/M2JtadLCqpgV/blob with 1537 bytes took 0ms
14:03:27.071 204 PUT /api/notes/M2JtadLCqpgV/data with 0 bytes took 2ms
14:03:27.073 200 GET /api/notes/M2JtadLCqpgV/blob with 1538 bytes took 0ms
14:03:28.076 204 PUT /api/notes/M2JtadLCqpgV/data with 0 bytes took 1ms
14:03:28.078 200 GET /api/notes/M2JtadLCqpgV/blob with 1544 bytes took 0ms
14:03:29.081 204 PUT /api/notes/M2JtadLCqpgV/data with 0 bytes took 1ms
14:03:29.083 200 GET /api/notes/M2JtadLCqpgV/blob with 1549 bytes took 0ms
14:03:30.084 204 PUT /api/notes/M2JtadLCqpgV/data with 0 bytes took 2ms
14:03:30.086 200 GET /api/notes/M2JtadLCqpgV/blob with 1554 bytes took 0ms
14:03:31.086 204 PUT /api/notes/M2JtadLCqpgV/data with 0 bytes took 2ms
14:03:31.088 200 GET /api/notes/M2JtadLCqpgV/blob with 1561 bytes took 0ms
14:03:32.091 204 PUT /api/notes/M2JtadLCqpgV/data with 0 bytes took 2ms
14:03:32.093 200 GET /api/notes/M2JtadLCqpgV/blob with 1565 bytes took 1ms
14:03:33.096 204 PUT /api/notes/M2JtadLCqpgV/data with 0 bytes took 1ms
14:03:33.098 200 GET /api/notes/M2JtadLCqpgV/blob with 1564 bytes took 1ms
14:03:34.100 204 PUT /api/notes/M2JtadLCqpgV/data with 0 bytes took 1ms
14:03:35.103 204 PUT /api/notes/M2JtadLCqpgV/data with 0 bytes took 2ms
14:03:35.105 200 GET /api/notes/M2JtadLCqpgV/blob with 1568 bytes took 0ms
14:03:36.108 204 PUT /api/notes/M2JtadLCqpgV/data with 0 bytes took 1ms
14:03:36.111 200 GET /api/notes/M2JtadLCqpgV/blob with 1571 bytes took 1ms
14:03:37.113 204 PUT /api/notes/M2JtadLCqpgV/data with 0 bytes took 1ms
14:03:37.116 200 GET /api/notes/M2JtadLCqpgV/blob with 1579 bytes took 1ms
14:03:38.608 204 PUT /api/notes/M2JtadLCqpgV/data with 0 bytes took 1ms
14:03:38.610 200 GET /api/notes/M2JtadLCqpgV/blob with 1573 bytes took 0ms
14:03:39.614 204 PUT /api/notes/M2JtadLCqpgV/data with 0 bytes took 2ms
14:03:39.616 200 GET /api/notes/M2JtadLCqpgV/blob with 1577 bytes took 0ms
14:03:40.617 204 PUT /api/notes/M2JtadLCqpgV/data with 0 bytes took 1ms
14:03:40.619 200 GET /api/notes/M2JtadLCqpgV/blob with 1575 bytes took 0ms
14:03:41.622 204 PUT /api/notes/M2JtadLCqpgV/data with 0 bytes took 1ms
14:03:41.625 200 GET /api/notes/M2JtadLCqpgV/blob with 1576 bytes took 0ms
14:03:42.625 204 PUT /api/notes/M2JtadLCqpgV/data with 0 bytes took 2ms
14:03:42.628 200 GET /api/notes/M2JtadLCqpgV/blob with 1575 bytes took 1ms
14:03:43.628 204 PUT /api/notes/M2JtadLCqpgV/data with 0 bytes took 1ms
14:03:43.630 200 GET /api/notes/M2JtadLCqpgV/blob with 1578 bytes took 0ms
14:03:44.632 204 PUT /api/notes/M2JtadLCqpgV/data with 0 bytes took 2ms
14:03:44.633 200 GET /api/notes/M2JtadLCqpgV/blob with 1581 bytes took 0ms
14:11:04.164 204 PUT /api/notes/M2JtadLCqpgV/data with 0 bytes took 2ms
14:11:04.168 200 GET /api/notes/M2JtadLCqpgV/blob with 1594 bytes took 1ms
14:11:05.165 204 PUT /api/notes/M2JtadLCqpgV/data with 0 bytes took 1ms
14:11:05.167 200 GET /api/notes/M2JtadLCqpgV/blob with 1590 bytes took 0ms
14:11:06.169 204 PUT /api/notes/M2JtadLCqpgV/data with 0 bytes took 1ms
14:11:06.172 200 GET /api/notes/M2JtadLCqpgV/blob with 1596 bytes took 1ms
14:11:07.173 204 PUT /api/notes/M2JtadLCqpgV/data with 0 bytes took 2ms
14:11:07.175 200 GET /api/notes/M2JtadLCqpgV/blob with 1600 bytes took 0ms
14:11:08.177 204 PUT /api/notes/M2JtadLCqpgV/data with 0 bytes took 1ms
14:11:08.180 200 GET /api/notes/M2JtadLCqpgV/blob with 1603 bytes took 1ms
14:11:09.180 204 PUT /api/notes/M2JtadLCqpgV/data with 0 bytes took 1ms
14:11:09.183 200 GET /api/notes/M2JtadLCqpgV/blob with 1604 bytes took 0ms
14:11:10.185 204 PUT /api/notes/M2JtadLCqpgV/data with 0 bytes took 2ms
14:11:10.187 200 GET /api/notes/M2JtadLCqpgV/blob with 1608 bytes took 0ms
14:11:11.191 204 PUT /api/notes/M2JtadLCqpgV/data with 0 bytes took 1ms
14:11:11.194 200 GET /api/notes/M2JtadLCqpgV/blob with 1610 bytes took 0ms
14:11:12.193 204 PUT /api/notes/M2JtadLCqpgV/data with 0 bytes took 2ms
14:11:12.195 200 GET /api/notes/M2JtadLCqpgV/blob with 1611 bytes took 0ms
14:12:02.423 204 PUT /api/notes/M2JtadLCqpgV/data with 0 bytes took 2ms
14:12:02.427 200 GET /api/notes/M2JtadLCqpgV/blob with 1624 bytes took 0ms
14:12:13.975 Sending message to all clients: {"type":"taskProgressCount","taskId":"Vgaxe6Q6MF","taskType":"importNotes","data":{"safeImport":true,"shrinkImages":true,"textImportedAsText":true,"codeImportedAsCode":true,"explodeArchives":true,"replaceUnderscoresWithSpaces":true},"progressCount":0}
14:12:13.975 Saving image screenshot-2026-08-18.png into parent M2JtadLCqpgV
14:12:13.977 Created new note 'O3DAwfXLk4mm', branch 'M2JtadLCqpgV_O3DAwfXLk4mm' of type 'image', mime 'unknown'
14:12:14.065 Becca (note cache) load took 3ms
14:12:14.066 Slow 200 POST /api/notes/M2JtadLCqpgV/notes-import with 343 bytes took 91ms
14:12:14.814 Resizing image of 138305 took 793ms
14:12:15.063 Sending message to all clients: {"type":"taskSucceeded","taskId":"Vgaxe6Q6MF","taskType":"importNotes","data":{"safeImport":true,"shrinkImages":true,"textImportedAsText":true,"codeImportedAsCode":true,"explodeArchives":true,"replaceUnderscoresWithSpaces":true},"result":{"parentNoteId":"M2JtadLCqpgV","importedNoteId":"O3DAwfXLk4mm"}}
14:12:15.065 200 POST /api/tree/load with 3646 bytes took 0ms
14:12:15.095 200 GET /api/notes/O3DAwfXLk4mm/blob with 162 bytes took 0ms
14:12:15.095 200 GET /api/note-map/O3DAwfXLk4mm/backlink-count with 11 bytes took 0ms
14:12:15.096 200 GET /api/tree?subTreeNoteId=M2JtadLCqpgV with 3646 bytes took 0ms
14:12:15.097 204 PUT /api/options with 0 bytes took 0ms
14:12:15.107 204 PUT /api/branches/Ly1JT1SGA0d0_M2JtadLCqpgV/expanded/1 with 0 bytes took 1ms
14:12:16.909 200 GET /api/notes/M2JtadLCqpgV/blob with 1624 bytes took 1ms
14:12:16.909 200 GET /api/note-map/M2JtadLCqpgV/backlink-count with 11 bytes took 0ms
14:12:16.914 204 PUT /api/options with 0 bytes took 0ms
14:12:18.782 204 PUT /api/notes/M2JtadLCqpgV/data with 0 bytes took 1ms
14:12:18.785 200 GET /api/notes/M2JtadLCqpgV/blob with 1625 bytes took 0ms
14:12:19.792 204 PUT /api/notes/M2JtadLCqpgV/data with 0 bytes took 7ms
14:12:19.794 200 GET /api/notes/M2JtadLCqpgV/blob with 1634 bytes took 0ms
14:12:20.793 204 PUT /api/notes/M2JtadLCqpgV/data with 0 bytes took 4ms
14:12:20.795 200 GET /api/notes/M2JtadLCqpgV/blob with 1637 bytes took 0ms
14:12:21.796 204 PUT /api/notes/M2JtadLCqpgV/data with 0 bytes took 3ms
14:12:21.798 200 GET /api/notes/M2JtadLCqpgV/blob with 1645 bytes took 0ms
14:12:22.799 204 PUT /api/notes/M2JtadLCqpgV/data with 0 bytes took 3ms
14:12:22.802 200 GET /api/notes/M2JtadLCqpgV/blob with 1649 bytes took 1ms
14:12:23.803 204 PUT /api/notes/M2JtadLCqpgV/data with 0 bytes took 3ms
14:12:23.805 200 GET /api/notes/M2JtadLCqpgV/blob with 1656 bytes took 0ms
14:12:24.805 204 PUT /api/notes/M2JtadLCqpgV/data with 0 bytes took 2ms
14:12:24.807 200 GET /api/notes/M2JtadLCqpgV/blob with 1661 bytes took 0ms
14:12:25.809 204 PUT /api/notes/M2JtadLCqpgV/data with 0 bytes took 4ms
14:12:25.811 200 GET /api/notes/M2JtadLCqpgV/blob with 1667 bytes took 0ms
14:12:26.811 204 PUT /api/notes/M2JtadLCqpgV/data with 0 bytes took 3ms
14:12:26.813 200 GET /api/notes/M2JtadLCqpgV/blob with 1681 bytes took 0ms
14:12:27.815 204 PUT /api/notes/M2JtadLCqpgV/data with 0 bytes took 3ms
14:12:27.817 200 GET /api/notes/M2JtadLCqpgV/blob with 1682 bytes took 0ms
14:12:28.818 204 PUT /api/notes/M2JtadLCqpgV/data with 0 bytes took 3ms
14:12:28.819 200 GET /api/notes/M2JtadLCqpgV/blob with 1689 bytes took 0ms
14:12:29.820 204 PUT /api/notes/M2JtadLCqpgV/data with 0 bytes took 2ms
14:12:29.822 200 GET /api/notes/M2JtadLCqpgV/blob with 1697 bytes took 0ms
14:12:30.830 204 PUT /api/notes/M2JtadLCqpgV/data with 0 bytes took 3ms
14:12:30.832 200 GET /api/notes/M2JtadLCqpgV/blob with 1705 bytes took 0ms
14:12:31.832 204 PUT /api/notes/M2JtadLCqpgV/data with 0 bytes took 3ms
14:12:31.834 200 GET /api/notes/M2JtadLCqpgV/blob with 1711 bytes took 0ms
14:12:32.835 204 PUT /api/notes/M2JtadLCqpgV/data with 0 bytes took 3ms
14:12:32.837 200 GET /api/notes/M2JtadLCqpgV/blob with 1718 bytes took 0ms
14:12:33.841 204 PUT /api/notes/M2JtadLCqpgV/data with 0 bytes took 4ms
14:12:33.843 200 GET /api/notes/M2JtadLCqpgV/blob with 1721 bytes took 0ms
14:12:34.844 204 PUT /api/notes/M2JtadLCqpgV/data with 0 bytes took 2ms
14:12:34.846 200 GET /api/notes/M2JtadLCqpgV/blob with 1726 bytes took 0ms
14:12:35.850 204 PUT /api/notes/M2JtadLCqpgV/data with 0 bytes took 4ms
14:12:35.852 200 GET /api/notes/M2JtadLCqpgV/blob with 1731 bytes took 0ms
14:12:36.854 204 PUT /api/notes/M2JtadLCqpgV/data with 0 bytes took 2ms
14:12:36.856 200 GET /api/notes/M2JtadLCqpgV/blob with 1738 bytes took 0ms
14:12:37.858 204 PUT /api/notes/M2JtadLCqpgV/data with 0 bytes took 2ms
14:12:37.860 200 GET /api/notes/M2JtadLCqpgV/blob with 1749 bytes took 0ms
14:12:38.860 204 PUT /api/notes/M2JtadLCqpgV/data with 0 bytes took 1ms
14:12:38.862 200 GET /api/notes/M2JtadLCqpgV/blob with 1757 bytes took 0ms
14:12:39.863 204 PUT /api/notes/M2JtadLCqpgV/data with 0 bytes took 2ms
14:12:39.865 200 GET /api/notes/M2JtadLCqpgV/blob with 1763 bytes took 0ms
14:12:40.868 204 PUT /api/notes/M2JtadLCqpgV/data with 0 bytes took 3ms
14:12:40.871 200 GET /api/notes/M2JtadLCqpgV/blob with 1770 bytes took 1ms
14:12:43.056 204 PUT /api/notes/M2JtadLCqpgV/data with 0 bytes took 3ms
14:12:43.059 200 GET /api/notes/M2JtadLCqpgV/blob with 1766 bytes took 0ms
14:12:44.059 204 PUT /api/notes/M2JtadLCqpgV/data with 0 bytes took 2ms
14:12:44.061 200 GET /api/notes/M2JtadLCqpgV/blob with 1770 bytes took 0ms
14:12:45.063 204 PUT /api/notes/M2JtadLCqpgV/data with 0 bytes took 4ms
14:12:45.065 200 GET /api/notes/M2JtadLCqpgV/blob with 1770 bytes took 0ms
14:12:46.064 204 PUT /api/notes/M2JtadLCqpgV/data with 0 bytes took 3ms
14:12:46.067 200 GET /api/notes/M2JtadLCqpgV/blob with 1776 bytes took 1ms
14:12:47.067 204 PUT /api/notes/M2JtadLCqpgV/data with 0 bytes took 2ms
14:12:47.069 200 GET /api/notes/M2JtadLCqpgV/blob with 1784 bytes took 0ms
14:12:48.074 204 PUT /api/notes/M2JtadLCqpgV/data with 0 bytes took 4ms
14:12:48.075 200 GET /api/notes/M2JtadLCqpgV/blob with 1790 bytes took 0ms
14:12:49.079 204 PUT /api/notes/M2JtadLCqpgV/data with 0 bytes took 3ms
14:12:49.081 200 GET /api/notes/M2JtadLCqpgV/blob with 1798 bytes took 0ms
14:12:50.082 204 PUT /api/notes/M2JtadLCqpgV/data with 0 bytes took 3ms
14:12:50.084 200 GET /api/notes/M2JtadLCqpgV/blob with 1803 bytes took 0ms
14:12:51.087 204 PUT /api/notes/M2JtadLCqpgV/data with 0 bytes took 4ms
14:12:51.089 200 GET /api/notes/M2JtadLCqpgV/blob with 1817 bytes took 1ms
14:22:52.122 204 PUT /api/branches/Ly1JT1SGA0d0_UHjTHCePC4C5/expanded/0 with 0 bytes took 2ms
14:25:52.681 Created new note '9TObXTQUYFDt', branch 'Ly1JT1SGA0d0_9TObXTQUYFDt' of type 'text', mime 'text/html'
14:25:52.695 Slow 200 POST /api/notes/Ly1JT1SGA0d0/children?target=into&targetBranchId= with 554 bytes took 18ms
14:25:52.697 200 POST /api/tree/load with 3309 bytes took 0ms
14:25:52.710 200 GET /api/notes/9TObXTQUYFDt/blob with 155 bytes took 0ms
14:25:52.711 200 GET /api/note-map/9TObXTQUYFDt/backlink-count with 11 bytes took 0ms
14:25:52.717 204 PUT /api/options with 0 bytes took 1ms
14:25:54.246 200 PUT /api/notes/9TObXTQUYFDt/title with 320 bytes took 3ms
14:25:54.249 200 GET /api/notes/9TObXTQUYFDt/blob with 155 bytes took 0ms
14:25:55.524 200 PUT /api/notes/9TObXTQUYFDt/title with 321 bytes took 1ms
14:25:55.526 200 GET /api/notes/9TObXTQUYFDt/blob with 155 bytes took 0ms
14:25:56.527 200 PUT /api/notes/9TObXTQUYFDt/title with 322 bytes took 1ms
14:25:58.505 200 PUT /api/notes/9TObXTQUYFDt/title with 321 bytes took 2ms
14:25:58.507 200 GET /api/notes/9TObXTQUYFDt/blob with 155 bytes took 0ms
14:25:59.506 200 PUT /api/notes/9TObXTQUYFDt/title with 322 bytes took 2ms
14:26:00.527 Slow 200 PUT /api/notes/9TObXTQUYFDt/title with 323 bytes took 19ms
14:26:00.529 200 GET /api/notes/9TObXTQUYFDt/blob with 155 bytes took 0ms
14:26:01.511 200 PUT /api/notes/9TObXTQUYFDt/title with 326 bytes took 1ms
14:26:02.527 Slow 200 PUT /api/notes/9TObXTQUYFDt/title with 330 bytes took 12ms
14:26:02.529 200 GET /api/notes/9TObXTQUYFDt/blob with 155 bytes took 0ms
14:26:03.525 200 PUT /api/notes/9TObXTQUYFDt/title with 334 bytes took 5ms
14:26:04.526 200 PUT /api/notes/9TObXTQUYFDt/title with 335 bytes took 5ms
14:26:04.528 200 GET /api/notes/9TObXTQUYFDt/blob with 155 bytes took 0ms
14:26:05.558 Slow 200 PUT /api/notes/9TObXTQUYFDt/title with 332 bytes took 37ms
14:26:05.560 200 GET /api/notes/9TObXTQUYFDt/blob with 155 bytes took 0ms
14:26:06.544 Slow 200 PUT /api/notes/9TObXTQUYFDt/title with 335 bytes took 22ms
14:26:07.545 Slow 200 PUT /api/notes/9TObXTQUYFDt/title with 340 bytes took 18ms
14:26:07.548 200 GET /api/notes/9TObXTQUYFDt/blob with 155 bytes took 0ms
14:26:08.531 200 PUT /api/notes/9TObXTQUYFDt/title with 346 bytes took 1ms
14:26:09.534 200 PUT /api/notes/9TObXTQUYFDt/title with 347 bytes took 2ms
14:26:09.536 200 GET /api/notes/9TObXTQUYFDt/blob with 155 bytes took 1ms
14:36:10.570 204 PUT /api/branches/Ly1JT1SGA0d0_M2JtadLCqpgV/expanded/0 with 0 bytes took 2ms
14:40:51.566 Optimizing database
14:40:51.566 Optimization finished in 0ms.
14:40:51.579 Table counts: notes: 399, revisions: 6, attachments: 16, branches: 429, attributes: 568, etapi_tokens: 0, blobs: 143
14:40:51.584 All consistency checks passed with no errors detected (took 5ms)
23:02:16.644 Table counts: notes: 399, revisions: 6, attachments: 16, branches: 429, attributes: 568, etapi_tokens: 0, blobs: 143
23:02:16.648 All consistency checks passed with no errors detected (took 4ms)
