16:38:12.444 DB size: 6565 KB
16:38:13.182 {
  "appVersion": "0.63.7",
  "dbVersion": 228,
  "nodeVersion": "v18.15.0",
  "syncVersion": 32,
  "buildDate": "2024-05-30T06:59:06+02:00",
  "buildRevision": "95d46b7ce7e0036eeb72b43e1815cc5c00dc214c",
  "dataDirectory": "/home/diener/.local/share/trilium-data",
  "clipperProtocolVersion": "1.0",
  "utcDateTime": "2026-08-24T21:38:12.441Z"
}
16:38:13.182 CPU model: AMD Ryzen 5 5500, logical cores: 12 freq: 4241 Mhz
16:38:13.183 Trusted reverse proxy: false
16:38:13.183 App HTTP server starting up at port 37840
16:38:13.187 Listening on port 37840
16:38:13.195 Becca (note cache) load took 8ms
16:38:13.570 Registered global shortcut Ctrl+Alt+P for action createNoteIntoInbox
16:38:13.614 Generated CSRF token uqH7exlR-E9V5JdE0gsM_rVH0a2l4dUDl-Fw with secret _csrf=6evdapJZQ2-sJqQd1rBjChWt; Path=/
16:38:13.884 200 GET /api/options with 6832 bytes took 1ms
16:38:13.885 200 GET /api/tree with 7370 bytes took 1ms
16:38:13.886 200 GET /api/keyboard-actions with 14263 bytes took 0ms
16:38:13.888 200 GET /api/script/widgets with 2687 bytes took 1ms
16:38:13.889 200 POST /api/tree/load with 4880 bytes took 0ms
16:38:13.921 200 GET /api/keyboard-shortcuts-for-notes with 2 bytes took 1ms
16:38:13.950 200 POST /api/tree/load with 6026 bytes took 1ms
16:38:13.967 200 POST /api/tree/load with 18968 bytes took 0ms
16:38:14.313 200 GET /api/notes/W4Bg21iOONoV/blob with 498 bytes took 1ms
16:38:14.314 200 GET /api/note-map/W4Bg21iOONoV/backlink-count with 11 bytes took 1ms
16:38:15.922 200 GET /api/script/startup with 2 bytes took 1ms
16:38:16.865 200 GET /api/tree?subTreeNoteId=Yu8QnABxIjTK with 1893 bytes took 0ms
16:38:17.075 204 PUT /api/branches/root_Yu8QnABxIjTK/expanded/1 with 0 bytes took 2ms
16:38:17.200 Table counts: notes: 235, revisions: 8, attachments: 16, branches: 249, attributes: 340, etapi_tokens: 0, blobs: 144
16:38:17.218 All consistency checks passed with no errors detected (took 21ms)
16:38:17.876 200 GET /api/search-templates with 16 bytes took 1ms
16:38:17.876 200 POST /api/tree/load with 5778 bytes took 0ms
16:38:17.878 200 GET /api/search-templates with 16 bytes took 1ms
16:38:21.647 200 GET /api/notes/Yu8QnABxIjTK/blob with 268 bytes took 1ms
16:38:21.647 200 GET /api/note-map/Yu8QnABxIjTK/backlink-count with 11 bytes took 0ms
16:38:21.651 204 PUT /api/options with 0 bytes took 2ms
16:38:21.667 200 GET /api/notes/nhSEdL7w35Li/blob with 1014 bytes took 0ms
16:38:21.670 200 GET /api/notes/xbuG3js2yNkn/blob with 181 bytes took 0ms
16:38:22.684 Created new note 'kl1KvAiSvmka', branch 'Yu8QnABxIjTK_kl1KvAiSvmka' of type 'text', mime 'text/html'
16:38:22.685 200 POST /api/notes/Yu8QnABxIjTK/children?target=into&targetBranchId= with 554 bytes took 7ms
16:38:22.687 200 POST /api/tree/load with 1891 bytes took 1ms
16:38:22.699 200 GET /api/notes/kl1KvAiSvmka/blob with 155 bytes took 0ms
16:38:22.700 200 GET /api/note-map/kl1KvAiSvmka/backlink-count with 11 bytes took 1ms
16:38:22.702 204 PUT /api/options with 0 bytes took 1ms
16:38:24.522 200 PUT /api/notes/kl1KvAiSvmka/title with 320 bytes took 1ms
16:38:24.525 200 GET /api/notes/kl1KvAiSvmka/blob with 155 bytes took 1ms
16:38:25.525 200 PUT /api/notes/kl1KvAiSvmka/title with 323 bytes took 1ms
16:38:26.527 200 PUT /api/notes/kl1KvAiSvmka/title with 324 bytes took 1ms
16:38:26.531 200 GET /api/notes/kl1KvAiSvmka/blob with 155 bytes took 0ms
16:38:27.529 200 PUT /api/notes/kl1KvAiSvmka/title with 328 bytes took 2ms
16:38:29.791 200 GET /api/other/icon-usage with 334 bytes took 0ms
16:38:30.499 204 PUT /api/notes/kl1KvAiSvmka/set-attribute with 0 bytes took 3ms
16:38:32.749 200 GET /api/notes/kl1KvAiSvmka/blob with 155 bytes took 1ms
16:38:32.749 200 GET /api/note-map/kl1KvAiSvmka/backlink-count with 11 bytes took 0ms
16:38:32.752 204 PUT /api/options with 0 bytes took 1ms
16:38:33.054 200 GET /api/note-map/kl1KvAiSvmka/backlink-count with 11 bytes took 0ms
16:38:33.065 200 GET /api/tree?subTreeNoteId=kl1KvAiSvmka with 2041 bytes took 0ms
16:38:33.275 204 PUT /api/branches/Yu8QnABxIjTK_kl1KvAiSvmka/expanded/1 with 0 bytes took 0ms
16:38:33.350 200 GET /api/note-map/kl1KvAiSvmka/backlink-count with 11 bytes took 1ms
16:38:33.605 Created new note '2sSDyJub7XOY', branch 'kl1KvAiSvmka_2sSDyJub7XOY' of type 'text', mime 'text/html'
16:38:33.606 200 POST /api/notes/kl1KvAiSvmka/children?target=into&targetBranchId= with 554 bytes took 3ms
16:38:33.607 200 POST /api/tree/load with 2316 bytes took 0ms
16:38:33.618 200 GET /api/notes/2sSDyJub7XOY/blob with 155 bytes took 1ms
16:38:33.618 200 GET /api/note-map/2sSDyJub7XOY/backlink-count with 11 bytes took 0ms
16:38:33.753 204 PUT /api/options with 0 bytes took 1ms
16:38:35.033 200 PUT /api/notes/2sSDyJub7XOY/title with 320 bytes took 1ms
16:38:35.036 200 GET /api/notes/2sSDyJub7XOY/blob with 155 bytes took 1ms
16:38:36.037 200 PUT /api/notes/2sSDyJub7XOY/title with 325 bytes took 0ms
16:38:36.040 200 GET /api/notes/2sSDyJub7XOY/blob with 155 bytes took 0ms
16:38:37.039 200 PUT /api/notes/2sSDyJub7XOY/title with 329 bytes took 0ms
16:38:38.217 200 GET /api/notes/2sSDyJub7XOY/blob with 155 bytes took 0ms
16:38:39.117 204 PUT /api/notes/2sSDyJub7XOY/data with 0 bytes took 1ms
16:38:39.120 200 GET /api/notes/2sSDyJub7XOY/blob with 163 bytes took 1ms
16:38:40.121 204 PUT /api/notes/2sSDyJub7XOY/data with 0 bytes took 2ms
16:38:40.123 200 GET /api/notes/2sSDyJub7XOY/blob with 176 bytes took 0ms
16:38:41.123 204 PUT /api/notes/2sSDyJub7XOY/data with 0 bytes took 2ms
16:38:41.125 200 GET /api/notes/2sSDyJub7XOY/blob with 175 bytes took 0ms
16:38:42.125 204 PUT /api/notes/2sSDyJub7XOY/data with 0 bytes took 1ms
16:38:42.127 200 GET /api/notes/2sSDyJub7XOY/blob with 176 bytes took 0ms
16:38:43.126 204 PUT /api/notes/2sSDyJub7XOY/data with 0 bytes took 1ms
16:38:43.128 200 GET /api/notes/2sSDyJub7XOY/blob with 183 bytes took 0ms
16:38:44.130 204 PUT /api/notes/2sSDyJub7XOY/data with 0 bytes took 3ms
16:38:44.132 200 GET /api/notes/2sSDyJub7XOY/blob with 195 bytes took 0ms
16:38:45.132 204 PUT /api/notes/2sSDyJub7XOY/data with 0 bytes took 2ms
16:38:45.135 200 GET /api/notes/2sSDyJub7XOY/blob with 199 bytes took 1ms
16:38:46.140 204 PUT /api/notes/2sSDyJub7XOY/data with 0 bytes took 7ms
16:38:46.143 200 GET /api/notes/2sSDyJub7XOY/blob with 212 bytes took 1ms
16:38:47.141 204 PUT /api/notes/2sSDyJub7XOY/data with 0 bytes took 4ms
16:38:47.143 200 GET /api/notes/2sSDyJub7XOY/blob with 215 bytes took 0ms
16:38:48.140 204 PUT /api/notes/2sSDyJub7XOY/data with 0 bytes took 2ms
16:38:48.142 200 GET /api/notes/2sSDyJub7XOY/blob with 227 bytes took 1ms
16:38:49.142 204 PUT /api/notes/2sSDyJub7XOY/data with 0 bytes took 2ms
16:38:49.144 200 GET /api/notes/2sSDyJub7XOY/blob with 229 bytes took 0ms
16:38:50.147 204 PUT /api/notes/2sSDyJub7XOY/data with 0 bytes took 1ms
16:38:50.150 200 GET /api/notes/2sSDyJub7XOY/blob with 232 bytes took 1ms
16:38:51.152 204 PUT /api/notes/2sSDyJub7XOY/data with 0 bytes took 1ms
16:38:51.155 200 GET /api/notes/2sSDyJub7XOY/blob with 244 bytes took 1ms
16:38:52.156 204 PUT /api/notes/2sSDyJub7XOY/data with 0 bytes took 3ms
16:38:52.158 200 GET /api/notes/2sSDyJub7XOY/blob with 237 bytes took 0ms
16:38:53.160 204 PUT /api/notes/2sSDyJub7XOY/data with 0 bytes took 1ms
16:38:53.161 200 GET /api/notes/2sSDyJub7XOY/blob with 228 bytes took 0ms
16:38:54.161 204 PUT /api/notes/2sSDyJub7XOY/data with 0 bytes took 2ms
16:38:54.163 200 GET /api/notes/2sSDyJub7XOY/blob with 232 bytes took 0ms
16:38:55.164 204 PUT /api/notes/2sSDyJub7XOY/data with 0 bytes took 1ms
16:38:55.166 200 GET /api/notes/2sSDyJub7XOY/blob with 225 bytes took 0ms
16:38:56.165 204 PUT /api/notes/2sSDyJub7XOY/data with 0 bytes took 1ms
16:38:56.167 200 GET /api/notes/2sSDyJub7XOY/blob with 232 bytes took 0ms
16:38:57.171 204 PUT /api/notes/2sSDyJub7XOY/data with 0 bytes took 2ms
16:38:57.173 200 GET /api/notes/2sSDyJub7XOY/blob with 236 bytes took 0ms
16:38:58.172 204 PUT /api/notes/2sSDyJub7XOY/data with 0 bytes took 2ms
16:38:58.174 200 GET /api/notes/2sSDyJub7XOY/blob with 241 bytes took 0ms
16:38:59.173 204 PUT /api/notes/2sSDyJub7XOY/data with 0 bytes took 1ms
16:38:59.175 200 GET /api/notes/2sSDyJub7XOY/blob with 248 bytes took 0ms
16:39:00.177 204 PUT /api/notes/2sSDyJub7XOY/data with 0 bytes took 1ms
16:39:00.180 200 GET /api/notes/2sSDyJub7XOY/blob with 258 bytes took 0ms
16:39:01.183 204 PUT /api/notes/2sSDyJub7XOY/data with 0 bytes took 2ms
16:39:01.185 200 GET /api/notes/2sSDyJub7XOY/blob with 271 bytes took 0ms
16:39:02.185 204 PUT /api/notes/2sSDyJub7XOY/data with 0 bytes took 2ms
16:39:02.188 200 GET /api/notes/2sSDyJub7XOY/blob with 274 bytes took 0ms
16:39:03.189 204 PUT /api/notes/2sSDyJub7XOY/data with 0 bytes took 1ms
16:39:03.191 200 GET /api/notes/2sSDyJub7XOY/blob with 280 bytes took 0ms
16:39:04.190 204 PUT /api/notes/2sSDyJub7XOY/data with 0 bytes took 1ms
16:39:04.192 200 GET /api/notes/2sSDyJub7XOY/blob with 284 bytes took 0ms
16:39:05.195 204 PUT /api/notes/2sSDyJub7XOY/data with 0 bytes took 1ms
16:39:05.197 200 GET /api/notes/2sSDyJub7XOY/blob with 286 bytes took 0ms
16:39:06.196 204 PUT /api/notes/2sSDyJub7XOY/data with 0 bytes took 1ms
16:39:06.199 200 GET /api/notes/2sSDyJub7XOY/blob with 292 bytes took 0ms
16:39:07.201 204 PUT /api/notes/2sSDyJub7XOY/data with 0 bytes took 3ms
16:39:07.203 200 GET /api/notes/2sSDyJub7XOY/blob with 297 bytes took 0ms
16:39:08.203 204 PUT /api/notes/2sSDyJub7XOY/data with 0 bytes took 1ms
16:39:08.205 200 GET /api/notes/2sSDyJub7XOY/blob with 305 bytes took 0ms
16:39:09.207 204 PUT /api/notes/2sSDyJub7XOY/data with 0 bytes took 1ms
16:39:09.210 200 GET /api/notes/2sSDyJub7XOY/blob with 302 bytes took 0ms
16:39:10.212 204 PUT /api/notes/2sSDyJub7XOY/data with 0 bytes took 2ms
16:39:10.214 200 GET /api/notes/2sSDyJub7XOY/blob with 308 bytes took 0ms
16:39:11.684 204 PUT /api/notes/2sSDyJub7XOY/data with 0 bytes took 1ms
16:39:11.686 200 GET /api/notes/2sSDyJub7XOY/blob with 304 bytes took 0ms
16:39:12.690 204 PUT /api/notes/2sSDyJub7XOY/data with 0 bytes took 3ms
16:39:12.692 200 GET /api/notes/2sSDyJub7XOY/blob with 310 bytes took 0ms
16:39:13.693 204 PUT /api/notes/2sSDyJub7XOY/data with 0 bytes took 1ms
16:39:13.696 200 GET /api/notes/2sSDyJub7XOY/blob with 316 bytes took 0ms
16:39:14.698 204 PUT /api/notes/2sSDyJub7XOY/data with 0 bytes took 1ms
16:39:14.700 200 GET /api/notes/2sSDyJub7XOY/blob with 326 bytes took 0ms
16:39:15.700 204 PUT /api/notes/2sSDyJub7XOY/data with 0 bytes took 1ms
16:39:15.703 200 GET /api/notes/2sSDyJub7XOY/blob with 325 bytes took 0ms
16:39:16.702 204 PUT /api/notes/2sSDyJub7XOY/data with 0 bytes took 1ms
16:39:16.705 200 GET /api/notes/2sSDyJub7XOY/blob with 327 bytes took 1ms
16:39:17.706 204 PUT /api/notes/2sSDyJub7XOY/data with 0 bytes took 3ms
16:39:17.708 200 GET /api/notes/2sSDyJub7XOY/blob with 328 bytes took 0ms
16:39:18.709 204 PUT /api/notes/2sSDyJub7XOY/data with 0 bytes took 2ms
16:39:18.711 200 GET /api/notes/2sSDyJub7XOY/blob with 330 bytes took 1ms
16:39:19.713 204 PUT /api/notes/2sSDyJub7XOY/data with 0 bytes took 2ms
16:39:19.715 200 GET /api/notes/2sSDyJub7XOY/blob with 337 bytes took 0ms
16:39:20.717 204 PUT /api/notes/2sSDyJub7XOY/data with 0 bytes took 2ms
16:39:20.719 200 GET /api/notes/2sSDyJub7XOY/blob with 341 bytes took 0ms
16:39:21.721 204 PUT /api/notes/2sSDyJub7XOY/data with 0 bytes took 1ms
16:39:21.723 200 GET /api/notes/2sSDyJub7XOY/blob with 337 bytes took 0ms
16:39:23.324 204 PUT /api/notes/2sSDyJub7XOY/data with 0 bytes took 2ms
16:39:23.326 200 GET /api/notes/2sSDyJub7XOY/blob with 350 bytes took 0ms
16:39:24.326 204 PUT /api/notes/2sSDyJub7XOY/data with 0 bytes took 2ms
16:39:24.328 200 GET /api/notes/2sSDyJub7XOY/blob with 346 bytes took 0ms
16:39:25.328 204 PUT /api/notes/2sSDyJub7XOY/data with 0 bytes took 2ms
16:39:25.330 200 GET /api/notes/2sSDyJub7XOY/blob with 357 bytes took 0ms
16:39:26.332 204 PUT /api/notes/2sSDyJub7XOY/data with 0 bytes took 2ms
16:39:26.334 200 GET /api/notes/2sSDyJub7XOY/blob with 361 bytes took 0ms
16:39:27.336 204 PUT /api/notes/2sSDyJub7XOY/data with 0 bytes took 2ms
16:39:27.338 200 GET /api/notes/2sSDyJub7XOY/blob with 371 bytes took 0ms
16:39:28.341 204 PUT /api/notes/2sSDyJub7XOY/data with 0 bytes took 2ms
16:39:28.343 200 GET /api/notes/2sSDyJub7XOY/blob with 374 bytes took 0ms
16:39:29.343 204 PUT /api/notes/2sSDyJub7XOY/data with 0 bytes took 2ms
16:39:29.345 200 GET /api/notes/2sSDyJub7XOY/blob with 379 bytes took 0ms
16:39:30.347 204 PUT /api/notes/2sSDyJub7XOY/data with 0 bytes took 1ms
16:39:30.349 200 GET /api/notes/2sSDyJub7XOY/blob with 380 bytes took 0ms
16:39:31.352 204 PUT /api/notes/2sSDyJub7XOY/data with 0 bytes took 1ms
16:39:31.354 200 GET /api/notes/2sSDyJub7XOY/blob with 387 bytes took 0ms
16:39:32.355 204 PUT /api/notes/2sSDyJub7XOY/data with 0 bytes took 2ms
16:39:32.358 200 GET /api/notes/2sSDyJub7XOY/blob with 392 bytes took 1ms
16:39:33.356 204 PUT /api/notes/2sSDyJub7XOY/data with 0 bytes took 1ms
16:39:33.358 200 GET /api/notes/2sSDyJub7XOY/blob with 405 bytes took 1ms
16:39:34.360 204 PUT /api/notes/2sSDyJub7XOY/data with 0 bytes took 1ms
16:39:34.362 200 GET /api/notes/2sSDyJub7XOY/blob with 405 bytes took 0ms
16:39:35.364 204 PUT /api/notes/2sSDyJub7XOY/data with 0 bytes took 1ms
16:39:35.366 200 GET /api/notes/2sSDyJub7XOY/blob with 409 bytes took 0ms
16:39:36.366 204 PUT /api/notes/2sSDyJub7XOY/data with 0 bytes took 1ms
16:39:36.368 200 GET /api/notes/2sSDyJub7XOY/blob with 415 bytes took 0ms
16:39:48.600 204 PUT /api/notes/2sSDyJub7XOY/data with 0 bytes took 1ms
16:39:48.605 200 GET /api/notes/2sSDyJub7XOY/blob with 409 bytes took 0ms
16:39:49.603 204 PUT /api/notes/2sSDyJub7XOY/data with 0 bytes took 2ms
16:39:49.605 200 GET /api/notes/2sSDyJub7XOY/blob with 414 bytes took 0ms
16:39:50.612 204 PUT /api/notes/2sSDyJub7XOY/data with 0 bytes took 7ms
16:39:50.614 200 GET /api/notes/2sSDyJub7XOY/blob with 420 bytes took 0ms
16:39:51.613 204 PUT /api/notes/2sSDyJub7XOY/data with 0 bytes took 4ms
16:39:51.615 200 GET /api/notes/2sSDyJub7XOY/blob with 426 bytes took 0ms
16:39:52.612 204 PUT /api/notes/2sSDyJub7XOY/data with 0 bytes took 2ms
16:39:52.614 200 GET /api/notes/2sSDyJub7XOY/blob with 434 bytes took 0ms
16:39:53.615 204 PUT /api/notes/2sSDyJub7XOY/data with 0 bytes took 1ms
16:39:53.617 200 GET /api/notes/2sSDyJub7XOY/blob with 441 bytes took 0ms
16:39:54.620 204 PUT /api/notes/2sSDyJub7XOY/data with 0 bytes took 2ms
16:39:54.622 200 GET /api/notes/2sSDyJub7XOY/blob with 446 bytes took 0ms
16:39:55.622 204 PUT /api/notes/2sSDyJub7XOY/data with 0 bytes took 2ms
16:39:55.624 200 GET /api/notes/2sSDyJub7XOY/blob with 445 bytes took 0ms
16:39:56.625 204 PUT /api/notes/2sSDyJub7XOY/data with 0 bytes took 3ms
16:39:56.627 200 GET /api/notes/2sSDyJub7XOY/blob with 453 bytes took 0ms
16:39:57.625 204 PUT /api/notes/2sSDyJub7XOY/data with 0 bytes took 1ms
16:39:57.627 200 GET /api/notes/2sSDyJub7XOY/blob with 460 bytes took 0ms
16:39:58.630 204 PUT /api/notes/2sSDyJub7XOY/data with 0 bytes took 1ms
16:39:58.633 200 GET /api/notes/2sSDyJub7XOY/blob with 470 bytes took 1ms
16:39:59.635 204 PUT /api/notes/2sSDyJub7XOY/data with 0 bytes took 2ms
16:39:59.637 200 GET /api/notes/2sSDyJub7XOY/blob with 476 bytes took 0ms
16:40:00.637 204 PUT /api/notes/2sSDyJub7XOY/data with 0 bytes took 2ms
16:40:00.642 200 GET /api/notes/2sSDyJub7XOY/blob with 485 bytes took 1ms
16:40:01.641 204 PUT /api/notes/2sSDyJub7XOY/data with 0 bytes took 3ms
16:40:01.644 200 GET /api/notes/2sSDyJub7XOY/blob with 493 bytes took 0ms
16:40:02.643 204 PUT /api/notes/2sSDyJub7XOY/data with 0 bytes took 1ms
16:40:02.645 200 GET /api/notes/2sSDyJub7XOY/blob with 500 bytes took 0ms
16:40:03.645 204 PUT /api/notes/2sSDyJub7XOY/data with 0 bytes took 1ms
16:40:03.647 200 GET /api/notes/2sSDyJub7XOY/blob with 508 bytes took 0ms
16:40:04.650 204 PUT /api/notes/2sSDyJub7XOY/data with 0 bytes took 1ms
16:40:04.653 200 GET /api/notes/2sSDyJub7XOY/blob with 516 bytes took 0ms
16:40:05.652 204 PUT /api/notes/2sSDyJub7XOY/data with 0 bytes took 1ms
16:40:05.654 200 GET /api/notes/2sSDyJub7XOY/blob with 524 bytes took 0ms
16:40:06.656 204 PUT /api/notes/2sSDyJub7XOY/data with 0 bytes took 3ms
16:40:06.658 200 GET /api/notes/2sSDyJub7XOY/blob with 531 bytes took 0ms
16:40:07.657 204 PUT /api/notes/2sSDyJub7XOY/data with 0 bytes took 2ms
16:40:07.659 200 GET /api/notes/2sSDyJub7XOY/blob with 537 bytes took 0ms
16:40:08.660 204 PUT /api/notes/2sSDyJub7XOY/data with 0 bytes took 2ms
16:40:08.662 200 GET /api/notes/2sSDyJub7XOY/blob with 545 bytes took 0ms
16:40:09.661 204 PUT /api/notes/2sSDyJub7XOY/data with 0 bytes took 1ms
16:40:09.664 200 GET /api/notes/2sSDyJub7XOY/blob with 550 bytes took 1ms
16:40:15.210 204 PUT /api/notes/2sSDyJub7XOY/data with 0 bytes took 2ms
16:40:15.214 200 GET /api/notes/2sSDyJub7XOY/blob with 551 bytes took 0ms
16:40:16.214 204 PUT /api/notes/2sSDyJub7XOY/data with 0 bytes took 1ms
16:40:16.217 200 GET /api/notes/2sSDyJub7XOY/blob with 554 bytes took 1ms
16:40:17.220 204 PUT /api/notes/2sSDyJub7XOY/data with 0 bytes took 2ms
16:40:17.222 200 GET /api/notes/2sSDyJub7XOY/blob with 553 bytes took 0ms
16:40:18.222 204 PUT /api/notes/2sSDyJub7XOY/data with 0 bytes took 2ms
16:40:18.224 200 GET /api/notes/2sSDyJub7XOY/blob with 555 bytes took 0ms
16:40:19.224 204 PUT /api/notes/2sSDyJub7XOY/data with 0 bytes took 2ms
16:40:19.226 200 GET /api/notes/2sSDyJub7XOY/blob with 582 bytes took 1ms
16:40:20.229 204 PUT /api/notes/2sSDyJub7XOY/data with 0 bytes took 3ms
16:40:20.231 200 GET /api/notes/2sSDyJub7XOY/blob with 569 bytes took 0ms
16:40:21.231 204 PUT /api/notes/2sSDyJub7XOY/data with 0 bytes took 1ms
16:40:21.234 200 GET /api/notes/2sSDyJub7XOY/blob with 571 bytes took 0ms
16:40:22.235 204 PUT /api/notes/2sSDyJub7XOY/data with 0 bytes took 1ms
16:40:22.237 200 GET /api/notes/2sSDyJub7XOY/blob with 567 bytes took 0ms
16:40:23.239 204 PUT /api/notes/2sSDyJub7XOY/data with 0 bytes took 2ms
16:40:23.241 200 GET /api/notes/2sSDyJub7XOY/blob with 577 bytes took 0ms
16:40:24.243 204 PUT /api/notes/2sSDyJub7XOY/data with 0 bytes took 1ms
16:40:24.246 200 GET /api/notes/2sSDyJub7XOY/blob with 581 bytes took 1ms
16:40:25.246 204 PUT /api/notes/2sSDyJub7XOY/data with 0 bytes took 2ms
16:40:25.248 200 GET /api/notes/2sSDyJub7XOY/blob with 588 bytes took 0ms
16:40:26.247 204 PUT /api/notes/2sSDyJub7XOY/data with 0 bytes took 2ms
16:40:26.249 200 GET /api/notes/2sSDyJub7XOY/blob with 596 bytes took 0ms
16:40:27.249 204 PUT /api/notes/2sSDyJub7XOY/data with 0 bytes took 1ms
16:40:27.251 200 GET /api/notes/2sSDyJub7XOY/blob with 602 bytes took 0ms
16:40:28.254 204 PUT /api/notes/2sSDyJub7XOY/data with 0 bytes took 1ms
16:40:28.256 200 GET /api/notes/2sSDyJub7XOY/blob with 607 bytes took 0ms
16:40:29.256 204 PUT /api/notes/2sSDyJub7XOY/data with 0 bytes took 1ms
16:40:29.260 200 GET /api/notes/2sSDyJub7XOY/blob with 620 bytes took 1ms
16:40:30.263 204 PUT /api/notes/2sSDyJub7XOY/data with 0 bytes took 3ms
16:40:30.267 200 GET /api/notes/2sSDyJub7XOY/blob with 623 bytes took 0ms
16:40:31.266 204 PUT /api/notes/2sSDyJub7XOY/data with 0 bytes took 1ms
16:40:31.268 200 GET /api/notes/2sSDyJub7XOY/blob with 637 bytes took 1ms
16:40:32.269 204 PUT /api/notes/2sSDyJub7XOY/data with 0 bytes took 2ms
16:40:32.271 200 GET /api/notes/2sSDyJub7XOY/blob with 639 bytes took 0ms
16:40:33.273 204 PUT /api/notes/2sSDyJub7XOY/data with 0 bytes took 1ms
16:40:33.275 200 GET /api/notes/2sSDyJub7XOY/blob with 649 bytes took 0ms
16:40:34.275 204 PUT /api/notes/2sSDyJub7XOY/data with 0 bytes took 1ms
16:40:34.277 200 GET /api/notes/2sSDyJub7XOY/blob with 649 bytes took 0ms
16:40:35.281 204 PUT /api/notes/2sSDyJub7XOY/data with 0 bytes took 3ms
16:40:35.283 200 GET /api/notes/2sSDyJub7XOY/blob with 662 bytes took 0ms
16:40:36.284 204 PUT /api/notes/2sSDyJub7XOY/data with 0 bytes took 1ms
16:40:36.286 200 GET /api/notes/2sSDyJub7XOY/blob with 661 bytes took 0ms
16:40:37.286 204 PUT /api/notes/2sSDyJub7XOY/data with 0 bytes took 1ms
16:40:37.288 200 GET /api/notes/2sSDyJub7XOY/blob with 663 bytes took 0ms
16:40:38.291 204 PUT /api/notes/2sSDyJub7XOY/data with 0 bytes took 1ms
16:40:38.294 200 GET /api/notes/2sSDyJub7XOY/blob with 666 bytes took 1ms
16:40:39.293 204 PUT /api/notes/2sSDyJub7XOY/data with 0 bytes took 1ms
16:40:39.296 200 GET /api/notes/2sSDyJub7XOY/blob with 667 bytes took 1ms
16:40:40.298 204 PUT /api/notes/2sSDyJub7XOY/data with 0 bytes took 3ms
16:40:40.300 200 GET /api/notes/2sSDyJub7XOY/blob with 672 bytes took 0ms
16:40:41.300 204 PUT /api/notes/2sSDyJub7XOY/data with 0 bytes took 2ms
16:40:41.302 200 GET /api/notes/2sSDyJub7XOY/blob with 680 bytes took 0ms
16:40:42.304 204 PUT /api/notes/2sSDyJub7XOY/data with 0 bytes took 1ms
16:40:42.306 200 GET /api/notes/2sSDyJub7XOY/blob with 684 bytes took 0ms
16:40:43.308 204 PUT /api/notes/2sSDyJub7XOY/data with 0 bytes took 1ms
16:40:43.310 200 GET /api/notes/2sSDyJub7XOY/blob with 695 bytes took 0ms
16:40:44.312 204 PUT /api/notes/2sSDyJub7XOY/data with 0 bytes took 2ms
16:40:44.314 200 GET /api/notes/2sSDyJub7XOY/blob with 699 bytes took 0ms
16:40:45.316 204 PUT /api/notes/2sSDyJub7XOY/data with 0 bytes took 1ms
16:40:45.319 200 GET /api/notes/2sSDyJub7XOY/blob with 708 bytes took 1ms
16:40:46.319 204 PUT /api/notes/2sSDyJub7XOY/data with 0 bytes took 2ms
16:40:46.321 200 GET /api/notes/2sSDyJub7XOY/blob with 711 bytes took 0ms
16:43:13.230 Created backup at /home/diener/.local/share/trilium-data/backup/backup-daily.db
16:43:33.727 204 PUT /api/notes/2sSDyJub7XOY/data with 0 bytes took 4ms
16:43:33.731 200 GET /api/notes/2sSDyJub7XOY/blob with 724 bytes took 0ms
16:43:34.727 204 PUT /api/notes/2sSDyJub7XOY/data with 0 bytes took 1ms
16:43:34.729 200 GET /api/notes/2sSDyJub7XOY/blob with 721 bytes took 0ms
16:43:35.729 204 PUT /api/notes/2sSDyJub7XOY/data with 0 bytes took 1ms
16:43:35.732 200 GET /api/notes/2sSDyJub7XOY/blob with 726 bytes took 1ms
16:43:36.731 204 PUT /api/notes/2sSDyJub7XOY/data with 0 bytes took 2ms
16:43:36.733 200 GET /api/notes/2sSDyJub7XOY/blob with 731 bytes took 0ms
16:43:37.736 204 PUT /api/notes/2sSDyJub7XOY/data with 0 bytes took 2ms
16:43:37.739 200 GET /api/notes/2sSDyJub7XOY/blob with 727 bytes took 1ms
16:43:38.740 204 PUT /api/notes/2sSDyJub7XOY/data with 0 bytes took 2ms
16:43:38.742 200 GET /api/notes/2sSDyJub7XOY/blob with 732 bytes took 0ms
16:43:39.744 204 PUT /api/notes/2sSDyJub7XOY/data with 0 bytes took 1ms
16:43:39.746 200 GET /api/notes/2sSDyJub7XOY/blob with 741 bytes took 0ms
16:43:40.747 204 PUT /api/notes/2sSDyJub7XOY/data with 0 bytes took 2ms
16:43:40.749 200 GET /api/notes/2sSDyJub7XOY/blob with 747 bytes took 0ms
16:43:41.750 204 PUT /api/notes/2sSDyJub7XOY/data with 0 bytes took 2ms
16:43:41.752 200 GET /api/notes/2sSDyJub7XOY/blob with 743 bytes took 0ms
16:43:42.752 204 PUT /api/notes/2sSDyJub7XOY/data with 0 bytes took 2ms
16:43:42.754 200 GET /api/notes/2sSDyJub7XOY/blob with 748 bytes took 0ms
16:43:43.757 204 PUT /api/notes/2sSDyJub7XOY/data with 0 bytes took 2ms
16:43:43.759 200 GET /api/notes/2sSDyJub7XOY/blob with 743 bytes took 0ms
16:43:44.758 204 PUT /api/notes/2sSDyJub7XOY/data with 0 bytes took 1ms
16:43:44.760 200 GET /api/notes/2sSDyJub7XOY/blob with 748 bytes took 0ms
16:43:45.763 204 PUT /api/notes/2sSDyJub7XOY/data with 0 bytes took 1ms
16:43:45.765 200 GET /api/notes/2sSDyJub7XOY/blob with 757 bytes took 0ms
16:43:46.768 204 PUT /api/notes/2sSDyJub7XOY/data with 0 bytes took 1ms
16:43:46.770 200 GET /api/notes/2sSDyJub7XOY/blob with 761 bytes took 0ms
16:43:47.771 204 PUT /api/notes/2sSDyJub7XOY/data with 0 bytes took 2ms
16:43:47.773 200 GET /api/notes/2sSDyJub7XOY/blob with 760 bytes took 0ms
16:43:48.775 204 PUT /api/notes/2sSDyJub7XOY/data with 0 bytes took 2ms
16:43:48.777 200 GET /api/notes/2sSDyJub7XOY/blob with 767 bytes took 0ms
16:43:49.778 204 PUT /api/notes/2sSDyJub7XOY/data with 0 bytes took 1ms
16:43:49.780 200 GET /api/notes/2sSDyJub7XOY/blob with 770 bytes took 0ms
16:43:50.921 204 PUT /api/notes/2sSDyJub7XOY/data with 0 bytes took 2ms
16:43:50.923 200 GET /api/notes/2sSDyJub7XOY/blob with 771 bytes took 0ms
16:43:51.923 204 PUT /api/notes/2sSDyJub7XOY/data with 0 bytes took 1ms
16:43:51.925 200 GET /api/notes/2sSDyJub7XOY/blob with 778 bytes took 0ms
16:43:52.928 204 PUT /api/notes/2sSDyJub7XOY/data with 0 bytes took 1ms
16:43:52.930 200 GET /api/notes/2sSDyJub7XOY/blob with 776 bytes took 0ms
16:43:53.933 204 PUT /api/notes/2sSDyJub7XOY/data with 0 bytes took 1ms
16:43:53.935 200 GET /api/notes/2sSDyJub7XOY/blob with 783 bytes took 0ms
16:43:54.935 204 PUT /api/notes/2sSDyJub7XOY/data with 0 bytes took 2ms
16:43:54.937 200 GET /api/notes/2sSDyJub7XOY/blob with 788 bytes took 0ms
16:43:55.939 204 PUT /api/notes/2sSDyJub7XOY/data with 0 bytes took 1ms
16:43:55.941 200 GET /api/notes/2sSDyJub7XOY/blob with 794 bytes took 0ms
16:43:56.942 204 PUT /api/notes/2sSDyJub7XOY/data with 0 bytes took 1ms
16:43:56.944 200 GET /api/notes/2sSDyJub7XOY/blob with 789 bytes took 0ms
16:43:57.946 204 PUT /api/notes/2sSDyJub7XOY/data with 0 bytes took 1ms
16:43:57.948 200 GET /api/notes/2sSDyJub7XOY/blob with 801 bytes took 0ms
16:43:58.950 204 PUT /api/notes/2sSDyJub7XOY/data with 0 bytes took 3ms
16:43:58.952 200 GET /api/notes/2sSDyJub7XOY/blob with 801 bytes took 0ms
16:43:59.953 204 PUT /api/notes/2sSDyJub7XOY/data with 0 bytes took 1ms
16:43:59.955 200 GET /api/notes/2sSDyJub7XOY/blob with 806 bytes took 0ms
16:44:00.957 204 PUT /api/notes/2sSDyJub7XOY/data with 0 bytes took 1ms
16:44:00.960 200 GET /api/notes/2sSDyJub7XOY/blob with 812 bytes took 0ms
16:44:01.962 204 PUT /api/notes/2sSDyJub7XOY/data with 0 bytes took 1ms
16:44:01.964 200 GET /api/notes/2sSDyJub7XOY/blob with 821 bytes took 0ms
16:44:02.964 204 PUT /api/notes/2sSDyJub7XOY/data with 0 bytes took 2ms
16:44:02.966 200 GET /api/notes/2sSDyJub7XOY/blob with 822 bytes took 0ms
16:44:03.969 204 PUT /api/notes/2sSDyJub7XOY/data with 0 bytes took 3ms
16:44:03.971 200 GET /api/notes/2sSDyJub7XOY/blob with 824 bytes took 1ms
16:44:04.972 204 PUT /api/notes/2sSDyJub7XOY/data with 0 bytes took 2ms
16:44:04.974 200 GET /api/notes/2sSDyJub7XOY/blob with 831 bytes took 0ms
16:44:05.973 204 PUT /api/notes/2sSDyJub7XOY/data with 0 bytes took 1ms
16:44:06.977 204 PUT /api/notes/2sSDyJub7XOY/data with 0 bytes took 2ms
16:44:06.979 200 GET /api/notes/2sSDyJub7XOY/blob with 834 bytes took 0ms
16:44:07.979 204 PUT /api/notes/2sSDyJub7XOY/data with 0 bytes took 1ms
16:44:07.981 200 GET /api/notes/2sSDyJub7XOY/blob with 848 bytes took 0ms
16:44:08.985 204 PUT /api/notes/2sSDyJub7XOY/data with 0 bytes took 3ms
16:44:08.987 200 GET /api/notes/2sSDyJub7XOY/blob with 847 bytes took 1ms
16:44:09.991 204 PUT /api/notes/2sSDyJub7XOY/data with 0 bytes took 2ms
16:44:09.993 200 GET /api/notes/2sSDyJub7XOY/blob with 862 bytes took 0ms
16:44:10.995 204 PUT /api/notes/2sSDyJub7XOY/data with 0 bytes took 1ms
16:44:10.997 200 GET /api/notes/2sSDyJub7XOY/blob with 863 bytes took 0ms
16:44:11.999 204 PUT /api/notes/2sSDyJub7XOY/data with 0 bytes took 1ms
16:44:12.002 200 GET /api/notes/2sSDyJub7XOY/blob with 865 bytes took 1ms
16:44:13.000 204 PUT /api/notes/2sSDyJub7XOY/data with 0 bytes took 1ms
16:44:13.003 200 GET /api/notes/2sSDyJub7XOY/blob with 871 bytes took 1ms
16:44:14.003 204 PUT /api/notes/2sSDyJub7XOY/data with 0 bytes took 3ms
16:44:14.005 200 GET /api/notes/2sSDyJub7XOY/blob with 870 bytes took 0ms
16:44:15.004 204 PUT /api/notes/2sSDyJub7XOY/data with 0 bytes took 2ms
16:44:15.006 200 GET /api/notes/2sSDyJub7XOY/blob with 882 bytes took 0ms
16:44:16.007 204 PUT /api/notes/2sSDyJub7XOY/data with 0 bytes took 1ms
16:44:16.009 200 GET /api/notes/2sSDyJub7XOY/blob with 877 bytes took 0ms
16:44:17.012 204 PUT /api/notes/2sSDyJub7XOY/data with 0 bytes took 2ms
16:44:17.014 200 GET /api/notes/2sSDyJub7XOY/blob with 886 bytes took 0ms
16:44:18.015 204 PUT /api/notes/2sSDyJub7XOY/data with 0 bytes took 1ms
16:44:18.018 200 GET /api/notes/2sSDyJub7XOY/blob with 892 bytes took 1ms
16:44:19.019 204 PUT /api/notes/2sSDyJub7XOY/data with 0 bytes took 2ms
16:44:19.021 200 GET /api/notes/2sSDyJub7XOY/blob with 892 bytes took 0ms
16:44:20.023 204 PUT /api/notes/2sSDyJub7XOY/data with 0 bytes took 1ms
16:44:20.026 200 GET /api/notes/2sSDyJub7XOY/blob with 895 bytes took 1ms
16:44:21.032 204 PUT /api/notes/2sSDyJub7XOY/data with 0 bytes took 6ms
16:44:21.035 200 GET /api/notes/2sSDyJub7XOY/blob with 898 bytes took 1ms
16:44:22.034 204 PUT /api/notes/2sSDyJub7XOY/data with 0 bytes took 4ms
16:44:22.038 200 GET /api/notes/2sSDyJub7XOY/blob with 902 bytes took 1ms
16:44:23.036 204 PUT /api/notes/2sSDyJub7XOY/data with 0 bytes took 2ms
16:44:23.038 200 GET /api/notes/2sSDyJub7XOY/blob with 908 bytes took 0ms
16:44:24.042 204 PUT /api/notes/2sSDyJub7XOY/data with 0 bytes took 2ms
16:44:24.044 200 GET /api/notes/2sSDyJub7XOY/blob with 919 bytes took 0ms
16:44:25.047 204 PUT /api/notes/2sSDyJub7XOY/data with 0 bytes took 2ms
16:44:25.049 200 GET /api/notes/2sSDyJub7XOY/blob with 916 bytes took 0ms
16:44:26.052 204 PUT /api/notes/2sSDyJub7XOY/data with 0 bytes took 2ms
16:44:26.054 200 GET /api/notes/2sSDyJub7XOY/blob with 923 bytes took 0ms
16:44:27.054 204 PUT /api/notes/2sSDyJub7XOY/data with 0 bytes took 2ms
16:44:27.056 200 GET /api/notes/2sSDyJub7XOY/blob with 930 bytes took 0ms
16:51:29.553 204 PUT /api/notes/2sSDyJub7XOY/data with 0 bytes took 3ms
16:51:29.561 200 GET /api/notes/2sSDyJub7XOY/blob with 943 bytes took 0ms
16:51:30.554 204 PUT /api/notes/2sSDyJub7XOY/data with 0 bytes took 0ms
16:51:31.834 204 PUT /api/notes/2sSDyJub7XOY/data with 0 bytes took 1ms
16:51:31.836 200 GET /api/notes/2sSDyJub7XOY/blob with 938 bytes took 0ms
16:51:32.839 204 PUT /api/notes/2sSDyJub7XOY/data with 0 bytes took 1ms
16:51:32.842 200 GET /api/notes/2sSDyJub7XOY/blob with 945 bytes took 0ms
16:51:33.843 204 PUT /api/notes/2sSDyJub7XOY/data with 0 bytes took 1ms
16:51:33.845 200 GET /api/notes/2sSDyJub7XOY/blob with 952 bytes took 0ms
16:51:34.846 204 PUT /api/notes/2sSDyJub7XOY/data with 0 bytes took 2ms
16:51:34.848 200 GET /api/notes/2sSDyJub7XOY/blob with 959 bytes took 0ms
16:51:35.850 204 PUT /api/notes/2sSDyJub7XOY/data with 0 bytes took 2ms
16:51:35.852 200 GET /api/notes/2sSDyJub7XOY/blob with 964 bytes took 0ms
16:51:36.854 204 PUT /api/notes/2sSDyJub7XOY/data with 0 bytes took 1ms
16:51:36.856 200 GET /api/notes/2sSDyJub7XOY/blob with 967 bytes took 0ms
16:51:41.446 200 GET /api/search-templates with 16 bytes took 1ms
16:51:41.447 200 GET /api/search-templates with 16 bytes took 1ms
16:52:23.014 204 PUT /api/notes/2sSDyJub7XOY/attributes with 0 bytes took 0ms
16:52:23.993 204 PUT /api/notes/2sSDyJub7XOY/attributes with 0 bytes took 1ms
16:52:38.900 200 GET /api/attribute-names/?type=label&query= with 1922 bytes took 1ms
16:52:39.627 200 GET /api/attribute-names/?type=label&query=s with 1170 bytes took 0ms
16:52:39.814 200 GET /api/attribute-names/?type=label&query=sc with 87 bytes took 0ms
16:52:39.964 200 GET /api/attribute-names/?type=label&query=sco with 2 bytes took 0ms
16:52:40.112 200 GET /api/attribute-names/?type=label&query=scor with 2 bytes took 0ms
16:52:40.374 200 GET /api/attribute-names/?type=label&query=score with 2 bytes took 0ms
16:52:42.743 200 GET /api/attribute-names/?type=label&query=score%20 with 2 bytes took 0ms
16:52:44.082 200 GET /api/attribute-names/?type=label&query=score%20%2B with 2 bytes took 0ms
16:52:44.577 200 GET /api/attribute-names/?type=label&query=score%20 with 2 bytes took 0ms
16:52:45.001 200 GET /api/attribute-names/?type=label&query=score with 2 bytes took 1ms
16:52:45.300 200 GET /api/attribute-names/?type=label&query=scor with 2 bytes took 0ms
16:52:45.602 200 GET /api/attribute-names/?type=label&query=sco with 2 bytes took 0ms
16:52:45.791 200 GET /api/attribute-names/?type=label&query=sc with 87 bytes took 1ms
16:52:46.009 200 GET /api/attribute-names/?type=label&query=s with 1170 bytes took 0ms
16:52:50.568 200 GET /api/attribute-names/?type=label&query=sc with 87 bytes took 0ms
16:52:50.696 200 GET /api/attribute-names/?type=label&query=scp with 2 bytes took 0ms
16:52:50.844 200 GET /api/attribute-names/?type=label&query=scpr with 2 bytes took 0ms
16:52:51.151 200 GET /api/attribute-names/?type=label&query=scp with 2 bytes took 0ms
16:52:51.300 200 GET /api/attribute-names/?type=label&query=sc with 87 bytes took 0ms
16:52:51.646 200 GET /api/attribute-names/?type=label&query=sco with 2 bytes took 0ms
16:52:51.788 200 GET /api/attribute-names/?type=label&query=scor with 2 bytes took 1ms
16:52:51.974 200 GET /api/attribute-names/?type=label&query=score with 2 bytes took 0ms
16:52:52.311 200 GET /api/attribute-names/?type=label&query=score%20 with 2 bytes took 1ms
16:53:17.289 204 PUT /api/notes/2sSDyJub7XOY/attributes with 0 bytes took 0ms
16:53:20.436 200 POST /api/search-related with 24 bytes took 2ms
16:53:20.436 200 GET /api/attribute-names/?type=label&query=myLabel with 2 bytes took 0ms
16:53:23.015 200 GET /api/attribute-names/?type=label&query=s with 1170 bytes took 1ms
16:53:23.017 200 POST /api/search-related with 24 bytes took 0ms
16:53:23.216 200 GET /api/attribute-names/?type=label&query=sc with 87 bytes took 0ms
16:53:23.383 200 GET /api/attribute-names/?type=label&query=sco with 2 bytes took 0ms
16:53:23.580 200 GET /api/attribute-names/?type=label&query=scor with 2 bytes took 1ms
16:53:23.798 200 GET /api/attribute-names/?type=label&query=score with 2 bytes took 1ms
16:53:24.019 200 POST /api/search-related with 24 bytes took 1ms
16:53:25.266 200 GET /api/attribute-values/score with 2 bytes took 0ms
16:53:25.268 200 POST /api/search-related with 24 bytes took 1ms
16:53:26.869 200 POST /api/search-related with 24 bytes took 1ms
16:53:27.870 200 POST /api/search-related with 24 bytes took 1ms
16:53:30.973 200 POST /api/search-related with 24 bytes took 1ms
16:53:31.076 204 PUT /api/notes/2sSDyJub7XOY/attributes with 0 bytes took 1ms
16:53:40.959 204 PUT /api/notes/2sSDyJub7XOY/attributes with 0 bytes took 0ms
16:53:48.992 200 GET /api/notes/2sSDyJub7XOY/blob with 967 bytes took 0ms
16:53:48.993 200 GET /api/note-map/2sSDyJub7XOY/backlink-count with 11 bytes took 1ms
16:53:48.997 204 PUT /api/options with 0 bytes took 1ms
16:53:50.652 200 GET /api/notes/2sSDyJub7XOY/blob with 967 bytes took 0ms
16:53:50.653 200 GET /api/note-map/2sSDyJub7XOY/backlink-count with 11 bytes took 0ms
16:53:50.656 204 PUT /api/options with 0 bytes took 0ms
16:53:52.722 200 GET /api/notes/kl1KvAiSvmka/blob with 155 bytes took 0ms
16:53:52.722 200 GET /api/note-map/kl1KvAiSvmka/backlink-count with 11 bytes took 0ms
16:53:52.731 204 PUT /api/options with 0 bytes took 1ms
16:53:52.743 200 GET /api/notes/2sSDyJub7XOY/blob with 967 bytes took 0ms
16:53:53.457 200 GET /api/note-map/2sSDyJub7XOY/backlink-count with 11 bytes took 1ms
16:53:53.736 204 PUT /api/options with 0 bytes took 1ms
16:53:58.169 200 GET /api/notes/2sSDyJub7XOY/blob with 967 bytes took 1ms
16:54:04.573 200 GET /api/search-templates with 16 bytes took 0ms
16:54:04.576 200 GET /api/search-templates with 16 bytes took 0ms
16:54:06.370 200 GET /api/notes/2sSDyJub7XOY/blob with 967 bytes took 1ms
16:54:07.777 200 GET /api/notes/kl1KvAiSvmka/blob with 155 bytes took 0ms
16:54:07.778 200 GET /api/note-map/kl1KvAiSvmka/backlink-count with 11 bytes took 0ms
16:54:07.782 204 PUT /api/options with 0 bytes took 0ms
16:54:07.794 200 GET /api/notes/2sSDyJub7XOY/blob with 967 bytes took 0ms
16:54:08.250 200 GET /api/note-map/2sSDyJub7XOY/backlink-count with 11 bytes took 1ms
16:54:08.786 204 PUT /api/options with 0 bytes took 0ms
16:54:12.575 204 PUT /api/notes/2sSDyJub7XOY/attributes with 0 bytes took 0ms
16:54:15.304 204 PUT /api/notes/2sSDyJub7XOY/attributes with 0 bytes took 1ms
16:54:17.653 200 GET /api/notes/kl1KvAiSvmka/blob with 155 bytes took 1ms
16:54:17.653 200 GET /api/note-map/kl1KvAiSvmka/backlink-count with 11 bytes took 0ms
16:54:17.658 204 PUT /api/options with 0 bytes took 1ms
16:54:17.670 200 GET /api/notes/2sSDyJub7XOY/blob with 967 bytes took 1ms
16:54:18.077 200 GET /api/search-templates with 16 bytes took 1ms
16:54:18.078 200 GET /api/search-templates with 16 bytes took 1ms
16:54:27.033 200 POST /api/tree/load with 3383 bytes took 0ms
16:54:27.055 200 GET /api/note-map/_globalNoteMap/backlink-count with 11 bytes took 1ms
16:54:27.061 204 PUT /api/options with 0 bytes took 1ms
16:54:27.113 200 POST /api/note-map/root/link with 14628 bytes took 3ms
16:54:27.114 JS Error: Uncaught error: Message: ResizeObserver loop limit exceeded, URL: http://127.0.0.1:37840/#root/_hidden/_globalNoteMap?ntxId=5WMmuO, Line: 0, Column: 0, Error object: null, Stack: null
Stack: Error
    at Object.T [as logError] (http://127.0.0.1:37840/assets/v0.63.7/app-dist/desktop.js:2:119144)
    at Ei.window.onerror (http://127.0.0.1:37840/assets/v0.63.7/app-dist/desktop.js:2:667069)
16:54:27.129 JS Error: Uncaught error: Message: ResizeObserver loop limit exceeded, URL: http://127.0.0.1:37840/#root/_hidden/_globalNoteMap?ntxId=5WMmuO, Line: 0, Column: 0, Error object: null, Stack: null
Stack: Error
    at Object.T [as logError] (http://127.0.0.1:37840/assets/v0.63.7/app-dist/desktop.js:2:119144)
    at Ei.window.onerror (http://127.0.0.1:37840/assets/v0.63.7/app-dist/desktop.js:2:667069)
16:54:27.497 200 GET /api/special-notes/notes-for-month/2026-08 with 29 bytes took 0ms
16:54:30.488 Created new note 'AVXjeaQaUGrX', branch 'uaASzJMwTbky_AVXjeaQaUGrX' of type 'text', mime 'text/html'
16:54:30.489 200 GET /api/special-notes/days/2026-08-01 with 332 bytes took 5ms
16:54:30.493 200 POST /api/tree/load with 6881 bytes took 1ms
16:54:30.495 200 POST /api/tree/load with 7311 bytes took 0ms
16:54:30.505 200 GET /api/notes/AVXjeaQaUGrX/blob with 1415 bytes took 0ms
16:54:30.506 200 GET /api/note-map/AVXjeaQaUGrX/backlink-count with 11 bytes took 1ms
16:54:30.507 200 GET /api/tree?subTreeNoteId=fQ2QCEn1yAyd with 12311 bytes took 0ms
16:54:30.508 204 PUT /api/options with 0 bytes took 0ms
16:54:30.564 200 GET /api/tree?subTreeNoteId=VvXAe3z3AGMK with 7022 bytes took 1ms
16:54:30.566 200 GET /api/tree?subTreeNoteId=dYHukj5T72ZT with 6280 bytes took 0ms
16:54:30.567 200 GET /api/tree?subTreeNoteId=uaASzJMwTbky with 8034 bytes took 0ms
16:54:30.570 204 PUT /api/branches/root_fQ2QCEn1yAyd/expanded/1 with 0 bytes took 0ms
16:54:30.576 204 PUT /api/branches/fQ2QCEn1yAyd_VvXAe3z3AGMK/expanded/1 with 0 bytes took 1ms
16:54:30.576 204 PUT /api/branches/VvXAe3z3AGMK_dYHukj5T72ZT/expanded/1 with 0 bytes took 0ms
16:54:30.577 204 PUT /api/branches/dYHukj5T72ZT_uaASzJMwTbky/expanded/1 with 0 bytes took 0ms
16:54:36.463 200 GET /api/notes/AVXjeaQaUGrX/blob with 1415 bytes took 0ms
16:54:36.464 200 GET /api/note-map/AVXjeaQaUGrX/backlink-count with 11 bytes took 0ms
16:54:36.469 204 PUT /api/options with 0 bytes took 1ms
16:54:37.241 200 GET /api/notes/uaASzJMwTbky/blob with 155 bytes took 1ms
16:54:37.241 200 GET /api/note-map/uaASzJMwTbky/backlink-count with 11 bytes took 0ms
16:54:37.258 200 GET /api/notes/wZwqNYvHUiaj/blob with 1415 bytes took 0ms
16:54:37.469 204 PUT /api/options with 0 bytes took 0ms
16:54:38.579 200 GET /api/notes/AVXjeaQaUGrX/blob with 1415 bytes took 0ms
16:54:38.580 200 GET /api/note-map/AVXjeaQaUGrX/backlink-count with 11 bytes took 0ms
16:54:38.585 204 PUT /api/options with 0 bytes took 0ms
16:54:40.046 200 GET /api/notes/1TQ7iwxzO64G/blob with 1415 bytes took 0ms
16:54:40.047 200 GET /api/note-map/1TQ7iwxzO64G/backlink-count with 12 bytes took 1ms
16:54:40.051 204 PUT /api/options with 0 bytes took 1ms
16:54:41.910 200 GET /api/special-notes/notes-for-month/2026-08 with 57 bytes took 0ms
16:54:44.897 Created new note 'VivtCSYad8B0', branch '_search_VivtCSYad8B0' of type 'book', mime ''
16:54:44.898 Created new note 'DLaQRwrw3qIe', branch 'VivtCSYad8B0_DLaQRwrw3qIe' of type 'search', mime 'application/json'
16:54:44.901 200 POST /api/special-notes/search-note with 336 bytes took 6ms
16:54:44.902 200 POST /api/tree/load with 3591 bytes took 0ms
16:54:44.908 200 POST /api/tree/load with 4157 bytes took 0ms
16:54:44.912 200 GET /api/search-note/DLaQRwrw3qIe with 2921 bytes took 3ms
16:54:44.988 200 GET /api/note-map/DLaQRwrw3qIe/backlink-count with 11 bytes took 0ms
16:54:44.989 200 POST /api/tree/load with 2312 bytes took 1ms
16:54:44.992 204 PUT /api/options with 0 bytes took 0ms
16:54:45.809 Created new note 'Fvd3zs9nVBwW', branch 'uaASzJMwTbky_Fvd3zs9nVBwW' of type 'text', mime 'text/html'
16:54:45.810 200 GET /api/special-notes/inbox/2026-08-24 with 330 bytes took 3ms
16:54:45.811 200 POST /api/tree/load with 7451 bytes took 0ms
16:54:45.812 200 POST /api/tree/load with 7451 bytes took 0ms
16:54:45.814 Created new note 'wRopBAUTLg9V', branch 'Fvd3zs9nVBwW_wRopBAUTLg9V' of type 'text', mime 'text/html'
16:54:45.814 200 POST /api/notes/Fvd3zs9nVBwW/children?target=into with 554 bytes took 1ms
16:54:45.815 200 GET /api/tree?subTreeNoteId=Fvd3zs9nVBwW with 7727 bytes took 0ms
16:54:45.877 200 GET /api/notes/wRopBAUTLg9V/blob with 155 bytes took 1ms
16:54:45.877 200 GET /api/note-map/wRopBAUTLg9V/backlink-count with 11 bytes took 0ms
16:54:45.879 204 PUT /api/branches/uaASzJMwTbky_Fvd3zs9nVBwW/expanded/1 with 0 bytes took 0ms
16:54:45.994 204 PUT /api/notes/DLaQRwrw3qIe/set-attribute with 0 bytes took 1ms
16:54:45.995 204 PUT /api/notes/DLaQRwrw3qIe/set-attribute with 0 bytes took 1ms
16:54:45.996 204 PUT /api/options with 0 bytes took 1ms
16:54:46.003 200 PUT /api/notes/DLaQRwrw3qIe/title with 336 bytes took 0ms
16:54:46.011 200 PUT /api/notes/DLaQRwrw3qIe/title with 336 bytes took 0ms
16:54:48.508 200 GET /api/note-map/_globalNoteMap/backlink-count with 11 bytes took 1ms
16:54:48.510 204 PUT /api/options with 0 bytes took 0ms
16:54:48.530 200 POST /api/note-map/root/link with 14753 bytes took 1ms
16:54:48.532 JS Error: Uncaught error: Message: ResizeObserver loop limit exceeded, URL: http://127.0.0.1:37840/#root/_hidden/_globalNoteMap?ntxId=aUn92W, Line: 0, Column: 0, Error object: null, Stack: null
Stack: Error
    at Object.T [as logError] (http://127.0.0.1:37840/assets/v0.63.7/app-dist/desktop.js:2:119144)
    at Ei.window.onerror (http://127.0.0.1:37840/assets/v0.63.7/app-dist/desktop.js:2:667069)
16:54:49.171 200 GET /api/special-notes/notes-for-month/2026-08 with 85 bytes took 1ms
16:54:52.879 200 GET /api/recent-changes/root with 56716 bytes took 2ms
16:54:52.884 200 POST /api/tree/load with 105395 bytes took 2ms
16:55:02.405 204 PUT /api/branches/root_fQ2QCEn1yAyd/expanded/0 with 0 bytes took 1ms
16:55:02.798 200 GET /api/notes/root/blob with 155 bytes took 0ms
16:55:02.799 200 GET /api/note-map/root/backlink-count with 11 bytes took 1ms
16:55:02.810 204 PUT /api/options with 0 bytes took 1ms
16:55:02.832 200 GET /api/notes/fQ2QCEn1yAyd/blob with 2482 bytes took 0ms
16:55:02.844 200 GET /api/notes/XWiojJtBlmel/blob with 155 bytes took 0ms
16:55:02.861 200 GET /api/notes/Yu8QnABxIjTK/blob with 268 bytes took 1ms
16:55:02.868 200 GET /api/notes/cTf99oLEiSZl/blob with 380 bytes took 0ms
16:55:02.873 200 GET /api/notes/Y5qtPsxzmJLD/blob with 155 bytes took 1ms
16:55:03.829 200 GET /api/notes/root/blob with 155 bytes took 0ms
16:55:03.829 200 GET /api/note-map/root/backlink-count with 11 bytes took 0ms
16:55:03.832 204 PUT /api/options with 0 bytes took 0ms
16:55:03.942 200 GET /api/notes/fQ2QCEn1yAyd/blob with 2482 bytes took 0ms
16:55:03.947 200 GET /api/notes/XWiojJtBlmel/blob with 155 bytes took 0ms
16:55:03.949 200 GET /api/notes/Yu8QnABxIjTK/blob with 268 bytes took 1ms
16:55:03.950 200 GET /api/notes/cTf99oLEiSZl/blob with 380 bytes took 0ms
16:55:03.951 200 GET /api/notes/Y5qtPsxzmJLD/blob with 155 bytes took 0ms
16:55:04.578 200 GET /api/note-map/root/backlink-count with 11 bytes took 0ms
16:55:04.835 204 PUT /api/options with 0 bytes took 1ms
16:55:05.167 200 GET /api/notes/root/blob with 155 bytes took 0ms
16:55:05.168 200 GET /api/note-map/root/backlink-count with 11 bytes took 0ms
16:55:05.283 200 GET /api/notes/fQ2QCEn1yAyd/blob with 2482 bytes took 1ms
16:55:05.285 200 GET /api/notes/XWiojJtBlmel/blob with 155 bytes took 0ms
16:55:05.291 200 GET /api/notes/Yu8QnABxIjTK/blob with 268 bytes took 0ms
16:55:05.292 200 GET /api/notes/cTf99oLEiSZl/blob with 380 bytes took 0ms
16:55:05.293 200 GET /api/notes/Y5qtPsxzmJLD/blob with 155 bytes took 0ms
16:55:05.649 200 GET /api/note-map/root/backlink-count with 11 bytes took 0ms
16:55:05.839 204 PUT /api/options with 0 bytes took 1ms
16:55:06.501 200 GET /api/notes/root/blob with 155 bytes took 1ms
16:55:06.501 200 GET /api/note-map/root/backlink-count with 11 bytes took 0ms
16:55:06.623 200 GET /api/notes/fQ2QCEn1yAyd/blob with 2482 bytes took 0ms
16:55:06.629 200 GET /api/notes/XWiojJtBlmel/blob with 155 bytes took 1ms
16:55:06.630 200 GET /api/notes/Yu8QnABxIjTK/blob with 268 bytes took 0ms
16:55:06.632 200 GET /api/notes/cTf99oLEiSZl/blob with 380 bytes took 1ms
16:55:06.633 200 GET /api/notes/Y5qtPsxzmJLD/blob with 155 bytes took 1ms
16:55:06.842 204 PUT /api/options with 0 bytes took 1ms
16:55:07.077 200 GET /api/note-map/root/backlink-count with 11 bytes took 1ms
16:55:07.843 204 PUT /api/options with 0 bytes took 0ms
17:00:31.784 DB size: 6565 KB
17:00:32.357 {
  "appVersion": "0.63.7",
  "dbVersion": 228,
  "nodeVersion": "v18.15.0",
  "syncVersion": 32,
  "buildDate": "2024-05-30T06:59:06+02:00",
  "buildRevision": "95d46b7ce7e0036eeb72b43e1815cc5c00dc214c",
  "dataDirectory": "/home/diener/.local/share/trilium-data",
  "clipperProtocolVersion": "1.0",
  "utcDateTime": "2026-08-24T22:00:31.783Z"
}
17:00:32.357 CPU model: AMD Ryzen 5 5500, logical cores: 12 freq: 2391 Mhz
17:00:32.358 Trusted reverse proxy: false
17:00:32.358 App HTTP server starting up at port 37840
17:00:32.361 Listening on port 37840
17:00:32.366 Becca (note cache) load took 5ms
17:00:32.492 Registered global shortcut Ctrl+Alt+P for action createNoteIntoInbox
17:00:32.526 Generated CSRF token 06OHuzDu-vYWxI3F1zaymIfKT0hB5r7v5LkI with secret _csrf=4hwA2HrhwyDKdvnjgJ07-ems; Path=/
17:00:32.723 200 GET /api/options with 7254 bytes took 1ms
17:00:32.724 200 GET /api/tree with 8483 bytes took 0ms
17:00:32.726 200 GET /api/keyboard-actions with 14263 bytes took 0ms
17:00:32.728 200 GET /api/script/widgets with 2687 bytes took 1ms
17:00:32.729 200 POST /api/tree/load with 4878 bytes took 0ms
17:00:32.756 200 GET /api/keyboard-shortcuts-for-notes with 2 bytes took 0ms
17:00:32.761 200 POST /api/tree/load with 6025 bytes took 0ms
17:00:32.762 200 POST /api/tree/load with 8429 bytes took 1ms
17:00:32.774 200 POST /api/tree/load with 18967 bytes took 0ms
17:00:33.217 200 GET /api/notes/root/blob with 155 bytes took 0ms
17:00:33.218 200 GET /api/note-map/root/backlink-count with 11 bytes took 0ms
17:00:33.429 200 GET /api/notes/fQ2QCEn1yAyd/blob with 2482 bytes took 0ms
17:00:33.434 200 GET /api/notes/XWiojJtBlmel/blob with 155 bytes took 0ms
17:00:33.435 200 POST /api/tree/load with 2313 bytes took 0ms
17:00:33.438 200 GET /api/notes/Yu8QnABxIjTK/blob with 268 bytes took 0ms
17:00:33.450 200 GET /api/notes/cTf99oLEiSZl/blob with 380 bytes took 1ms
17:00:33.454 200 GET /api/notes/Y5qtPsxzmJLD/blob with 155 bytes took 0ms
17:00:34.757 200 GET /api/script/startup with 2 bytes took 1ms
17:00:35.785 200 GET /api/notes/root/blob with 155 bytes took 1ms
17:00:35.786 200 GET /api/note-map/root/backlink-count with 11 bytes took 0ms
17:00:35.790 204 PUT /api/options with 0 bytes took 3ms
17:00:35.900 200 GET /api/notes/fQ2QCEn1yAyd/blob with 2482 bytes took 0ms
17:00:35.903 200 GET /api/notes/XWiojJtBlmel/blob with 155 bytes took 0ms
17:00:35.905 200 GET /api/notes/Yu8QnABxIjTK/blob with 268 bytes took 0ms
17:00:35.907 200 GET /api/notes/cTf99oLEiSZl/blob with 380 bytes took 0ms
17:00:35.913 200 GET /api/notes/Y5qtPsxzmJLD/blob with 155 bytes took 1ms
17:00:36.369 Table counts: notes: 242, revisions: 9, attachments: 16, branches: 256, attributes: 350, etapi_tokens: 0, blobs: 146
17:00:36.376 All consistency checks passed with no errors detected (took 8ms)
17:00:37.015 200 GET /api/tree?subTreeNoteId=fQ2QCEn1yAyd with 17472 bytes took 1ms
17:00:37.224 204 PUT /api/branches/root_fQ2QCEn1yAyd/expanded/1 with 0 bytes took 1ms
17:00:37.699 204 PUT /api/branches/root_fQ2QCEn1yAyd/expanded/0 with 0 bytes took 1ms
17:00:37.857 200 GET /api/search-templates with 16 bytes took 1ms
17:00:37.858 200 POST /api/tree/load with 5777 bytes took 1ms
17:00:37.859 200 GET /api/search-templates with 16 bytes took 0ms
17:00:38.977 200 GET /api/notes/fQ2QCEn1yAyd/blob with 2482 bytes took 1ms
17:00:38.977 200 GET /api/note-map/fQ2QCEn1yAyd/backlink-count with 11 bytes took 0ms
17:00:38.980 204 PUT /api/options with 0 bytes took 1ms
17:00:39.131 200 GET /api/notes/rP0cgq56R0N0/blob with 1077 bytes took 0ms
17:00:39.135 200 GET /api/notes/VvXAe3z3AGMK/blob with 1176 bytes took 0ms
17:00:39.136 200 GET /api/notes/3EF9EfoUPsxP/blob with 1011 bytes took 0ms
17:00:39.140 200 GET /api/notes/6mCVHSEIrwAE/blob with 155 bytes took 0ms
17:00:39.145 200 POST /api/tree/load with 5125 bytes took 1ms
17:00:39.157 200 GET /api/notes/gRvumdsQw48F/blob with 155 bytes took 1ms
17:00:39.163 200 POST /api/tree/load with 4507 bytes took 0ms
17:00:39.166 200 GET /api/notes/hyxDy6WEVp5y/blob with 3092 bytes took 1ms
17:00:39.167 200 GET /api/notes/wNAo0NUodrnn/blob with 155 bytes took 0ms
17:00:39.173 200 POST /api/tree/load with 8224 bytes took 1ms
17:00:39.175 200 GET /api/notes/dVTUgcHzZYiq/blob with 155 bytes took 0ms
17:00:39.216 200 GET /api/search-templates with 16 bytes took 1ms
17:00:39.217 200 GET /api/search-templates with 16 bytes took 0ms
17:00:41.789 200 POST /api/delete-notes-preview with 2622 bytes took 1ms
17:00:41.791 200 POST /api/tree/load with 73195 bytes took 1ms
17:00:41.815 200 POST /api/tree/load with 26770 bytes took 1ms
17:00:44.416 Sending message to all clients: {"type":"taskProgressCount","taskId":"wTohc1jX0C","taskType":"deleteNotes","data":null,"progressCount":0}
17:00:44.417 Marking branches root_fQ2QCEn1yAyd as deleted
17:00:44.418 Marking branches fQ2QCEn1yAyd_rP0cgq56R0N0 as deleted
17:00:44.418 Marking branches rP0cgq56R0N0_Kv32L8HJHx2U as deleted
17:00:44.418 Deleting note 'Kv32L8HJHx2U'
17:00:44.419 Marking notes Kv32L8HJHx2U as deleted
17:00:44.419 Marking branches rP0cgq56R0N0_hzAuTbdDE7AU as deleted
17:00:44.419 Deleting note 'hzAuTbdDE7AU'
17:00:44.419 Marking notes hzAuTbdDE7AU as deleted
17:00:44.420 Marking branches rP0cgq56R0N0_d2AItV0adQLI as deleted
17:00:44.420 Marking branches d2AItV0adQLI_XiW3yOdFGYIL as deleted
17:00:44.420 Deleting note 'XiW3yOdFGYIL'
17:00:44.420 Marking attributes wZtV0kwLgBXU as deleted
17:00:44.421 Marking notes XiW3yOdFGYIL as deleted
17:00:44.421 Deleting note 'd2AItV0adQLI'
17:00:44.421 Marking notes d2AItV0adQLI as deleted
17:00:44.421 Deleting note 'rP0cgq56R0N0'
17:00:44.421 Marking attributes 1A8Pwjh4qpc5 as deleted
17:00:44.422 Marking attributes 1EQVlXLF1fF9 as deleted
17:00:44.422 Marking notes rP0cgq56R0N0 as deleted
17:00:44.422 Marking branches fQ2QCEn1yAyd_TKoDLjc0vllp as deleted
17:00:44.422 Marking branches TKoDLjc0vllp_PzguajXH1ynE as deleted
17:00:44.422 Deleting note 'PzguajXH1ynE'
17:00:44.423 Marking attributes nDbhvXVZfgT5 as deleted
17:00:44.423 Marking attributes uWN7lv8dhjjU as deleted
17:00:44.423 Marking notes PzguajXH1ynE as deleted
17:00:44.423 Marking branches TKoDLjc0vllp_b6oYOQt7oaSi as deleted
17:00:44.423 Deleting note 'b6oYOQt7oaSi'
17:00:44.423 Marking attributes VDtuCr037ufv as deleted
17:00:44.424 Marking attributes rFzIJskaQakT as deleted
17:00:44.424 Marking notes b6oYOQt7oaSi as deleted
17:00:44.424 Marking branches TKoDLjc0vllp_8TPQgg8d5d0S as deleted
17:00:44.424 Deleting note '8TPQgg8d5d0S'
17:00:44.424 Marking attributes eyVveAJiRWCu as deleted
17:00:44.424 Marking attributes bSXZnVtBnRcY as deleted
17:00:44.425 Marking notes 8TPQgg8d5d0S as deleted
17:00:44.425 Marking branches TKoDLjc0vllp_cg4cRUa6xMp7 as deleted
17:00:44.425 Deleting note 'cg4cRUa6xMp7'
17:00:44.425 Marking attributes LCeKJkGLsrq2 as deleted
17:00:44.425 Marking attributes REAwc9GFzUrc as deleted
17:00:44.425 Marking attributes eMnXtB5mRb2u as deleted
17:00:44.425 Marking notes cg4cRUa6xMp7 as deleted
17:00:44.425 Marking branches TKoDLjc0vllp_mdimY1ZTphuO as deleted
17:00:44.426 Deleting note 'mdimY1ZTphuO'
17:00:44.426 Marking attributes Qb0wR6rNsFao as deleted
17:00:44.426 Marking attributes BUEs4cEJX3KJ as deleted
17:00:44.426 Marking notes mdimY1ZTphuO as deleted
17:00:44.426 Deleting note 'TKoDLjc0vllp'
17:00:44.426 Marking notes TKoDLjc0vllp as deleted
17:00:44.426 Marking branches fQ2QCEn1yAyd_VvXAe3z3AGMK as deleted
17:00:44.426 Marking branches VvXAe3z3AGMK_njuDxBj3ak7u as deleted
17:00:44.426 Marking branches njuDxBj3ak7u_PvBhfMH6UuCp as deleted
17:00:44.426 Marking branches PvBhfMH6UuCp_aLk37BRIp9JH as deleted
17:00:44.427 Marking branches aLk37BRIp9JH_WA0sJXLWjaMd as deleted
17:00:44.427 Deleting note 'WA0sJXLWjaMd'
17:00:44.427 Marking notes WA0sJXLWjaMd as deleted
17:00:44.427 Marking branches aLk37BRIp9JH_hx9KnvluhBHH as deleted
17:00:44.427 Marking branches aLk37BRIp9JH_uYHaVAl7ifD8 as deleted
17:00:44.427 Deleting note 'aLk37BRIp9JH'
17:00:44.427 Marking attributes 5GNR92465AM4 as deleted
17:00:44.427 Marking attributes FKIwnhOlQNuW as deleted
17:00:44.427 Marking notes aLk37BRIp9JH as deleted
17:00:44.427 Deleting note 'PvBhfMH6UuCp'
17:00:44.427 Marking attributes opqPLALuWjvo as deleted
17:00:44.428 Marking attributes 9zRVW6QicL1I as deleted
17:00:44.428 Marking attributes QlRf8n5QZgkx as deleted
17:00:44.428 Marking notes PvBhfMH6UuCp as deleted
17:00:44.428 Marking branches njuDxBj3ak7u_IBMV8ZUJhKm7 as deleted
17:00:44.428 Marking branches IBMV8ZUJhKm7_o9LjpfMFScFG as deleted
17:00:44.428 Marking branches o9LjpfMFScFG_KIQd6OpfTqdT as deleted
17:00:44.428 Deleting note 'KIQd6OpfTqdT'
17:00:44.428 Marking notes KIQd6OpfTqdT as deleted
17:00:44.428 Marking branches o9LjpfMFScFG_LSnFjyYmL3CZ as deleted
17:00:44.429 Marking branches LSnFjyYmL3CZ_6dtyXRmizxDy as deleted
17:00:44.429 Deleting note '6dtyXRmizxDy'
17:00:44.429 Marking attributes WuRcG82nFkf1 as deleted
17:00:44.429 Marking attributes EkFAcrQylMTs as deleted
17:00:44.429 Marking notes 6dtyXRmizxDy as deleted
17:00:44.429 Marking branches LSnFjyYmL3CZ_VwFAHqmTMPov as deleted
17:00:44.429 Deleting note 'VwFAHqmTMPov'
17:00:44.429 Marking attributes DbXitmzSdc21 as deleted
17:00:44.429 Marking attributes 4CAWemy2crLb as deleted
17:00:44.429 Marking notes VwFAHqmTMPov as deleted
17:00:44.429 Marking branches LSnFjyYmL3CZ_i5XYu40tOEyR as deleted
17:00:44.430 Deleting note 'i5XYu40tOEyR'
17:00:44.430 Marking attributes qNajyg2LvvKQ as deleted
17:00:44.430 Marking attributes VMhG51iMBs6y as deleted
17:00:44.430 Marking notes i5XYu40tOEyR as deleted
17:00:44.430 Marking branches LSnFjyYmL3CZ_lwRFHlxigIYe as deleted
17:00:44.430 Deleting note 'lwRFHlxigIYe'
17:00:44.430 Marking attributes CD6xGk7LyaFZ as deleted
17:00:44.430 Marking attributes L0CivJKu9Dle as deleted
17:00:44.430 Marking notes lwRFHlxigIYe as deleted
17:00:44.430 Marking branches LSnFjyYmL3CZ_dJCUOnPaUz8d as deleted
17:00:44.430 Deleting note 'dJCUOnPaUz8d'
17:00:44.430 Marking attributes aFsAOrtxnRgb as deleted
17:00:44.431 Marking attributes Xfx8FWQfeAiv as deleted
17:00:44.431 Marking notes dJCUOnPaUz8d as deleted
17:00:44.431 Marking branches LSnFjyYmL3CZ_3N5Eh5AUP0iS as deleted
17:00:44.431 Deleting note '3N5Eh5AUP0iS'
17:00:44.431 Marking attributes SMbRZ2nOzamp as deleted
17:00:44.431 Marking attributes czDJGqI6RDHq as deleted
17:00:44.431 Marking notes 3N5Eh5AUP0iS as deleted
17:00:44.431 Marking branches LSnFjyYmL3CZ_i02xTUxYQ46m as deleted
17:00:44.431 Deleting note 'i02xTUxYQ46m'
17:00:44.431 Marking attributes xxURmpZK0sZ6 as deleted
17:00:44.432 Marking attributes 4JmQnflrBVUj as deleted
17:00:44.432 Marking notes i02xTUxYQ46m as deleted
17:00:44.432 Marking branches LSnFjyYmL3CZ_61AkoVHESXIu as deleted
17:00:44.432 Deleting note '61AkoVHESXIu'
17:00:44.432 Marking attributes 6AoC3YLCrgjo as deleted
17:00:44.432 Marking attributes 5AIxwXGyG2uZ as deleted
17:00:44.432 Marking notes 61AkoVHESXIu as deleted
17:00:44.432 Marking branches LSnFjyYmL3CZ_Xn9aVkzRDbSJ as deleted
17:00:44.432 Deleting note 'Xn9aVkzRDbSJ'
17:00:44.432 Marking attributes IVUGvcrlvoop as deleted
17:00:44.432 Marking attributes y2XLD1EtOza4 as deleted
17:00:44.432 Marking notes Xn9aVkzRDbSJ as deleted
17:00:44.433 Marking branches LSnFjyYmL3CZ_1siChsQpicpt as deleted
17:00:44.433 Deleting note '1siChsQpicpt'
17:00:44.433 Marking attributes Pgfp25DyfeKZ as deleted
17:00:44.433 Marking attributes NYxe74Q4ysF5 as deleted
17:00:44.433 Marking notes 1siChsQpicpt as deleted
17:00:44.433 Marking branches LSnFjyYmL3CZ_9nelr2Utgb27 as deleted
17:00:44.433 Deleting note '9nelr2Utgb27'
17:00:44.433 Marking attributes 26L09MBDIF8g as deleted
17:00:44.433 Marking attributes hwncxWTcY0VV as deleted
17:00:44.433 Marking notes 9nelr2Utgb27 as deleted
17:00:44.433 Marking branches LSnFjyYmL3CZ_JduobKggEqa4 as deleted
17:00:44.434 Deleting note 'JduobKggEqa4'
17:00:44.434 Marking attributes O0jarWlqp2BZ as deleted
17:00:44.434 Marking attributes NfaaAJxdnsCW as deleted
17:00:44.434 Marking notes JduobKggEqa4 as deleted
17:00:44.434 Deleting note 'LSnFjyYmL3CZ'
17:00:44.434 Marking attributes yk9qYj2CIIZ4 as deleted
17:00:44.434 Marking notes LSnFjyYmL3CZ as deleted
17:00:44.434 Marking branches o9LjpfMFScFG_UB6q1ZUG3Xqh as deleted
17:00:44.434 Deleting note 'UB6q1ZUG3Xqh'
17:00:44.434 Marking attributes vqtMKzqN1tIv as deleted
17:00:44.434 Marking attributes s0bw5uK7ncTp as deleted
17:00:44.434 Marking attributes 1OV5R3dIlg2Q as deleted
17:00:44.434 Marking attributes yNbb3T5XK19G as deleted
17:00:44.435 Marking attributes ttcfrwlNxyOt as deleted
17:00:44.435 Marking notes UB6q1ZUG3Xqh as deleted
17:00:44.435 Deleting note 'o9LjpfMFScFG'
17:00:44.435 Marking attributes EoXnbTZcobzy as deleted
17:00:44.435 Marking attributes PXI566g8Bgw2 as deleted
17:00:44.435 Marking attributes Ocv4mfwRltnb as deleted
17:00:44.435 Marking notes o9LjpfMFScFG as deleted
17:00:44.435 Marking branches IBMV8ZUJhKm7_u9LVU4QM9Ytk as deleted
17:00:44.435 Marking branches u9LVU4QM9Ytk_ZyvWAdKiHXA9 as deleted
17:00:44.435 Deleting note 'ZyvWAdKiHXA9'
17:00:44.435 Marking attributes lPTce0dfLl18 as deleted
17:00:44.436 Marking attributes bkynYbLhsYZ0 as deleted
17:00:44.436 Marking attributes eYE6Cw8GGvwo as deleted
17:00:44.436 Marking attributes KjlqEqPCyXyE as deleted
17:00:44.436 Marking attributes JOJ5nHAYBIxh as deleted
17:00:44.436 Marking notes ZyvWAdKiHXA9 as deleted
17:00:44.436 Deleting note 'u9LVU4QM9Ytk'
17:00:44.436 Marking attributes Gp8ifr1aePGK as deleted
17:00:44.436 Marking attributes ThktDOvmRBK1 as deleted
17:00:44.436 Marking attributes tfv7h6LOFTG3 as deleted
17:00:44.436 Marking notes u9LVU4QM9Ytk as deleted
17:00:44.436 Marking branches IBMV8ZUJhKm7_4AwEL0fh9BsP as deleted
17:00:44.437 Deleting note '4AwEL0fh9BsP'
17:00:44.437 Marking attributes wFQepR1MWdyC as deleted
17:00:44.437 Marking attributes e70zDa8nj5lB as deleted
17:00:44.437 Marking attributes nEaXk6tjImoW as deleted
17:00:44.437 Marking notes 4AwEL0fh9BsP as deleted
17:00:44.437 Marking branches IBMV8ZUJhKm7_GzW4cqBa5ZEk as deleted
17:00:44.437 Marking branches GzW4cqBa5ZEk_9xkrYX3di7Ez as deleted
17:00:44.437 Deleting note '9xkrYX3di7Ez'
17:00:44.437 Marking notes 9xkrYX3di7Ez as deleted
17:00:44.437 Marking branches GzW4cqBa5ZEk_XjToRyKJ5z4I as deleted
17:00:44.437 Deleting note 'XjToRyKJ5z4I'
17:00:44.437 Marking notes XjToRyKJ5z4I as deleted
17:00:44.438 Deleting note 'GzW4cqBa5ZEk'
17:00:44.438 Marking attributes BfSXdNhkGTUv as deleted
17:00:44.438 Marking attributes vw9DRm2VRima as deleted
17:00:44.438 Marking attributes mzPSPsrid7pn as deleted
17:00:44.438 Marking notes GzW4cqBa5ZEk as deleted
17:00:44.438 Marking branches IBMV8ZUJhKm7_cFiV5y2KPEXl as deleted
17:00:44.438 Marking branches cFiV5y2KPEXl_jUo5x4tYfth3 as deleted
17:00:44.438 Deleting note 'jUo5x4tYfth3'
17:00:44.438 Marking notes jUo5x4tYfth3 as deleted
17:00:44.438 Marking branches cFiV5y2KPEXl_Cxwgj6gKe2JI as deleted
17:00:44.438 Deleting note 'cFiV5y2KPEXl'
17:00:44.438 Marking attributes KrlrLSn5sXmU as deleted
17:00:44.439 Marking attributes Z2GE3AbTyNpl as deleted
17:00:44.439 Marking attributes 6wnWKMZx8NJX as deleted
17:00:44.439 Marking notes cFiV5y2KPEXl as deleted
17:00:44.439 Marking branches IBMV8ZUJhKm7_T2SUhLavAxZV as deleted
17:00:44.439 Deleting note 'T2SUhLavAxZV'
17:00:44.439 Marking attributes jdjXrgDUVAc9 as deleted
17:00:44.439 Marking attributes zol76YRLNpJY as deleted
17:00:44.439 Marking attributes AUejSbZrdjXi as deleted
17:00:44.439 Marking notes T2SUhLavAxZV as deleted
17:00:44.439 Marking branches IBMV8ZUJhKm7_qDLF3Fa24WON as deleted
17:00:44.440 Marking branches qDLF3Fa24WON_k4SAEm3idM1Y as deleted
17:00:44.440 Deleting note 'k4SAEm3idM1Y'
17:00:44.440 Marking attributes fZ8Q7GscH70k as deleted
17:00:44.440 Marking attributes sUBAX8FbcbR2 as deleted
17:00:44.440 Marking attributes Om4rCFXBLMr9 as deleted
17:00:44.440 Marking attributes cuRpl0Q5Tq8o as deleted
17:00:44.440 Marking attributes oMIUq5XxRhJw as deleted
17:00:44.440 Marking attributes 0v1TmNLsydyX as deleted
17:00:44.440 Marking attributes YUkuevL9UmKE as deleted
17:00:44.441 Marking attachments iEKPlHUTUHGk as deleted
17:00:44.441 Marking notes k4SAEm3idM1Y as deleted
17:00:44.441 Marking branches qDLF3Fa24WON_LSfyr6CLE6Vo as deleted
17:00:44.441 Deleting note 'LSfyr6CLE6Vo'
17:00:44.441 Marking attributes PaOnWDZlzO1e as deleted
17:00:44.441 Marking attributes 2byqRFplFigh as deleted
17:00:44.441 Marking attributes cg5kyBvcVOA1 as deleted
17:00:44.441 Marking attributes rm57Q5NQ2mTh as deleted
17:00:44.441 Marking attributes Bc5ND0NfDmiL as deleted
17:00:44.442 Marking attributes gSv2PrCtFkM3 as deleted
17:00:44.442 Marking attributes ZZHSqWWxtbF1 as deleted
17:00:44.442 Marking notes LSfyr6CLE6Vo as deleted
17:00:44.442 Deleting note 'qDLF3Fa24WON'
17:00:44.442 Marking attributes 7ejxiLRKVK4W as deleted
17:00:44.442 Marking attributes yMPuWxkYxlcS as deleted
17:00:44.442 Marking attributes QQQjp27Cs7Gf as deleted
17:00:44.442 Marking notes qDLF3Fa24WON as deleted
17:00:44.442 Marking branches IBMV8ZUJhKm7_GqpL6gHeeQeJ as deleted
17:00:44.442 Deleting note 'GqpL6gHeeQeJ'
17:00:44.442 Marking attributes Tl2eo1X9ZSiE as deleted
17:00:44.443 Marking attributes YyjA87iFg5Zq as deleted
17:00:44.443 Marking notes GqpL6gHeeQeJ as deleted
17:00:44.443 Deleting note 'IBMV8ZUJhKm7'
17:00:44.443 Marking attributes VznRBv0JxTa0 as deleted
17:00:44.443 Marking attributes XjRlzbmMro8Q as deleted
17:00:44.443 Marking attributes XyDiH8hXKpSb as deleted
17:00:44.443 Marking notes IBMV8ZUJhKm7 as deleted
17:00:44.443 Marking branches njuDxBj3ak7u_SdjWmYFci45W as deleted
17:00:44.443 Marking branches SdjWmYFci45W_tFvk4E9VRPtV as deleted
17:00:44.443 Marking branches tFvk4E9VRPtV_MVcCRmPWft6F as deleted
17:00:44.444 Deleting note 'MVcCRmPWft6F'
17:00:44.444 Marking notes MVcCRmPWft6F as deleted
17:00:44.444 Marking branches tFvk4E9VRPtV_epL0f8olvv4r as deleted
17:00:44.444 Deleting note 'epL0f8olvv4r'
17:00:44.444 Marking notes epL0f8olvv4r as deleted
17:00:44.444 Marking branches tFvk4E9VRPtV_BI2k4JHMNmPW as deleted
17:00:44.444 Marking branches BI2k4JHMNmPW_hx9KnvluhBHH as deleted
17:00:44.444 Deleting note 'hx9KnvluhBHH'
17:00:44.444 Marking notes hx9KnvluhBHH as deleted
17:00:44.444 Deleting note 'BI2k4JHMNmPW'
17:00:44.445 Marking notes BI2k4JHMNmPW as deleted
17:00:44.445 Deleting note 'tFvk4E9VRPtV'
17:00:44.445 Marking notes tFvk4E9VRPtV as deleted
17:00:44.445 Marking branches SdjWmYFci45W_TWObGrxK488O as deleted
17:00:44.445 Deleting note 'TWObGrxK488O'
17:00:44.445 Marking notes TWObGrxK488O as deleted
17:00:44.445 Deleting note 'SdjWmYFci45W'
17:00:44.445 Marking notes SdjWmYFci45W as deleted
17:00:44.445 Deleting note 'njuDxBj3ak7u'
17:00:44.445 Marking attributes 0W5uVnIsXDsj as deleted
17:00:44.445 Marking attributes MjVDzxyLiEhf as deleted
17:00:44.445 Marking attributes e2Ts03cG2BBs as deleted
17:00:44.446 Marking notes njuDxBj3ak7u as deleted
17:00:44.446 Marking branches VvXAe3z3AGMK_1TQ7iwxzO64G as deleted
17:00:44.446 Deleting note '1TQ7iwxzO64G'
17:00:44.446 Marking attributes EF0UuUt1cJdC as deleted
17:00:44.446 Marking attributes bMVPXmCY2UDX as deleted
17:00:44.446 Marking attributes XmBmCoIbrOoe as deleted
17:00:44.446 Marking attributes EbMcWtWU5o44 as deleted
17:00:44.446 Marking attributes pDovc4kgry8g as deleted
17:00:44.446 Marking attributes ZdoW1DioCy3U as deleted
17:00:44.446 Marking attributes yZ5PfgZ7XHNU as deleted
17:00:44.447 Marking attributes 5SvJSZJfnsDW as deleted
17:00:44.447 Marking attributes kr0quoNUJhR7 as deleted
17:00:44.447 Marking notes 1TQ7iwxzO64G as deleted
17:00:44.447 Marking branches VvXAe3z3AGMK_dYHukj5T72ZT as deleted
17:00:44.447 Marking branches dYHukj5T72ZT_uaASzJMwTbky as deleted
17:00:44.447 Marking branches uaASzJMwTbky_wZwqNYvHUiaj as deleted
17:00:44.447 Marking branches wZwqNYvHUiaj_h1AHstmxUlD0 as deleted
17:00:44.447 Deleting note 'h1AHstmxUlD0'
17:00:44.447 Marking notes h1AHstmxUlD0 as deleted
17:00:44.447 Marking branches wZwqNYvHUiaj_xc9jSxv7HsD9 as deleted
17:00:44.448 Deleting note 'xc9jSxv7HsD9'
17:00:44.448 Marking notes xc9jSxv7HsD9 as deleted
17:00:44.448 Deleting note 'wZwqNYvHUiaj'
17:00:44.448 Marking attributes hhL8Ua2DuX5w as deleted
17:00:44.448 Marking notes wZwqNYvHUiaj as deleted
17:00:44.448 Marking branches uaASzJMwTbky_AVXjeaQaUGrX as deleted
17:00:44.448 Deleting note 'AVXjeaQaUGrX'
17:00:44.448 Marking attributes BAua1R57eLni as deleted
17:00:44.448 Marking notes AVXjeaQaUGrX as deleted
17:00:44.448 Marking branches uaASzJMwTbky_Fvd3zs9nVBwW as deleted
17:00:44.448 Marking branches Fvd3zs9nVBwW_wRopBAUTLg9V as deleted
17:00:44.448 Deleting note 'wRopBAUTLg9V'
17:00:44.449 Marking notes wRopBAUTLg9V as deleted
17:00:44.449 Deleting note 'Fvd3zs9nVBwW'
17:00:44.449 Marking attributes cfxb94BNBCWM as deleted
17:00:44.449 Marking notes Fvd3zs9nVBwW as deleted
17:00:44.449 Deleting note 'uaASzJMwTbky'
17:00:44.449 Marking attributes TSYZEGWoqcK7 as deleted
17:00:44.449 Marking attributes UcPgJmx61u4A as deleted
17:00:44.449 Marking notes uaASzJMwTbky as deleted
17:00:44.449 Deleting note 'dYHukj5T72ZT'
17:00:44.449 Marking attributes 1tL7uCXBweZT as deleted
17:00:44.449 Marking attributes H3EOEgBDGEqR as deleted
17:00:44.449 Marking notes dYHukj5T72ZT as deleted
17:00:44.450 Deleting note 'VvXAe3z3AGMK'
17:00:44.450 Marking attributes BQxgOAniDFEZ as deleted
17:00:44.450 Marking attributes yq6K2R8NeTP1 as deleted
17:00:44.450 Marking attributes 4RHA24Vpiv5u as deleted
17:00:44.450 Marking notes VvXAe3z3AGMK as deleted
17:00:44.450 Marking branches fQ2QCEn1yAyd_3EF9EfoUPsxP as deleted
17:00:44.450 Marking branches 3EF9EfoUPsxP_mj3VnTycPft3 as deleted
17:00:44.450 Marking branches mj3VnTycPft3_uYHaVAl7ifD8 as deleted
17:00:44.450 Deleting note 'uYHaVAl7ifD8'
17:00:44.450 Marking notes uYHaVAl7ifD8 as deleted
17:00:44.450 Deleting note 'mj3VnTycPft3'
17:00:44.451 Marking notes mj3VnTycPft3 as deleted
17:00:44.451 Marking branches 3EF9EfoUPsxP_EPf40LrSqEFe as deleted
17:00:44.451 Marking branches EPf40LrSqEFe_stzHfJ7pUEwb as deleted
17:00:44.451 Deleting note 'stzHfJ7pUEwb'
17:00:44.451 Marking notes stzHfJ7pUEwb as deleted
17:00:44.451 Marking branches EPf40LrSqEFe_GThCHIE78aBm as deleted
17:00:44.451 Marking branches EPf40LrSqEFe_uVBDlEvXxMGS as deleted
17:00:44.451 Marking branches uVBDlEvXxMGS_ES1ejHVmDagB as deleted
17:00:44.451 Deleting note 'ES1ejHVmDagB'
17:00:44.451 Marking notes ES1ejHVmDagB as deleted
17:00:44.451 Deleting note 'uVBDlEvXxMGS'
17:00:44.452 Marking notes uVBDlEvXxMGS as deleted
17:00:44.452 Deleting note 'EPf40LrSqEFe'
17:00:44.452 Marking notes EPf40LrSqEFe as deleted
17:00:44.452 Marking branches 3EF9EfoUPsxP_j8aXUWRlpbXi as deleted
17:00:44.452 Marking branches j8aXUWRlpbXi_5pUo6BmYC9lx as deleted
17:00:44.452 Deleting note '5pUo6BmYC9lx'
17:00:44.452 Marking notes 5pUo6BmYC9lx as deleted
17:00:44.452 Marking branches j8aXUWRlpbXi_GThCHIE78aBm as deleted
17:00:44.452 Marking branches GThCHIE78aBm_nFDhw1RleaWX as deleted
17:00:44.452 Deleting note 'nFDhw1RleaWX'
17:00:44.452 Marking notes nFDhw1RleaWX as deleted
17:00:44.453 Marking branches GThCHIE78aBm_6TTwfV4hVO6i as deleted
17:00:44.453 Deleting note '6TTwfV4hVO6i'
17:00:44.453 Marking notes 6TTwfV4hVO6i as deleted
17:00:44.453 Deleting note 'GThCHIE78aBm'
17:00:44.453 Marking notes GThCHIE78aBm as deleted
17:00:44.453 Deleting note 'j8aXUWRlpbXi'
17:00:44.453 Marking notes j8aXUWRlpbXi as deleted
17:00:44.453 Marking branches 3EF9EfoUPsxP_YkILeH9uCWnm as deleted
17:00:44.453 Marking branches YkILeH9uCWnm_Vjmaa3Zz3CpK as deleted
17:00:44.453 Deleting note 'Vjmaa3Zz3CpK'
17:00:44.453 Marking notes Vjmaa3Zz3CpK as deleted
17:00:44.453 Marking branches YkILeH9uCWnm_mCkWphe3Q8Mh as deleted
17:00:44.454 Marking branches mCkWphe3Q8Mh_FHU5SiWVs7i4 as deleted
17:00:44.454 Deleting note 'FHU5SiWVs7i4'
17:00:44.454 Marking notes FHU5SiWVs7i4 as deleted
17:00:44.454 Marking branches mCkWphe3Q8Mh_KnlFy3Jagiia as deleted
17:00:44.454 Deleting note 'KnlFy3Jagiia'
17:00:44.454 Marking notes KnlFy3Jagiia as deleted
17:00:44.454 Marking branches mCkWphe3Q8Mh_tzHdRSGrgM1N as deleted
17:00:44.454 Deleting note 'tzHdRSGrgM1N'
17:00:44.454 Marking notes tzHdRSGrgM1N as deleted
17:00:44.454 Deleting note 'mCkWphe3Q8Mh'
17:00:44.454 Marking notes mCkWphe3Q8Mh as deleted
17:00:44.455 Marking branches YkILeH9uCWnm_4Fa9Cir3bLpj as deleted
17:00:44.455 Deleting note '4Fa9Cir3bLpj'
17:00:44.455 Marking notes 4Fa9Cir3bLpj as deleted
17:00:44.455 Deleting note 'YkILeH9uCWnm'
17:00:44.455 Marking notes YkILeH9uCWnm as deleted
17:00:44.455 Deleting note '3EF9EfoUPsxP'
17:00:44.455 Marking notes 3EF9EfoUPsxP as deleted
17:00:44.455 Marking branches fQ2QCEn1yAyd_WgvgktNHFMbQ as deleted
17:00:44.455 Deleting note 'WgvgktNHFMbQ'
17:00:44.455 Marking attachments KXqmKKLL6oMX as deleted
17:00:44.455 Marking notes WgvgktNHFMbQ as deleted
17:00:44.455 Marking branches fQ2QCEn1yAyd_3gvrFO8PhAOq as deleted
17:00:44.456 Marking branches 3gvrFO8PhAOq_IWvwCrl3eptY as deleted
17:00:44.456 Deleting note 'IWvwCrl3eptY'
17:00:44.456 Marking attachments Qrgq9cAFEtWI as deleted
17:00:44.456 Marking notes IWvwCrl3eptY as deleted
17:00:44.456 Marking branches 3gvrFO8PhAOq_lFsM3k1HWQyn as deleted
17:00:44.456 Deleting note 'lFsM3k1HWQyn'
17:00:44.456 Marking attachments L0PqtIcBiieO as deleted
17:00:44.456 Marking notes lFsM3k1HWQyn as deleted
17:00:44.456 Marking branches 3gvrFO8PhAOq_bsG4mfyChgb0 as deleted
17:00:44.456 Deleting note 'bsG4mfyChgb0'
17:00:44.456 Marking attachments Bayu3QZnqQYz as deleted
17:00:44.457 Marking notes bsG4mfyChgb0 as deleted
17:00:44.457 Marking branches 3gvrFO8PhAOq_QN2mOtz2xfkz as deleted
17:00:44.457 Deleting note 'QN2mOtz2xfkz'
17:00:44.457 Marking attachments KRm7likmWHqv as deleted
17:00:44.457 Marking notes QN2mOtz2xfkz as deleted
17:00:44.457 Marking branches 3gvrFO8PhAOq_rMWF7VBdpA66 as deleted
17:00:44.457 Deleting note 'rMWF7VBdpA66'
17:00:44.457 Marking attachments ZOIXxe5qjfo5 as deleted
17:00:44.457 Marking notes rMWF7VBdpA66 as deleted
17:00:44.457 Marking branches 3gvrFO8PhAOq_Twxwut3afrs0 as deleted
17:00:44.457 Deleting note 'Twxwut3afrs0'
17:00:44.458 Marking attachments qW3iQolCniDP as deleted
17:00:44.458 Marking notes Twxwut3afrs0 as deleted
17:00:44.458 Marking branches 3gvrFO8PhAOq_3coF7Qy83Xyk as deleted
17:00:44.458 Deleting note '3coF7Qy83Xyk'
17:00:44.458 Marking attachments TPeoKaHtYh3a as deleted
17:00:44.458 Marking notes 3coF7Qy83Xyk as deleted
17:00:44.458 Marking branches 3gvrFO8PhAOq_HTAwEIdIlCJu as deleted
17:00:44.458 Deleting note 'HTAwEIdIlCJu'
17:00:44.458 Marking attachments FDmmKvCFiKi1 as deleted
17:00:44.458 Marking notes HTAwEIdIlCJu as deleted
17:00:44.459 Marking branches 3gvrFO8PhAOq_XzEFAuuIjog9 as deleted
17:00:44.459 Deleting note 'XzEFAuuIjog9'
17:00:44.459 Marking attachments 4BN2KT9a5FRZ as deleted
17:00:44.459 Marking notes XzEFAuuIjog9 as deleted
17:00:44.459 Marking branches 3gvrFO8PhAOq_pPAgeMKxzw6I as deleted
17:00:44.459 Deleting note 'pPAgeMKxzw6I'
17:00:44.459 Marking attachments fbb8oluOovNt as deleted
17:00:44.459 Marking notes pPAgeMKxzw6I as deleted
17:00:44.459 Marking branches 3gvrFO8PhAOq_LbIa1vcHF0kb as deleted
17:00:44.460 Deleting note 'LbIa1vcHF0kb'
17:00:44.460 Marking attachments ZYaT6LdmjFNj as deleted
17:00:44.460 Marking notes LbIa1vcHF0kb as deleted
17:00:44.460 Marking branches 3gvrFO8PhAOq_1hYvqDFoBwmq as deleted
17:00:44.460 Deleting note '1hYvqDFoBwmq'
17:00:44.460 Marking attachments VxvI8xUAn90b as deleted
17:00:44.460 Marking notes 1hYvqDFoBwmq as deleted
17:00:44.460 Deleting note '3gvrFO8PhAOq'
17:00:44.460 Marking notes 3gvrFO8PhAOq as deleted
17:00:44.460 Marking branches fQ2QCEn1yAyd_6mCVHSEIrwAE as deleted
17:00:44.461 Marking branches 6mCVHSEIrwAE_zn2RL4zYWXZc as deleted
17:00:44.461 Deleting note 'zn2RL4zYWXZc'
17:00:44.461 Marking notes zn2RL4zYWXZc as deleted
17:00:44.461 Marking branches 6mCVHSEIrwAE_E51WFilI751o as deleted
17:00:44.461 Marking branches E51WFilI751o_P0GsfvNHEDGH as deleted
17:00:44.461 Deleting note 'P0GsfvNHEDGH'
17:00:44.461 Marking notes P0GsfvNHEDGH as deleted
17:00:44.461 Deleting note 'E51WFilI751o'
17:00:44.461 Marking attributes wu6cfVDnaFLP as deleted
17:00:44.461 Marking attributes IY5G877tvvCI as deleted
17:00:44.461 Marking attributes e5BSdHflMgF9 as deleted
17:00:44.462 Marking attributes WvyZ9CK5lQGN as deleted
17:00:44.462 Marking attributes 8vf4uQAPE3i2 as deleted
17:00:44.462 Marking attributes aHo6kaQghO1q as deleted
17:00:44.462 Marking attributes 54EH0EGdJKmX as deleted
17:00:44.462 Marking attributes zvPzqXN3hoed as deleted
17:00:44.462 Marking attributes psYxHILO6a2K as deleted
17:00:44.462 Marking notes E51WFilI751o as deleted
17:00:44.462 Marking branches 6mCVHSEIrwAE_td05lRBmY96e as deleted
17:00:44.462 Marking branches td05lRBmY96e_Cxwgj6gKe2JI as deleted
17:00:44.462 Marking branches Cxwgj6gKe2JI_BkBjSKfsxUXN as deleted
17:00:44.463 Deleting note 'BkBjSKfsxUXN'
17:00:44.463 Marking notes BkBjSKfsxUXN as deleted
17:00:44.463 Deleting note 'Cxwgj6gKe2JI'
17:00:44.463 Marking attributes Yj11imI9y76t as deleted
17:00:44.463 Marking attributes 7qvrdfAA8Lgr as deleted
17:00:44.463 Marking attributes h6UqZx3PKnTZ as deleted
17:00:44.463 Marking attributes z7Ys7TGGGULh as deleted
17:00:44.463 Marking notes Cxwgj6gKe2JI as deleted
17:00:44.463 Deleting note 'td05lRBmY96e'
17:00:44.463 Marking notes td05lRBmY96e as deleted
17:00:44.463 Deleting note '6mCVHSEIrwAE'
17:00:44.463 Marking attributes nY7Z3uhiLYSy as deleted
17:00:44.463 Marking attributes ERtu83R6VQYm as deleted
17:00:44.464 Marking notes 6mCVHSEIrwAE as deleted
17:00:44.464 Marking branches fQ2QCEn1yAyd_gRvumdsQw48F as deleted
17:00:44.464 Marking branches gRvumdsQw48F_M3C4X0jJ4UYQ as deleted
17:00:44.464 Deleting note 'M3C4X0jJ4UYQ'
17:00:44.464 Marking notes M3C4X0jJ4UYQ as deleted
17:00:44.464 Marking branches gRvumdsQw48F_A5xg25rHiWg9 as deleted
17:00:44.464 Deleting note 'A5xg25rHiWg9'
17:00:44.464 Marking notes A5xg25rHiWg9 as deleted
17:00:44.464 Marking branches gRvumdsQw48F_DZ3VIBDbMbCn as deleted
17:00:44.464 Deleting note 'DZ3VIBDbMbCn'
17:00:44.464 Marking notes DZ3VIBDbMbCn as deleted
17:00:44.465 Deleting note 'gRvumdsQw48F'
17:00:44.465 Marking notes gRvumdsQw48F as deleted
17:00:44.465 Marking branches fQ2QCEn1yAyd_hyxDy6WEVp5y as deleted
17:00:44.465 Marking branches hyxDy6WEVp5y_aeWB4pGf6G13 as deleted
17:00:44.465 Deleting note 'aeWB4pGf6G13'
17:00:44.465 Marking attributes 8aWJywV7ZAwO as deleted
17:00:44.465 Marking attributes gnwzhtvWMU5u as deleted
17:00:44.465 Marking attributes sadTNmRw4ImJ as deleted
17:00:44.465 Marking notes aeWB4pGf6G13 as deleted
17:00:44.465 Marking branches hyxDy6WEVp5y_vZQwu2ZzhMS0 as deleted
17:00:44.465 Deleting note 'vZQwu2ZzhMS0'
17:00:44.465 Marking attributes n5cynHL2x7G8 as deleted
17:00:44.466 Marking attributes 5aRUSQPyVmSZ as deleted
17:00:44.466 Marking attributes 8iOZogdLsnMq as deleted
17:00:44.466 Marking notes vZQwu2ZzhMS0 as deleted
17:00:44.466 Deleting note 'hyxDy6WEVp5y'
17:00:44.466 Marking attributes kf9ThNUvyEAT as deleted
17:00:44.466 Marking notes hyxDy6WEVp5y as deleted
17:00:44.466 Marking branches fQ2QCEn1yAyd_wNAo0NUodrnn as deleted
17:00:44.466 Marking branches wNAo0NUodrnn_T0PomcUOQQX0 as deleted
17:00:44.466 Deleting note 'T0PomcUOQQX0'
17:00:44.466 Marking attributes Z7gYoHYRPor9 as deleted
17:00:44.467 Marking notes T0PomcUOQQX0 as deleted
17:00:44.467 Marking branches wNAo0NUodrnn_Atonl1uEmKXU as deleted
17:00:44.467 Marking branches Atonl1uEmKXU_9AXNK5bZXXRj as deleted
17:00:44.467 Marking branches 9AXNK5bZXXRj_zZJKdCsKov2k as deleted
17:00:44.467 Marking branches zZJKdCsKov2k_aJ3A6wv71Jl4 as deleted
17:00:44.467 Deleting note 'zZJKdCsKov2k'
17:00:44.467 Marking notes zZJKdCsKov2k as deleted
17:00:44.467 Deleting note '9AXNK5bZXXRj'
17:00:44.467 Marking attributes y3A3GAAyTIka as deleted
17:00:44.467 Marking notes 9AXNK5bZXXRj as deleted
17:00:44.468 Deleting note 'Atonl1uEmKXU'
17:00:44.468 Marking attributes Nijhuc0BJUtA as deleted
17:00:44.468 Marking attributes 2sHhec9LeIsu as deleted
17:00:44.468 Marking attributes 8tePcaEU9tig as deleted
17:00:44.468 Marking notes Atonl1uEmKXU as deleted
17:00:44.468 Marking branches wNAo0NUodrnn_0Q5fX0GxdrBW as deleted
17:00:44.468 Marking branches 0Q5fX0GxdrBW_m6AHTEls9Fzz as deleted
17:00:44.468 Marking branches m6AHTEls9Fzz_SDmfpOiNk4AP as deleted
17:00:44.468 Marking branches SDmfpOiNk4AP_YnZUthVWkKIA as deleted
17:00:44.468 Marking branches YnZUthVWkKIA_VEIoo7bQ7nK6 as deleted
17:00:44.468 Marking branches YnZUthVWkKIA_mLcbj80cLdhP as deleted
17:00:44.469 Deleting note 'mLcbj80cLdhP'
17:00:44.469 Marking notes mLcbj80cLdhP as deleted
17:00:44.469 Deleting note 'YnZUthVWkKIA'
17:00:44.469 Marking notes YnZUthVWkKIA as deleted
17:00:44.469 Deleting note 'SDmfpOiNk4AP'
17:00:44.469 Marking attributes vxnCSpX1brF2 as deleted
17:00:44.469 Marking notes SDmfpOiNk4AP as deleted
17:00:44.469 Deleting note 'm6AHTEls9Fzz'
17:00:44.469 Marking notes m6AHTEls9Fzz as deleted
17:00:44.469 Marking branches 0Q5fX0GxdrBW_sn44P67tKPvp as deleted
17:00:44.469 Marking branches sn44P67tKPvp_CHjaDZXzCVnq as deleted
17:00:44.469 Marking branches CHjaDZXzCVnq_cOaNcldFxoEg as deleted
17:00:44.470 Deleting note 'cOaNcldFxoEg'
17:00:44.470 Marking notes cOaNcldFxoEg as deleted
17:00:44.470 Deleting note 'CHjaDZXzCVnq'
17:00:44.470 Marking attributes SFOZVYSLeKmb as deleted
17:00:44.470 Marking notes CHjaDZXzCVnq as deleted
17:00:44.470 Deleting note 'sn44P67tKPvp'
17:00:44.470 Marking notes sn44P67tKPvp as deleted
17:00:44.470 Marking branches 0Q5fX0GxdrBW_eq8bh6NDbqbo as deleted
17:00:44.470 Marking branches eq8bh6NDbqbo_iNZPUcELoACq as deleted
17:00:44.470 Marking branches iNZPUcELoACq_3utdAF0fZo96 as deleted
17:00:44.470 Deleting note '3utdAF0fZo96'
17:00:44.470 Marking notes 3utdAF0fZo96 as deleted
17:00:44.471 Deleting note 'iNZPUcELoACq'
17:00:44.471 Marking attributes Y1mkWSX3HEqL as deleted
17:00:44.471 Marking notes iNZPUcELoACq as deleted
17:00:44.471 Deleting note 'eq8bh6NDbqbo'
17:00:44.471 Marking notes eq8bh6NDbqbo as deleted
17:00:44.471 Marking branches 0Q5fX0GxdrBW_nYyobYNMgiF4 as deleted
17:00:44.471 Marking branches nYyobYNMgiF4_TbdyT8Z4kOFI as deleted
17:00:44.471 Marking branches TbdyT8Z4kOFI_yzea7Z5AE1s3 as deleted
17:00:44.471 Deleting note 'yzea7Z5AE1s3'
17:00:44.471 Marking notes yzea7Z5AE1s3 as deleted
17:00:44.471 Deleting note 'TbdyT8Z4kOFI'
17:00:44.471 Marking attributes 9EZnH0UQciIz as deleted
17:00:44.471 Marking notes TbdyT8Z4kOFI as deleted
17:00:44.472 Deleting note 'nYyobYNMgiF4'
17:00:44.472 Marking notes nYyobYNMgiF4 as deleted
17:00:44.472 Marking branches 0Q5fX0GxdrBW_MO5DqhCixwIS as deleted
17:00:44.472 Marking branches MO5DqhCixwIS_3Q6fZY0gKyiq as deleted
17:00:44.472 Marking branches 3Q6fZY0gKyiq_hkctyMbOlI4r as deleted
17:00:44.472 Marking branches hkctyMbOlI4r_tgL61FCNMPKi as deleted
17:00:44.472 Deleting note 'tgL61FCNMPKi'
17:00:44.472 Marking notes tgL61FCNMPKi as deleted
17:00:44.472 Marking branches hkctyMbOlI4r_VEIoo7bQ7nK6 as deleted
17:00:44.473 Marking branches VEIoo7bQ7nK6_YUVn2n4aZtIm as deleted
17:00:44.473 Marking branches YUVn2n4aZtIm_aJ3A6wv71Jl4 as deleted
17:00:44.473 Deleting note 'YUVn2n4aZtIm'
17:00:44.473 Marking attributes J0miGR1XA5H1 as deleted
17:00:44.473 Marking notes YUVn2n4aZtIm as deleted
17:00:44.473 Marking branches VEIoo7bQ7nK6_aJ3A6wv71Jl4 as deleted
17:00:44.473 Deleting note 'aJ3A6wv71Jl4'
17:00:44.473 Marking attributes 6xVPNlaoMjfM as deleted
17:00:44.473 Marking notes aJ3A6wv71Jl4 as deleted
17:00:44.473 Deleting note 'VEIoo7bQ7nK6'
17:00:44.473 Marking notes VEIoo7bQ7nK6 as deleted
17:00:44.474 Deleting note 'hkctyMbOlI4r'
17:00:44.474 Marking notes hkctyMbOlI4r as deleted
17:00:44.474 Deleting note '3Q6fZY0gKyiq'
17:00:44.474 Marking attributes cEPnogVdWHuT as deleted
17:00:44.474 Marking notes 3Q6fZY0gKyiq as deleted
17:00:44.474 Deleting note 'MO5DqhCixwIS'
17:00:44.474 Marking notes MO5DqhCixwIS as deleted
17:00:44.474 Marking branches 0Q5fX0GxdrBW_LwBWRU9rsuXj as deleted
17:00:44.474 Marking branches LwBWRU9rsuXj_PUldUdwdHwpm as deleted
17:00:44.474 Marking branches PUldUdwdHwpm_pHQReguEHo7l as deleted
17:00:44.475 Deleting note 'pHQReguEHo7l'
17:00:44.475 Marking notes pHQReguEHo7l as deleted
17:00:44.475 Deleting note 'PUldUdwdHwpm'
17:00:44.475 Marking attributes S86dSJKhsfMD as deleted
17:00:44.475 Marking notes PUldUdwdHwpm as deleted
17:00:44.475 Deleting note 'LwBWRU9rsuXj'
17:00:44.475 Marking notes LwBWRU9rsuXj as deleted
17:00:44.475 Deleting note '0Q5fX0GxdrBW'
17:00:44.475 Marking attributes DLmRK4LJ15KP as deleted
17:00:44.475 Marking notes 0Q5fX0GxdrBW as deleted
17:00:44.475 Marking branches wNAo0NUodrnn_UOE8OtmQhcGZ as deleted
17:00:44.476 Deleting note 'UOE8OtmQhcGZ'
17:00:44.476 Marking attributes 5v411TLPv2sZ as deleted
17:00:44.476 Marking notes UOE8OtmQhcGZ as deleted
17:00:44.476 Marking branches wNAo0NUodrnn_QHA3TFVexdSS as deleted
17:00:44.476 Marking branches QHA3TFVexdSS_jLdaMYXXFcJx as deleted
17:00:44.476 Marking branches jLdaMYXXFcJx_sKMrv8BeTYWY as deleted
17:00:44.476 Deleting note 'sKMrv8BeTYWY'
17:00:44.476 Marking attributes H6CJmfWIOdyW as deleted
17:00:44.476 Marking notes sKMrv8BeTYWY as deleted
17:00:44.476 Marking branches jLdaMYXXFcJx_ZfirMIWIhMfM as deleted
17:00:44.476 Marking branches ZfirMIWIhMfM_IVx6sWRRO53k as deleted
17:00:44.476 Deleting note 'ZfirMIWIhMfM'
17:00:44.477 Marking attributes Q3iJhySisc97 as deleted
17:00:44.477 Marking notes ZfirMIWIhMfM as deleted
17:00:44.477 Marking branches jLdaMYXXFcJx_WjkgvRjPVRXm as deleted
17:00:44.477 Marking branches WjkgvRjPVRXm_OyyCheHNxxis as deleted
17:00:44.477 Deleting note 'WjkgvRjPVRXm'
17:00:44.477 Marking attributes VZhnqUyBTwsJ as deleted
17:00:44.477 Marking notes WjkgvRjPVRXm as deleted
17:00:44.477 Marking branches jLdaMYXXFcJx_wJe91G1n8ymK as deleted
17:00:44.477 Marking branches wJe91G1n8ymK_xKz4TjGfRiti as deleted
17:00:44.477 Deleting note 'wJe91G1n8ymK'
17:00:44.477 Marking attributes z0oiUPWVbZ2l as deleted
17:00:44.478 Marking notes wJe91G1n8ymK as deleted
17:00:44.478 Deleting note 'jLdaMYXXFcJx'
17:00:44.478 Marking attributes sA4vye5RPYmX as deleted
17:00:44.478 Marking attributes 4SofTpYYvFPX as deleted
17:00:44.478 Marking notes jLdaMYXXFcJx as deleted
17:00:44.478 Marking branches QHA3TFVexdSS_ksr5ThwdtUXv as deleted
17:00:44.478 Marking branches ksr5ThwdtUXv_fTevgJElxzOr as deleted
17:00:44.478 Deleting note 'fTevgJElxzOr'
17:00:44.478 Marking attributes G1r8lwBohy2o as deleted
17:00:44.480 [Script Ej4mE1MCHe5h] Marking attributes cxcS4rMhNL1o as deleted
17:00:44.480 [Script Ej4mE1MCHe5h] Marking attributes VGDjP16aMKMw as deleted
17:00:44.480 [Script Ej4mE1MCHe5h] Marking attributes JHn1A1vnNJBo as deleted
17:00:44.480 [Script Ej4mE1MCHe5h] Marking attributes iMlQfaFpqChO as deleted
17:00:44.480 [Script Ej4mE1MCHe5h] Marking attributes NzSjhaDNTlvY as deleted
17:00:44.480 [Script Ej4mE1MCHe5h] Marking attributes OvX3LCAlHLMu as deleted
17:00:44.480 [Script Ej4mE1MCHe5h] Marking attributes BEF4LWV19O7B as deleted
17:00:44.480 [Script Ej4mE1MCHe5h] Marking attachments aI7KnFmQa0Uu as deleted
17:00:44.480 [Script Ej4mE1MCHe5h] Marking notes fTevgJElxzOr as deleted
17:00:44.480 [Script Ej4mE1MCHe5h] Marking branches ksr5ThwdtUXv_fua05g6vpb7s as deleted
17:00:44.481 [Script Ej4mE1MCHe5h] Deleting note 'fua05g6vpb7s'
17:00:44.481 [Script Ej4mE1MCHe5h] Marking attributes IVRplw7BWoUJ as deleted
17:00:44.481 [Script Ej4mE1MCHe5h] Marking attributes Xeu0okKhFdlw as deleted
17:00:44.481 [Script Ej4mE1MCHe5h] Marking attributes NntPrnMPXC4T as deleted
17:00:44.481 [Script Ej4mE1MCHe5h] Marking attributes BErYkdekWAhk as deleted
17:00:44.481 [Script Ej4mE1MCHe5h] Marking attributes 2827BJHDOWA6 as deleted
17:00:44.481 [Script Ej4mE1MCHe5h] Marking attributes WOPKZ7Ybzzvh as deleted
17:00:44.481 [Script Ej4mE1MCHe5h] Marking notes fua05g6vpb7s as deleted
17:00:44.482 [Script Ej4mE1MCHe5h] Marking branches ksr5ThwdtUXv_cKevy0Ss9uUF as deleted
17:00:44.482 [Script Ej4mE1MCHe5h] Deleting note 'cKevy0Ss9uUF'
17:00:44.482 [Script Ej4mE1MCHe5h] Marking attributes GcdajRAFyVGA as deleted
17:00:44.482 [Script Ej4mE1MCHe5h] Marking attributes SnQ0tuGKpJqL as deleted
17:00:44.482 [Script Ej4mE1MCHe5h] Marking attributes QqAhWJQ43Ryb as deleted
17:00:44.482 [Script Ej4mE1MCHe5h] Marking attributes DdXIUS0aoMtu as deleted
17:00:44.482 [Script Ej4mE1MCHe5h] Marking attributes iOaH1dFnbtE3 as deleted
17:00:44.482 [Script Ej4mE1MCHe5h] Marking attributes Kwk7sDpLWXap as deleted
17:00:44.482 [Script Ej4mE1MCHe5h] Marking notes cKevy0Ss9uUF as deleted
17:00:44.484 [Script Ej4mE1MCHe5h] Deleting note 'ksr5ThwdtUXv'
17:00:44.484 [Script Ej4mE1MCHe5h] Marking attributes 4iSnz7Aj029D as deleted
17:00:44.485 [Script Ej4mE1MCHe5h] Marking attributes miZo1xCebX04 as deleted
17:00:44.485 [Script Ej4mE1MCHe5h] Marking notes ksr5ThwdtUXv as deleted
17:00:44.485 [Script Ej4mE1MCHe5h] Marking branches QHA3TFVexdSS_KKIYzes2OOBy as deleted
17:00:44.485 [Script Ej4mE1MCHe5h] Marking branches KKIYzes2OOBy_IVx6sWRRO53k as deleted
17:00:44.485 [Script Ej4mE1MCHe5h] Deleting note 'IVx6sWRRO53k'
17:00:44.485 [Script Ej4mE1MCHe5h] Marking attributes FAvxoIOTtBtp as deleted
17:00:44.485 [Script Ej4mE1MCHe5h] Marking attributes 3sC1r0X9Rmx2 as deleted
17:00:44.485 [Script Ej4mE1MCHe5h] Marking attributes Ceamd6mzRHhF as deleted
17:00:44.486 [Script Ej4mE1MCHe5h] Marking attributes g94Jz59O0VEC as deleted
17:00:44.486 [Script Ej4mE1MCHe5h] Marking attributes x0P0RBNdXUhA as deleted
17:00:44.486 [Script Ej4mE1MCHe5h] Marking attributes lPh3spIj3C1R as deleted
17:00:44.486 [Script Ej4mE1MCHe5h] Marking notes IVx6sWRRO53k as deleted
17:00:44.486 [Script Ej4mE1MCHe5h] Marking branches KKIYzes2OOBy_OyyCheHNxxis as deleted
17:00:44.486 [Script Ej4mE1MCHe5h] Marking branches KKIYzes2OOBy_xKz4TjGfRiti as deleted
17:00:44.486 [Script Ej4mE1MCHe5h] Deleting note 'KKIYzes2OOBy'
17:00:44.486 [Script Ej4mE1MCHe5h] Marking attributes vVtt1dV6L76n as deleted
17:00:44.486 [Script Ej4mE1MCHe5h] Marking attributes 2TSOSu5Zs8Mx as deleted
17:00:44.486 [Script Ej4mE1MCHe5h] Marking attributes PV5flb2BbqBE as deleted
17:00:44.486 [Script Ej4mE1MCHe5h] Marking attributes 2BWMZgLdqXgR as deleted
17:00:44.486 [Script Ej4mE1MCHe5h] Marking attributes HZkK8lC1lOHb as deleted
17:00:44.487 [Script Ej4mE1MCHe5h] Marking attributes 3ZYpM6yuAdKP as deleted
17:00:44.487 [Script Ej4mE1MCHe5h] Marking notes KKIYzes2OOBy as deleted
17:00:44.487 [Script Ej4mE1MCHe5h] Marking branches QHA3TFVexdSS_fzb0RwBn2A2y as deleted
17:00:44.487 [Script Ej4mE1MCHe5h] Marking branches fzb0RwBn2A2y_Ej4mE1MCHe5h as deleted
17:00:44.487 [Script Ej4mE1MCHe5h] Marking branches Ej4mE1MCHe5h_tepbCEPqP1LN as deleted
17:00:44.487 [Script Ej4mE1MCHe5h] Deleting note 'tepbCEPqP1LN'
17:00:44.487 [Script Ej4mE1MCHe5h] Marking notes tepbCEPqP1LN as deleted
17:00:44.487 [Script Ej4mE1MCHe5h] Deleting note 'Ej4mE1MCHe5h'
17:00:44.487 [Script Ej4mE1MCHe5h] Marking attributes 9pz95osF6yCZ as deleted
17:00:44.487 [Script Ej4mE1MCHe5h] Marking notes Ej4mE1MCHe5h as deleted
17:00:44.487 [Script Ej4mE1MCHe5h] Marking branches fzb0RwBn2A2y_7DN1UmB8AZmx as deleted
17:00:44.487 [Script Ej4mE1MCHe5h] Deleting note '7DN1UmB8AZmx'
17:00:44.488 [Script Ej4mE1MCHe5h] Marking attributes 7XN8WAqa8W2c as deleted
17:00:44.488 [Script Ej4mE1MCHe5h] Marking notes 7DN1UmB8AZmx as deleted
17:00:44.488 [Script Ej4mE1MCHe5h] Marking branches fzb0RwBn2A2y_t41IFdgZFkTz as deleted
17:00:44.488 [Script Ej4mE1MCHe5h] Deleting note 't41IFdgZFkTz'
17:00:44.488 [Script Ej4mE1MCHe5h] Marking attributes hZk1rzXNQzKB as deleted
17:00:44.488 [Script Ej4mE1MCHe5h] Marking attributes ZGPBO9137H1D as deleted
17:00:44.488 [Script Ej4mE1MCHe5h] Marking attributes fFnLolOM9ZDz as deleted
17:00:44.488 [Script Ej4mE1MCHe5h] Marking attributes FjcsIyiu66OT as deleted
17:00:44.488 [Script Ej4mE1MCHe5h] Marking attributes VhO88ESvNNCV as deleted
17:00:44.488 [Script Ej4mE1MCHe5h] Marking attributes Xcrh08gIJqoe as deleted
17:00:44.488 [Script Ej4mE1MCHe5h] Marking attributes yTgQBNP6UERP as deleted
17:00:44.488 [Script Ej4mE1MCHe5h] Marking attributes csxFV51OKv38 as deleted
17:00:44.489 [Script Ej4mE1MCHe5h] Marking attributes KBqp7Mk9Zz4I as deleted
17:00:44.489 [Script Ej4mE1MCHe5h] Marking notes t41IFdgZFkTz as deleted
17:00:44.489 [Script Ej4mE1MCHe5h] Marking branches fzb0RwBn2A2y_MTH9jXnx8BxT as deleted
17:00:44.489 [Script Ej4mE1MCHe5h] Deleting note 'MTH9jXnx8BxT'
17:00:44.489 [Script Ej4mE1MCHe5h] Marking attributes BAoLXaMzcEW8 as deleted
17:00:44.489 [Script Ej4mE1MCHe5h] Marking notes MTH9jXnx8BxT as deleted
17:00:44.489 [Script Ej4mE1MCHe5h] Deleting note 'fzb0RwBn2A2y'
17:00:44.489 [Script Ej4mE1MCHe5h] Marking attributes mXuVkuJYGysJ as deleted
17:00:44.489 [Script Ej4mE1MCHe5h] Marking notes fzb0RwBn2A2y as deleted
17:00:44.489 [Script Ej4mE1MCHe5h] Marking branches QHA3TFVexdSS_zrflymWKUJVM as deleted
17:00:44.490 [Script Ej4mE1MCHe5h] Marking branches zrflymWKUJVM_lO40SOpg8mQQ as deleted
17:00:44.490 [Script Ej4mE1MCHe5h] Deleting note 'lO40SOpg8mQQ'
17:00:44.490 [Script Ej4mE1MCHe5h] Marking attributes JjVBFFKgVIOk as deleted
17:00:44.490 [Script Ej4mE1MCHe5h] Marking notes lO40SOpg8mQQ as deleted
17:00:44.490 [Script Ej4mE1MCHe5h] Marking branches zrflymWKUJVM_g6hDwjO5T0JC as deleted
17:00:44.490 [Script Ej4mE1MCHe5h] Marking branches g6hDwjO5T0JC_xKz4TjGfRiti as deleted
17:00:44.490 [Script Ej4mE1MCHe5h] Marking branches g6hDwjO5T0JC_OyyCheHNxxis as deleted
17:00:44.490 [Script Ej4mE1MCHe5h] Deleting note 'g6hDwjO5T0JC'
17:00:44.490 [Script Ej4mE1MCHe5h] Marking attributes gXrRvo6zPnsG as deleted
17:00:44.490 [Script Ej4mE1MCHe5h] Marking notes g6hDwjO5T0JC as deleted
17:00:44.490 [Script Ej4mE1MCHe5h] Marking branches zrflymWKUJVM_xx9H5BBK0DFe as deleted
17:00:44.490 [Script Ej4mE1MCHe5h] Marking branches xx9H5BBK0DFe_OyyCheHNxxis as deleted
17:00:44.491 [Script Ej4mE1MCHe5h] Deleting note 'OyyCheHNxxis'
17:00:44.491 [Script Ej4mE1MCHe5h] Marking attributes kwEbzc2W1sWx as deleted
17:00:44.491 [Script Ej4mE1MCHe5h] Marking attributes iKXvMyBvnhMO as deleted
17:00:44.491 [Script Ej4mE1MCHe5h] Marking attributes m3nEkObzgcci as deleted
17:00:44.491 [Script Ej4mE1MCHe5h] Marking attributes rpk3ZNRTfP3a as deleted
17:00:44.491 [Script Ej4mE1MCHe5h] Marking attributes TQfwcPZv1xrB as deleted
17:00:44.491 [Script Ej4mE1MCHe5h] Marking attributes RkqOQN83kf0G as deleted
17:00:44.491 [Script Ej4mE1MCHe5h] Marking attributes BUakh4cAWdVZ as deleted
17:00:44.491 [Script Ej4mE1MCHe5h] Marking notes OyyCheHNxxis as deleted
17:00:44.491 [Script Ej4mE1MCHe5h] Deleting note 'xx9H5BBK0DFe'
17:00:44.491 [Script Ej4mE1MCHe5h] Marking attributes 9tYz3p3DWSRV as deleted
17:00:44.491 [Script Ej4mE1MCHe5h] Marking notes xx9H5BBK0DFe as deleted
17:00:44.492 [Script Ej4mE1MCHe5h] Marking branches zrflymWKUJVM_MyyLMtVtXQWk as deleted
17:00:44.492 [Script Ej4mE1MCHe5h] Marking branches MyyLMtVtXQWk_xKz4TjGfRiti as deleted
17:00:44.492 [Script Ej4mE1MCHe5h] Marking branches xKz4TjGfRiti_TdAWe7KqiZd7 as deleted
17:00:44.492 [Script Ej4mE1MCHe5h] Deleting note 'TdAWe7KqiZd7'
17:00:44.492 [Script Ej4mE1MCHe5h] Marking notes TdAWe7KqiZd7 as deleted
17:00:44.492 [Script Ej4mE1MCHe5h] Deleting note 'xKz4TjGfRiti'
17:00:44.492 [Script Ej4mE1MCHe5h] Marking attributes ppwGqqFcrPM1 as deleted
17:00:44.492 [Script Ej4mE1MCHe5h] Marking attributes W6MbebvXlGqI as deleted
17:00:44.492 [Script Ej4mE1MCHe5h] Marking attributes 9n3X9uxbj2Em as deleted
17:00:44.492 [Script Ej4mE1MCHe5h] Marking attributes bmSNsll531GX as deleted
17:00:44.492 [Script Ej4mE1MCHe5h] Marking attributes v6uQ7HSypFvr as deleted
17:00:44.492 [Script Ej4mE1MCHe5h] Marking attributes GHAQasKwib8M as deleted
17:00:44.493 [Script Ej4mE1MCHe5h] Marking attributes rhe7fdTsnMdS as deleted
17:00:44.493 [Script Ej4mE1MCHe5h] Marking notes xKz4TjGfRiti as deleted
17:00:44.493 [Script Ej4mE1MCHe5h] Deleting note 'MyyLMtVtXQWk'
17:00:44.493 [Script Ej4mE1MCHe5h] Marking attributes grXbREKH1Taw as deleted
17:00:44.493 [Script Ej4mE1MCHe5h] Marking notes MyyLMtVtXQWk as deleted
17:00:44.493 [Script Ej4mE1MCHe5h] Deleting note 'zrflymWKUJVM'
17:00:44.493 [Script Ej4mE1MCHe5h] Marking attributes PWF7NcClTmGt as deleted
17:00:44.493 [Script Ej4mE1MCHe5h] Marking attributes PKughAKZf1eT as deleted
17:00:44.493 [Script Ej4mE1MCHe5h] Marking notes zrflymWKUJVM as deleted
17:00:44.494 [Script Ej4mE1MCHe5h] Marking branches QHA3TFVexdSS_xUzztQtUsTCt as deleted
17:00:44.494 [Script Ej4mE1MCHe5h] Deleting note 'xUzztQtUsTCt'
17:00:44.494 [Script Ej4mE1MCHe5h] Marking attributes hmTD73KK0Mef as deleted
17:00:44.494 [Script Ej4mE1MCHe5h] Marking attributes ysOZDqjbcw0L as deleted
17:00:44.494 [Script Ej4mE1MCHe5h] Marking attributes tzcUFygPzjF0 as deleted
17:00:44.494 [Script Ej4mE1MCHe5h] Marking notes xUzztQtUsTCt as deleted
17:00:44.494 [Script Ej4mE1MCHe5h] Deleting note 'QHA3TFVexdSS'
17:00:44.494 [Script Ej4mE1MCHe5h] Marking attributes YGm604cM6l5m as deleted
17:00:44.494 [Script Ej4mE1MCHe5h] Marking notes QHA3TFVexdSS as deleted
17:00:44.494 [Script Ej4mE1MCHe5h] Deleting note 'wNAo0NUodrnn'
17:00:44.494 [Script Ej4mE1MCHe5h] Marking attributes kdgfX7wR2kpD as deleted
17:00:44.494 [Script Ej4mE1MCHe5h] Marking notes wNAo0NUodrnn as deleted
17:00:44.494 [Script Ej4mE1MCHe5h] Marking branches fQ2QCEn1yAyd_dVTUgcHzZYiq as deleted
17:00:44.495 [Script Ej4mE1MCHe5h] Deleting note 'dVTUgcHzZYiq'
17:00:44.495 [Script Ej4mE1MCHe5h] Marking notes dVTUgcHzZYiq as deleted
17:00:44.495 [Script Ej4mE1MCHe5h] Deleting note 'fQ2QCEn1yAyd'
17:00:44.495 [Script Ej4mE1MCHe5h] Marking attachments 2vGsDOECfpjn as deleted
17:00:44.495 [Script Ej4mE1MCHe5h] Marking notes fQ2QCEn1yAyd as deleted
17:00:44.495 [Script Ej4mE1MCHe5h] Sending message to all clients: {"type":"taskSucceeded","taskId":"wTohc1jX0C","taskType":"deleteNotes","data":null}
17:00:44.504 Slow 200 DELETE /api/branches/root_fQ2QCEn1yAyd?taskId=wTohc1jX0C&eraseNotes=false&last=true with 20 bytes took 88ms
17:00:44.507 200 GET /api/notes/root/blob with 155 bytes took 1ms
17:00:44.507 200 GET /api/note-map/root/backlink-count with 11 bytes took 0ms
17:00:44.508 204 PUT /api/options with 0 bytes took 1ms
17:00:44.510 200 POST /api/tree/load with 42 bytes took 0ms
17:00:44.628 200 GET /api/notes/XWiojJtBlmel/blob with 155 bytes took 0ms
17:00:44.630 200 GET /api/notes/Yu8QnABxIjTK/blob with 268 bytes took 0ms
17:00:44.634 200 GET /api/notes/cTf99oLEiSZl/blob with 380 bytes took 0ms
17:00:44.636 200 GET /api/notes/Y5qtPsxzmJLD/blob with 155 bytes took 0ms
17:00:45.445 204 PUT /api/options with 0 bytes took 0ms
17:00:46.514 200 GET /api/notes/2sSDyJub7XOY/blob with 967 bytes took 0ms
17:00:46.515 200 GET /api/note-map/2sSDyJub7XOY/backlink-count with 11 bytes took 0ms
17:00:46.518 204 PUT /api/options with 0 bytes took 1ms
17:00:49.022 204 PUT /api/notes/2sSDyJub7XOY/data with 0 bytes took 4ms
17:00:49.025 200 GET /api/notes/2sSDyJub7XOY/blob with 980 bytes took 0ms
17:00:50.023 204 PUT /api/notes/2sSDyJub7XOY/data with 0 bytes took 2ms
17:00:50.025 200 GET /api/notes/2sSDyJub7XOY/blob with 988 bytes took 0ms
17:00:51.027 204 PUT /api/notes/2sSDyJub7XOY/data with 0 bytes took 1ms
17:00:51.030 200 GET /api/notes/2sSDyJub7XOY/blob with 990 bytes took 1ms
17:00:52.029 204 PUT /api/notes/2sSDyJub7XOY/data with 0 bytes took 1ms
17:00:52.032 200 GET /api/notes/2sSDyJub7XOY/blob with 990 bytes took 0ms
17:00:53.033 204 PUT /api/notes/2sSDyJub7XOY/data with 0 bytes took 1ms
17:00:53.036 200 GET /api/notes/2sSDyJub7XOY/blob with 996 bytes took 1ms
17:00:54.037 204 PUT /api/notes/2sSDyJub7XOY/data with 0 bytes took 1ms
17:00:54.040 200 GET /api/notes/2sSDyJub7XOY/blob with 1006 bytes took 1ms
17:00:55.040 204 PUT /api/notes/2sSDyJub7XOY/data with 0 bytes took 1ms
17:00:55.043 200 GET /api/notes/2sSDyJub7XOY/blob with 1014 bytes took 1ms
17:00:56.046 204 PUT /api/notes/2sSDyJub7XOY/data with 0 bytes took 1ms
17:00:56.049 200 GET /api/notes/2sSDyJub7XOY/blob with 1016 bytes took 0ms
17:00:57.059 Slow 204 PUT /api/notes/2sSDyJub7XOY/data with 0 bytes took 11ms
17:00:57.061 200 GET /api/notes/2sSDyJub7XOY/blob with 1021 bytes took 0ms
17:00:58.057 204 PUT /api/notes/2sSDyJub7XOY/data with 0 bytes took 4ms
17:00:58.059 200 GET /api/notes/2sSDyJub7XOY/blob with 1027 bytes took 0ms
17:00:59.059 204 PUT /api/notes/2sSDyJub7XOY/data with 0 bytes took 1ms
17:00:59.061 200 GET /api/notes/2sSDyJub7XOY/blob with 1033 bytes took 0ms
17:01:00.063 204 PUT /api/notes/2sSDyJub7XOY/data with 0 bytes took 1ms
17:01:00.066 200 GET /api/notes/2sSDyJub7XOY/blob with 1042 bytes took 1ms
17:01:07.860 204 PUT /api/notes/2sSDyJub7XOY/data with 0 bytes took 1ms
17:01:07.863 200 GET /api/notes/2sSDyJub7XOY/blob with 1035 bytes took 0ms
17:01:08.864 204 PUT /api/notes/2sSDyJub7XOY/data with 0 bytes took 2ms
17:01:08.866 200 GET /api/notes/2sSDyJub7XOY/blob with 1030 bytes took 0ms
17:01:09.867 204 PUT /api/notes/2sSDyJub7XOY/data with 0 bytes took 2ms
17:01:09.869 200 GET /api/notes/2sSDyJub7XOY/blob with 1028 bytes took 0ms
17:01:10.872 204 PUT /api/notes/2sSDyJub7XOY/data with 0 bytes took 1ms
17:01:10.875 200 GET /api/notes/2sSDyJub7XOY/blob with 1028 bytes took 1ms
17:01:13.965 204 PUT /api/notes/2sSDyJub7XOY/data with 0 bytes took 2ms
17:01:13.967 200 GET /api/notes/2sSDyJub7XOY/blob with 1024 bytes took 0ms
17:01:14.969 204 PUT /api/notes/2sSDyJub7XOY/data with 0 bytes took 1ms
17:01:14.972 200 GET /api/notes/2sSDyJub7XOY/blob with 1032 bytes took 0ms
17:01:15.973 204 PUT /api/notes/2sSDyJub7XOY/data with 0 bytes took 2ms
17:01:15.975 200 GET /api/notes/2sSDyJub7XOY/blob with 1045 bytes took 0ms
17:01:16.976 204 PUT /api/notes/2sSDyJub7XOY/data with 0 bytes took 2ms
17:01:16.979 200 GET /api/notes/2sSDyJub7XOY/blob with 1044 bytes took 1ms
17:01:17.980 204 PUT /api/notes/2sSDyJub7XOY/data with 0 bytes took 1ms
17:01:17.983 200 GET /api/notes/2sSDyJub7XOY/blob with 1051 bytes took 1ms
17:01:18.985 204 PUT /api/notes/2sSDyJub7XOY/data with 0 bytes took 3ms
17:01:18.987 200 GET /api/notes/2sSDyJub7XOY/blob with 1047 bytes took 0ms
17:01:19.988 204 PUT /api/notes/2sSDyJub7XOY/data with 0 bytes took 1ms
17:01:19.990 200 GET /api/notes/2sSDyJub7XOY/blob with 1044 bytes took 0ms
17:01:20.990 204 PUT /api/notes/2sSDyJub7XOY/data with 0 bytes took 1ms
17:01:20.992 200 GET /api/notes/2sSDyJub7XOY/blob with 1047 bytes took 0ms
17:01:22.002 204 PUT /api/notes/2sSDyJub7XOY/data with 0 bytes took 2ms
17:01:22.004 200 GET /api/notes/2sSDyJub7XOY/blob with 1052 bytes took 0ms
17:01:23.006 204 PUT /api/notes/2sSDyJub7XOY/data with 0 bytes took 1ms
17:01:23.008 200 GET /api/notes/2sSDyJub7XOY/blob with 1065 bytes took 0ms
17:01:24.011 204 PUT /api/notes/2sSDyJub7XOY/data with 0 bytes took 3ms
17:01:24.013 200 GET /api/notes/2sSDyJub7XOY/blob with 1066 bytes took 0ms
17:01:25.012 204 PUT /api/notes/2sSDyJub7XOY/data with 0 bytes took 1ms
17:01:25.015 200 GET /api/notes/2sSDyJub7XOY/blob with 1066 bytes took 1ms
17:01:26.014 204 PUT /api/notes/2sSDyJub7XOY/data with 0 bytes took 1ms
17:01:26.016 200 GET /api/notes/2sSDyJub7XOY/blob with 1072 bytes took 0ms
17:01:27.016 204 PUT /api/notes/2sSDyJub7XOY/data with 0 bytes took 2ms
17:01:27.018 200 GET /api/notes/2sSDyJub7XOY/blob with 1080 bytes took 0ms
17:01:28.020 204 PUT /api/notes/2sSDyJub7XOY/data with 0 bytes took 1ms
17:01:28.022 200 GET /api/notes/2sSDyJub7XOY/blob with 1086 bytes took 0ms
17:01:29.025 204 PUT /api/notes/2sSDyJub7XOY/data with 0 bytes took 2ms
17:01:29.027 200 GET /api/notes/2sSDyJub7XOY/blob with 1090 bytes took 0ms
17:01:30.030 204 PUT /api/notes/2sSDyJub7XOY/data with 0 bytes took 2ms
17:01:30.033 200 GET /api/notes/2sSDyJub7XOY/blob with 1089 bytes took 0ms
17:01:31.032 204 PUT /api/notes/2sSDyJub7XOY/data with 0 bytes took 1ms
17:01:31.034 200 GET /api/notes/2sSDyJub7XOY/blob with 1093 bytes took 0ms
17:01:34.175 204 PUT /api/notes/2sSDyJub7XOY/data with 0 bytes took 3ms
17:01:34.177 200 GET /api/notes/2sSDyJub7XOY/blob with 1089 bytes took 0ms
17:01:35.180 204 PUT /api/notes/2sSDyJub7XOY/data with 0 bytes took 2ms
17:01:35.182 200 GET /api/notes/2sSDyJub7XOY/blob with 1097 bytes took 0ms
17:01:36.184 204 PUT /api/notes/2sSDyJub7XOY/data with 0 bytes took 1ms
17:01:36.187 200 GET /api/notes/2sSDyJub7XOY/blob with 1110 bytes took 1ms
17:01:37.188 204 PUT /api/notes/2sSDyJub7XOY/data with 0 bytes took 1ms
17:01:37.190 200 GET /api/notes/2sSDyJub7XOY/blob with 1110 bytes took 0ms
17:01:38.191 204 PUT /api/notes/2sSDyJub7XOY/data with 0 bytes took 2ms
17:01:38.193 200 GET /api/notes/2sSDyJub7XOY/blob with 1118 bytes took 0ms
17:01:41.014 204 PUT /api/notes/2sSDyJub7XOY/data with 0 bytes took 1ms
17:01:41.019 200 GET /api/notes/2sSDyJub7XOY/blob with 1112 bytes took 0ms
17:01:42.018 204 PUT /api/notes/2sSDyJub7XOY/data with 0 bytes took 2ms
17:01:42.020 200 GET /api/notes/2sSDyJub7XOY/blob with 1107 bytes took 0ms
17:01:43.021 204 PUT /api/notes/2sSDyJub7XOY/data with 0 bytes took 2ms
17:01:43.023 200 GET /api/notes/2sSDyJub7XOY/blob with 1110 bytes took 0ms
17:01:44.021 204 PUT /api/notes/2sSDyJub7XOY/data with 0 bytes took 1ms
17:01:45.027 204 PUT /api/notes/2sSDyJub7XOY/data with 0 bytes took 3ms
17:01:45.029 200 GET /api/notes/2sSDyJub7XOY/blob with 1110 bytes took 0ms
17:01:46.031 204 PUT /api/notes/2sSDyJub7XOY/data with 0 bytes took 2ms
17:01:46.033 200 GET /api/notes/2sSDyJub7XOY/blob with 1118 bytes took 0ms
17:01:47.037 204 PUT /api/notes/2sSDyJub7XOY/data with 0 bytes took 1ms
17:01:47.039 200 GET /api/notes/2sSDyJub7XOY/blob with 1124 bytes took 0ms
17:01:48.040 204 PUT /api/notes/2sSDyJub7XOY/data with 0 bytes took 1ms
17:01:48.042 200 GET /api/notes/2sSDyJub7XOY/blob with 1128 bytes took 0ms
17:01:49.042 204 PUT /api/notes/2sSDyJub7XOY/data with 0 bytes took 1ms
17:01:49.045 200 GET /api/notes/2sSDyJub7XOY/blob with 1131 bytes took 0ms
17:01:50.045 204 PUT /api/notes/2sSDyJub7XOY/data with 0 bytes took 1ms
17:01:50.048 200 GET /api/notes/2sSDyJub7XOY/blob with 1135 bytes took 1ms
17:01:51.049 204 PUT /api/notes/2sSDyJub7XOY/data with 0 bytes took 3ms
17:01:51.051 200 GET /api/notes/2sSDyJub7XOY/blob with 1138 bytes took 0ms
17:01:52.053 204 PUT /api/notes/2sSDyJub7XOY/data with 0 bytes took 1ms
17:01:52.056 200 GET /api/notes/2sSDyJub7XOY/blob with 1136 bytes took 1ms
17:01:53.055 204 PUT /api/notes/2sSDyJub7XOY/data with 0 bytes took 1ms
17:01:53.057 200 GET /api/notes/2sSDyJub7XOY/blob with 1149 bytes took 0ms
17:01:54.058 204 PUT /api/notes/2sSDyJub7XOY/data with 0 bytes took 2ms
17:01:54.060 200 GET /api/notes/2sSDyJub7XOY/blob with 1152 bytes took 0ms
17:01:55.062 204 PUT /api/notes/2sSDyJub7XOY/data with 0 bytes took 1ms
17:01:55.065 200 GET /api/notes/2sSDyJub7XOY/blob with 1153 bytes took 0ms
17:01:56.066 204 PUT /api/notes/2sSDyJub7XOY/data with 0 bytes took 2ms
17:01:56.068 200 GET /api/notes/2sSDyJub7XOY/blob with 1154 bytes took 0ms
17:01:58.024 204 PUT /api/notes/2sSDyJub7XOY/data with 0 bytes took 2ms
17:01:58.026 200 GET /api/notes/2sSDyJub7XOY/blob with 1153 bytes took 0ms
17:01:59.027 204 PUT /api/notes/2sSDyJub7XOY/data with 0 bytes took 2ms
17:01:59.029 200 GET /api/notes/2sSDyJub7XOY/blob with 1145 bytes took 0ms
17:02:00.344 204 PUT /api/notes/2sSDyJub7XOY/data with 0 bytes took 2ms
17:02:00.346 200 GET /api/notes/2sSDyJub7XOY/blob with 1149 bytes took 0ms
17:02:01.346 204 PUT /api/notes/2sSDyJub7XOY/data with 0 bytes took 2ms
17:02:01.348 200 GET /api/notes/2sSDyJub7XOY/blob with 1148 bytes took 0ms
17:02:02.350 204 PUT /api/notes/2sSDyJub7XOY/data with 0 bytes took 2ms
17:02:02.352 200 GET /api/notes/2sSDyJub7XOY/blob with 1149 bytes took 0ms
17:02:03.360 Slow 204 PUT /api/notes/2sSDyJub7XOY/data with 0 bytes took 10ms
17:02:03.362 200 GET /api/notes/2sSDyJub7XOY/blob with 1159 bytes took 0ms
17:02:06.216 204 PUT /api/notes/2sSDyJub7XOY/data with 0 bytes took 4ms
17:02:06.218 200 GET /api/notes/2sSDyJub7XOY/blob with 1155 bytes took 0ms
17:02:07.215 204 PUT /api/notes/2sSDyJub7XOY/data with 0 bytes took 1ms
17:02:07.218 200 GET /api/notes/2sSDyJub7XOY/blob with 1156 bytes took 1ms
17:02:08.221 204 PUT /api/notes/2sSDyJub7XOY/data with 0 bytes took 2ms
17:02:08.223 200 GET /api/notes/2sSDyJub7XOY/blob with 1155 bytes took 0ms
17:02:09.226 204 PUT /api/notes/2sSDyJub7XOY/data with 0 bytes took 1ms
17:02:09.228 200 GET /api/notes/2sSDyJub7XOY/blob with 1163 bytes took 0ms
17:02:10.229 204 PUT /api/notes/2sSDyJub7XOY/data with 0 bytes took 1ms
17:02:10.232 200 GET /api/notes/2sSDyJub7XOY/blob with 1164 bytes took 1ms
17:12:11.266 204 PUT /api/branches/root_Y5qtPsxzmJLD/expanded/0 with 0 bytes took 1ms
